# Blender 5.0.0
# www.blender.org
mtllib bat_metal.mtl
o bat_metal
v -0.000000 0.470196 0.019120
v -0.000000 0.430236 0.017189
v 0.007317 0.470196 0.017664
v 0.006578 0.430236 0.015881
v 0.013520 0.470196 0.013520
v 0.012155 0.430236 0.012155
v 0.017664 0.470196 0.007317
v 0.015881 0.430236 0.006578
v 0.019120 0.470196 -0.000000
v 0.017189 0.430236 0.000000
v 0.017664 0.470196 -0.007317
v 0.015881 0.430236 -0.006578
v 0.013520 0.470196 -0.013520
v 0.012155 0.430236 -0.012155
v 0.007317 0.470196 -0.017664
v 0.006578 0.430236 -0.015881
v -0.000000 0.470196 -0.019120
v -0.000000 0.430236 -0.017189
v -0.007317 0.470196 -0.017664
v -0.006578 0.430236 -0.015881
v -0.013520 0.470196 -0.013520
v -0.012155 0.430236 -0.012155
v -0.017664 0.470196 -0.007317
v -0.015881 0.430236 -0.006578
v -0.019120 0.470196 -0.000000
v -0.017189 0.430236 0.000000
v -0.017664 0.470196 0.007317
v -0.015881 0.430236 0.006578
v -0.013520 0.470196 0.013520
v -0.012155 0.430236 0.012155
v -0.007317 0.470196 0.017664
v -0.006578 0.430236 0.015881
v -0.000000 0.296638 0.014868
v 0.005690 0.296638 0.013736
v 0.010513 0.296638 0.010513
v 0.013736 0.296638 0.005690
v 0.014868 0.296638 0.000000
v 0.013736 0.296638 -0.005690
v 0.010513 0.296638 -0.010513
v 0.005690 0.296638 -0.013736
v -0.000000 0.296638 -0.014868
v -0.005690 0.296638 -0.013736
v -0.010513 0.296638 -0.010513
v -0.013736 0.296638 -0.005690
v -0.014868 0.296638 0.000000
v -0.013736 0.296638 0.005690
v -0.010513 0.296638 0.010513
v -0.005690 0.296638 0.013736
v -0.000000 0.243843 0.013316
v 0.005096 0.243843 0.012303
v 0.009416 0.243843 0.009416
v 0.012303 0.243843 0.005096
v 0.013316 0.243843 0.000000
v 0.012303 0.243843 -0.005096
v 0.009416 0.243843 -0.009416
v 0.005096 0.243843 -0.012303
v -0.000000 0.243843 -0.013316
v -0.005096 0.243843 -0.012303
v -0.009416 0.243843 -0.009416
v -0.012303 0.243843 -0.005096
v -0.013316 0.243843 0.000000
v -0.012303 0.243843 0.005096
v -0.009416 0.243843 0.009416
v -0.005096 0.243843 0.012303
v 0.000000 0.108212 0.014414
v 0.005516 0.108212 0.013317
v 0.010193 0.108212 0.010193
v 0.013317 0.108212 0.005516
v 0.014414 0.108212 0.000000
v 0.013317 0.108212 -0.005516
v 0.010193 0.108212 -0.010193
v 0.005516 0.108212 -0.013317
v 0.000000 0.108212 -0.014414
v -0.005516 0.108212 -0.013317
v -0.010193 0.108212 -0.010193
v -0.013317 0.108212 -0.005516
v -0.014414 0.108212 0.000000
v -0.013317 0.108212 0.005516
v -0.010193 0.108212 0.010193
v -0.005516 0.108212 0.013317
v -0.005306 0.176028 -0.012810
v -0.009804 0.176028 -0.009804
v 0.009804 0.176028 0.009804
v 0.012810 0.176028 0.005306
v -0.012810 0.176028 -0.005306
v 0.013865 0.176028 0.000000
v -0.013865 0.176028 0.000000
v 0.012810 0.176028 -0.005306
v -0.012810 0.176028 0.005306
v 0.009804 0.176028 -0.009804
v -0.009804 0.176028 0.009804
v 0.005306 0.176028 -0.012810
v -0.005306 0.176028 0.012810
v 0.000000 0.176028 -0.013865
v 0.000000 0.176028 0.013865
v 0.005306 0.176028 0.012810
v 0.000000 0.603795 0.026950
v 0.010313 0.603795 0.024898
v 0.019056 0.603795 0.019056
v 0.024898 0.603795 0.010313
v 0.026950 0.603795 -0.000000
v 0.024898 0.603795 -0.010313
v 0.019056 0.603795 -0.019056
v 0.010313 0.603795 -0.024898
v 0.000000 0.603795 -0.026950
v -0.010313 0.603795 -0.024898
v -0.019056 0.603795 -0.019056
v -0.024898 0.603795 -0.010313
v -0.026950 0.603795 -0.000000
v -0.024898 0.603795 0.010313
v -0.019056 0.603795 0.019056
v -0.010313 0.603795 0.024898
v -0.000000 1.000017 0.004078
v 0.001560 1.000017 0.003767
v 0.002883 1.000017 0.002883
v 0.003767 1.000017 0.001560
v 0.004078 1.000017 -0.000000
v 0.003767 1.000017 -0.001561
v 0.002883 1.000017 -0.002883
v 0.001560 1.000017 -0.003767
v -0.000000 1.000017 -0.004078
v -0.001561 1.000017 -0.003767
v -0.002883 1.000017 -0.002883
v -0.003767 1.000017 -0.001561
v -0.004078 1.000017 -0.000000
v -0.003767 1.000017 0.001560
v -0.002883 1.000017 0.002883
v -0.001561 1.000017 0.003767
v -0.019768 0.994507 0.008188
v 0.015129 0.994507 -0.015130
v -0.015130 0.994507 0.015129
v 0.008188 0.994507 -0.019768
v -0.008188 0.994507 0.019768
v -0.000000 0.994507 -0.021396
v 0.008188 0.994507 0.019768
v -0.008188 0.994507 -0.019768
v 0.015129 0.994507 0.015129
v -0.015130 0.994507 -0.015130
v 0.019768 0.994507 0.008188
v -0.019768 0.994507 -0.008188
v 0.021396 0.994507 -0.000000
v -0.021396 0.994507 -0.000000
v 0.019768 0.994507 -0.008188
v -0.000000 0.994507 0.021396
v -0.000000 0.805546 0.035000
v -0.000000 0.760886 0.033999
v -0.000000 0.797550 0.034951
v -0.000000 0.788152 0.034809
v -0.000000 0.778272 0.034587
v -0.000000 0.768877 0.034308
v 0.013011 0.760886 0.031411
v 0.013394 0.805546 0.032336
v 0.013129 0.768877 0.031696
v 0.013236 0.778272 0.031954
v 0.013321 0.788152 0.032159
v 0.013375 0.797550 0.032290
v 0.024041 0.760886 0.024041
v 0.024749 0.805546 0.024749
v 0.024259 0.768877 0.024259
v 0.024457 0.778272 0.024457
v 0.024613 0.788152 0.024613
v 0.024714 0.797550 0.024714
v 0.031410 0.760886 0.013011
v 0.032336 0.805546 0.013394
v 0.031696 0.768877 0.013129
v 0.031954 0.778272 0.013236
v 0.032159 0.788152 0.013321
v 0.032290 0.797550 0.013375
v 0.033998 0.760886 -0.000000
v 0.035000 0.805546 -0.000000
v 0.034308 0.768877 -0.000000
v 0.034587 0.778272 -0.000000
v 0.034809 0.788152 -0.000000
v 0.034951 0.797550 -0.000000
v 0.031410 0.760886 -0.013011
v 0.032336 0.805546 -0.013394
v 0.031696 0.768877 -0.013129
v 0.031954 0.778272 -0.013236
v 0.032159 0.788152 -0.013321
v 0.032290 0.797550 -0.013375
v 0.024041 0.760886 -0.024041
v 0.024749 0.805546 -0.024749
v 0.024259 0.768877 -0.024259
v 0.024457 0.778272 -0.024457
v 0.024613 0.788152 -0.024614
v 0.024714 0.797550 -0.024714
v 0.013011 0.760886 -0.031411
v 0.013394 0.805546 -0.032336
v 0.013129 0.768877 -0.031696
v 0.013236 0.778272 -0.031954
v 0.013321 0.788152 -0.032159
v 0.013375 0.797550 -0.032291
v -0.000000 0.760886 -0.033999
v -0.000000 0.805546 -0.035000
v -0.000000 0.768877 -0.034308
v -0.000000 0.778272 -0.034587
v -0.000000 0.788152 -0.034809
v -0.000000 0.797550 -0.034951
v -0.013011 0.760886 -0.031411
v -0.013394 0.805546 -0.032336
v -0.013129 0.768877 -0.031696
v -0.013236 0.778272 -0.031954
v -0.013321 0.788152 -0.032159
v -0.013375 0.797550 -0.032291
v -0.024041 0.760886 -0.024041
v -0.024749 0.805546 -0.024749
v -0.024259 0.768877 -0.024259
v -0.024457 0.778272 -0.024457
v -0.024614 0.788152 -0.024614
v -0.024714 0.797550 -0.024714
v -0.031411 0.760886 -0.013011
v -0.032336 0.805546 -0.013394
v -0.031697 0.768877 -0.013129
v -0.031954 0.778272 -0.013236
v -0.032159 0.788152 -0.013321
v -0.032291 0.797550 -0.013375
v -0.033999 0.760886 -0.000000
v -0.035000 0.805546 -0.000000
v -0.034308 0.768877 -0.000000
v -0.034587 0.778272 -0.000000
v -0.034809 0.788152 -0.000000
v -0.034951 0.797550 -0.000000
v -0.031411 0.760886 0.013011
v -0.032336 0.805546 0.013394
v -0.031697 0.768877 0.013129
v -0.031954 0.778272 0.013236
v -0.032159 0.788152 0.013321
v -0.032291 0.797550 0.013375
v -0.024041 0.760886 0.024041
v -0.024749 0.805546 0.024749
v -0.024259 0.768877 0.024259
v -0.024457 0.778272 0.024457
v -0.024614 0.788152 0.024613
v -0.024714 0.797550 0.024714
v -0.013011 0.760886 0.031411
v -0.013394 0.805546 0.032336
v -0.013129 0.768877 0.031696
v -0.013236 0.778272 0.031954
v -0.013321 0.788152 0.032159
v -0.013375 0.797550 0.032290
v 0.000000 0.016981 0.024411
v 0.000000 0.014983 0.026425
v 0.000000 0.016884 0.025033
v 0.000000 0.016600 0.025595
v 0.000000 0.016158 0.026040
v 0.000000 0.015601 0.026327
v 0.010113 0.014983 0.024414
v 0.009342 0.016981 0.022553
v 0.010075 0.015601 0.024323
v 0.009965 0.016158 0.024058
v 0.009795 0.016600 0.023646
v 0.009580 0.016884 0.023128
v 0.018685 0.014983 0.018685
v 0.017261 0.016981 0.017261
v 0.018616 0.015601 0.018616
v 0.018413 0.016158 0.018413
v 0.018098 0.016600 0.018098
v 0.017701 0.016884 0.017701
v 0.024414 0.014983 0.010112
v 0.022553 0.016981 0.009342
v 0.024323 0.015601 0.010075
v 0.024058 0.016158 0.009965
v 0.023646 0.016600 0.009795
v 0.023128 0.016884 0.009580
v 0.026425 0.014983 0.000000
v 0.024411 0.016981 0.000000
v 0.026327 0.015601 0.000000
v 0.026040 0.016158 0.000000
v 0.025595 0.016600 0.000000
v 0.025033 0.016884 0.000000
v 0.024414 0.014983 -0.010112
v 0.022553 0.016981 -0.009342
v 0.024323 0.015601 -0.010075
v 0.024058 0.016158 -0.009965
v 0.023646 0.016600 -0.009795
v 0.023128 0.016884 -0.009580
v 0.018685 0.014983 -0.018685
v 0.017261 0.016981 -0.017261
v 0.018616 0.015601 -0.018616
v 0.018413 0.016158 -0.018413
v 0.018098 0.016600 -0.018098
v 0.017701 0.016884 -0.017701
v 0.010113 0.014983 -0.024414
v 0.009342 0.016981 -0.022552
v 0.010075 0.015601 -0.024322
v 0.009965 0.016158 -0.024058
v 0.009795 0.016600 -0.023646
v 0.009580 0.016884 -0.023128
v 0.000000 0.014983 -0.026425
v 0.000000 0.016981 -0.024411
v 0.000000 0.015601 -0.026326
v 0.000000 0.016158 -0.026040
v 0.000000 0.016600 -0.025595
v 0.000000 0.016884 -0.025033
v -0.010112 0.014983 -0.024414
v -0.009341 0.016981 -0.022552
v -0.010075 0.015601 -0.024322
v -0.009965 0.016158 -0.024058
v -0.009795 0.016600 -0.023646
v -0.009580 0.016884 -0.023128
v -0.018685 0.014983 -0.018685
v -0.017261 0.016981 -0.017261
v -0.018616 0.015601 -0.018616
v -0.018413 0.016158 -0.018413
v -0.018098 0.016600 -0.018098
v -0.017701 0.016884 -0.017701
v -0.024414 0.014983 -0.010112
v -0.022552 0.016981 -0.009342
v -0.024322 0.015601 -0.010075
v -0.024058 0.016158 -0.009965
v -0.023646 0.016600 -0.009795
v -0.023128 0.016884 -0.009580
v -0.026425 0.014983 0.000000
v -0.024411 0.016981 0.000000
v -0.026326 0.015601 0.000000
v -0.026040 0.016158 0.000000
v -0.025595 0.016600 0.000000
v -0.025033 0.016884 0.000000
v -0.024414 0.014983 0.010112
v -0.022552 0.016981 0.009342
v -0.024322 0.015601 0.010075
v -0.024058 0.016158 0.009965
v -0.023646 0.016600 0.009795
v -0.023128 0.016884 0.009580
v -0.018685 0.014983 0.018685
v -0.017261 0.016981 0.017261
v -0.018616 0.015601 0.018616
v -0.018413 0.016158 0.018413
v -0.018098 0.016600 0.018098
v -0.017701 0.016884 0.017701
v -0.010112 0.014983 0.024414
v -0.009341 0.016981 0.022553
v -0.010075 0.015601 0.024323
v -0.009965 0.016158 0.024058
v -0.009795 0.016600 0.023646
v -0.009580 0.016884 0.023128
v 0.000000 0.018975 0.020198
v 0.000000 0.016981 0.022341
v 0.000000 0.018359 0.020336
v 0.000000 0.017803 0.020658
v 0.000000 0.017362 0.021133
v 0.000000 0.017079 0.021713
v 0.008550 0.016981 0.020641
v 0.007729 0.018975 0.018660
v 0.008309 0.017079 0.020060
v 0.008087 0.017362 0.019524
v 0.007906 0.017803 0.019086
v 0.007782 0.018359 0.018788
v 0.015798 0.016981 0.015798
v 0.014282 0.018975 0.014282
v 0.015353 0.017079 0.015353
v 0.014943 0.017362 0.014943
v 0.014608 0.017803 0.014608
v 0.014380 0.018359 0.014380
v 0.020641 0.016981 0.008550
v 0.018660 0.018975 0.007729
v 0.020060 0.017079 0.008309
v 0.019524 0.017362 0.008087
v 0.019086 0.017803 0.007906
v 0.018788 0.018359 0.007782
v 0.022342 0.016981 0.000000
v 0.020198 0.018975 0.000000
v 0.021713 0.017079 0.000000
v 0.021133 0.017362 0.000000
v 0.020659 0.017803 0.000000
v 0.020336 0.018359 0.000000
v 0.020641 0.016981 -0.008550
v 0.018660 0.018975 -0.007729
v 0.020060 0.017079 -0.008309
v 0.019524 0.017362 -0.008087
v 0.019086 0.017803 -0.007906
v 0.018788 0.018359 -0.007782
v 0.015798 0.016981 -0.015798
v 0.014282 0.018975 -0.014282
v 0.015353 0.017079 -0.015353
v 0.014943 0.017362 -0.014943
v 0.014608 0.017803 -0.014608
v 0.014380 0.018359 -0.014380
v 0.008550 0.016981 -0.020641
v 0.007729 0.018975 -0.018660
v 0.008309 0.017079 -0.020060
v 0.008087 0.017362 -0.019524
v 0.007906 0.017803 -0.019086
v 0.007782 0.018359 -0.018788
v 0.000000 0.016981 -0.022341
v 0.000000 0.018975 -0.020198
v 0.000000 0.017079 -0.021713
v 0.000000 0.017362 -0.021133
v 0.000000 0.017803 -0.020658
v 0.000000 0.018359 -0.020336
v -0.008550 0.016981 -0.020641
v -0.007729 0.018975 -0.018660
v -0.008309 0.017079 -0.020060
v -0.008087 0.017362 -0.019524
v -0.007906 0.017803 -0.019086
v -0.007782 0.018359 -0.018788
v -0.015798 0.016981 -0.015798
v -0.014282 0.018975 -0.014282
v -0.015353 0.017079 -0.015353
v -0.014943 0.017362 -0.014943
v -0.014608 0.017803 -0.014608
v -0.014380 0.018359 -0.014380
v -0.020641 0.016981 -0.008550
v -0.018660 0.018975 -0.007729
v -0.020060 0.017079 -0.008309
v -0.019524 0.017362 -0.008087
v -0.019086 0.017803 -0.007906
v -0.018788 0.018359 -0.007782
v -0.022341 0.016981 0.000000
v -0.020198 0.018975 0.000000
v -0.021713 0.017079 0.000000
v -0.021133 0.017362 0.000000
v -0.020658 0.017803 0.000000
v -0.020336 0.018359 0.000000
v -0.020641 0.016981 0.008550
v -0.018660 0.018975 0.007729
v -0.020060 0.017079 0.008309
v -0.019524 0.017362 0.008087
v -0.019086 0.017803 0.007906
v -0.018788 0.018359 0.007782
v -0.015798 0.016981 0.015798
v -0.014282 0.018975 0.014282
v -0.015353 0.017079 0.015353
v -0.014943 0.017362 0.014943
v -0.014608 0.017803 0.014608
v -0.014380 0.018359 0.014380
v -0.008550 0.016981 0.020641
v -0.007729 0.018975 0.018660
v -0.008309 0.017079 0.020060
v -0.008087 0.017362 0.019524
v -0.007906 0.017803 0.019086
v -0.007782 0.018359 0.018788
v 0.000000 0.002014 0.026425
v 0.000000 0.000016 0.024411
v 0.000000 0.001397 0.026327
v 0.000000 0.000840 0.026040
v 0.000000 0.000398 0.025595
v 0.000000 0.000114 0.025033
v 0.009342 0.000016 0.022553
v 0.010113 0.002014 0.024414
v 0.009580 0.000114 0.023128
v 0.009795 0.000398 0.023646
v 0.009965 0.000840 0.024058
v 0.010075 0.001397 0.024323
v 0.017261 0.000016 0.017261
v 0.018685 0.002014 0.018685
v 0.017701 0.000114 0.017701
v 0.018098 0.000398 0.018098
v 0.018413 0.000840 0.018413
v 0.018616 0.001397 0.018616
v 0.022553 0.000016 0.009342
v 0.024414 0.002014 0.010112
v 0.023128 0.000114 0.009580
v 0.023646 0.000398 0.009795
v 0.024058 0.000840 0.009965
v 0.024323 0.001397 0.010075
v 0.024411 0.000016 0.000000
v 0.026425 0.002014 0.000000
v 0.025033 0.000114 0.000000
v 0.025595 0.000398 0.000000
v 0.026040 0.000840 0.000000
v 0.026327 0.001397 0.000000
v 0.022553 0.000016 -0.009342
v 0.024414 0.002014 -0.010112
v 0.023128 0.000114 -0.009580
v 0.023646 0.000398 -0.009795
v 0.024058 0.000840 -0.009965
v 0.024323 0.001397 -0.010075
v 0.017261 0.000016 -0.017261
v 0.018685 0.002014 -0.018685
v 0.017701 0.000114 -0.017701
v 0.018098 0.000398 -0.018098
v 0.018413 0.000840 -0.018413
v 0.018616 0.001397 -0.018616
v 0.009342 0.000016 -0.022552
v 0.010113 0.002014 -0.024414
v 0.009580 0.000114 -0.023128
v 0.009795 0.000398 -0.023646
v 0.009965 0.000840 -0.024058
v 0.010075 0.001397 -0.024322
v 0.000000 0.000016 -0.024411
v 0.000000 0.002014 -0.026425
v 0.000000 0.000114 -0.025033
v 0.000000 0.000398 -0.025595
v 0.000000 0.000840 -0.026040
v 0.000000 0.001397 -0.026326
v -0.009341 0.000016 -0.022552
v -0.010112 0.002014 -0.024414
v -0.009580 0.000114 -0.023128
v -0.009795 0.000398 -0.023646
v -0.009965 0.000840 -0.024058
v -0.010075 0.001397 -0.024322
v -0.017261 0.000016 -0.017261
v -0.018685 0.002014 -0.018685
v -0.017701 0.000114 -0.017701
v -0.018098 0.000398 -0.018098
v -0.018413 0.000840 -0.018413
v -0.018616 0.001397 -0.018616
v -0.022552 0.000016 -0.009342
v -0.024414 0.002014 -0.010112
v -0.023128 0.000114 -0.009580
v -0.023646 0.000398 -0.009795
v -0.024058 0.000840 -0.009965
v -0.024322 0.001397 -0.010075
v -0.024411 0.000016 0.000000
v -0.026425 0.002014 0.000000
v -0.025033 0.000114 0.000000
v -0.025595 0.000398 0.000000
v -0.026040 0.000840 0.000000
v -0.026326 0.001397 0.000000
v -0.022552 0.000016 0.009342
v -0.024414 0.002014 0.010112
v -0.023128 0.000114 0.009580
v -0.023646 0.000398 0.009795
v -0.024058 0.000840 0.009965
v -0.024322 0.001397 0.010075
v -0.017261 0.000016 0.017261
v -0.018685 0.002014 0.018685
v -0.017701 0.000114 0.017701
v -0.018098 0.000398 0.018098
v -0.018413 0.000840 0.018413
v -0.018616 0.001397 0.018616
v -0.009341 0.000016 0.022553
v -0.010112 0.002014 0.024414
v -0.009580 0.000114 0.023128
v -0.009795 0.000398 0.023646
v -0.009965 0.000840 0.024058
v -0.010075 0.001397 0.024323
v -0.000000 0.978942 0.032926
v -0.000000 0.969582 0.035000
v -0.000000 0.977325 0.033567
v -0.000000 0.975387 0.034145
v -0.000000 0.973316 0.034604
v -0.000000 0.971316 0.034898
v 0.013394 0.969582 0.032336
v 0.012600 0.978942 0.030419
v 0.013355 0.971316 0.032242
v 0.013242 0.973316 0.031970
v 0.013067 0.975387 0.031546
v 0.012845 0.977325 0.031012
v 0.024749 0.969582 0.024749
v 0.023282 0.978942 0.023282
v 0.024677 0.971316 0.024677
v 0.024469 0.973316 0.024469
v 0.024144 0.975387 0.024144
v 0.023735 0.977325 0.023735
v 0.032336 0.969582 0.013394
v 0.030419 0.978942 0.012600
v 0.032242 0.971316 0.013355
v 0.031970 0.973316 0.013242
v 0.031546 0.975387 0.013067
v 0.031012 0.977325 0.012845
v 0.035000 0.969582 -0.000000
v 0.032926 0.978942 -0.000000
v 0.034898 0.971316 -0.000000
v 0.034604 0.973316 -0.000000
v 0.034145 0.975387 -0.000000
v 0.033567 0.977325 -0.000000
v 0.032336 0.969582 -0.013394
v 0.030419 0.978942 -0.012600
v 0.032242 0.971316 -0.013355
v 0.031970 0.973316 -0.013242
v 0.031546 0.975387 -0.013067
v 0.031012 0.977325 -0.012845
v 0.024749 0.969582 -0.024749
v 0.023282 0.978942 -0.023282
v 0.024677 0.971316 -0.024677
v 0.024469 0.973316 -0.024469
v 0.024144 0.975387 -0.024144
v 0.023735 0.977325 -0.023735
v 0.013394 0.969582 -0.032336
v 0.012600 0.978942 -0.030419
v 0.013355 0.971316 -0.032242
v 0.013242 0.973316 -0.031970
v 0.013067 0.975387 -0.031546
v 0.012845 0.977325 -0.031012
v -0.000000 0.969582 -0.035000
v -0.000000 0.978942 -0.032926
v -0.000000 0.971316 -0.034899
v -0.000000 0.973316 -0.034604
v -0.000000 0.975387 -0.034145
v -0.000000 0.977325 -0.033567
v -0.013394 0.969582 -0.032336
v -0.012600 0.978942 -0.030419
v -0.013355 0.971316 -0.032242
v -0.013242 0.973316 -0.031970
v -0.013067 0.975387 -0.031546
v -0.012845 0.977325 -0.031012
v -0.024749 0.969582 -0.024749
v -0.023282 0.978942 -0.023282
v -0.024677 0.971316 -0.024677
v -0.024469 0.973316 -0.024469
v -0.024144 0.975387 -0.024144
v -0.023735 0.977325 -0.023735
v -0.032336 0.969582 -0.013394
v -0.030419 0.978942 -0.012600
v -0.032242 0.971316 -0.013355
v -0.031970 0.973316 -0.013242
v -0.031546 0.975387 -0.013067
v -0.031012 0.977325 -0.012845
v -0.035000 0.969582 -0.000000
v -0.032926 0.978942 -0.000000
v -0.034899 0.971316 -0.000000
v -0.034604 0.973316 -0.000000
v -0.034145 0.975387 -0.000000
v -0.033567 0.977325 -0.000000
v -0.032336 0.969582 0.013394
v -0.030419 0.978942 0.012600
v -0.032242 0.971316 0.013355
v -0.031970 0.973316 0.013242
v -0.031546 0.975387 0.013067
v -0.031012 0.977325 0.012845
v -0.024749 0.969582 0.024749
v -0.023282 0.978942 0.023282
v -0.024677 0.971316 0.024677
v -0.024469 0.973316 0.024469
v -0.024144 0.975387 0.024144
v -0.023735 0.977325 0.023735
v -0.013394 0.969582 0.032336
v -0.012600 0.978942 0.030419
v -0.013355 0.971316 0.032242
v -0.013242 0.973316 0.031970
v -0.013067 0.975387 0.031546
v -0.012845 0.977325 0.031012
v -0.023953 0.990415 0.009922
v -0.028091 0.984354 0.011635
v -0.024842 0.989447 0.010290
v -0.025791 0.988233 0.010683
v -0.026706 0.986892 0.011062
v -0.027499 0.985556 0.011390
v -0.030405 0.984354 -0.000000
v -0.025927 0.990415 -0.000000
v -0.029764 0.985556 -0.000000
v -0.028907 0.986892 -0.000000
v -0.027916 0.988233 -0.000000
v -0.026889 0.989447 -0.000000
v 0.018333 0.990415 -0.018333
v 0.021500 0.984354 -0.021500
v 0.019013 0.989447 -0.019013
v 0.019739 0.988233 -0.019740
v 0.020440 0.986892 -0.020440
v 0.021047 0.985556 -0.021047
v 0.028091 0.984354 -0.011636
v 0.023953 0.990415 -0.009922
v 0.027499 0.985556 -0.011390
v 0.026706 0.986892 -0.011062
v 0.025791 0.988233 -0.010683
v 0.024842 0.989447 -0.010290
v -0.018333 0.990415 0.018333
v -0.021500 0.984354 0.021500
v -0.019013 0.989447 0.019013
v -0.019740 0.988233 0.019739
v -0.020440 0.986892 0.020440
v -0.021047 0.985556 0.021047
v 0.009922 0.990415 -0.023953
v 0.011635 0.984354 -0.028091
v 0.010290 0.989447 -0.024842
v 0.010683 0.988233 -0.025791
v 0.011062 0.986892 -0.026706
v 0.011390 0.985556 -0.027499
v -0.009922 0.990415 0.023953
v -0.011636 0.984354 0.028091
v -0.010290 0.989447 0.024842
v -0.010683 0.988233 0.025791
v -0.011062 0.986892 0.026706
v -0.011390 0.985556 0.027499
v -0.000000 0.990415 -0.025927
v -0.000000 0.984354 -0.030405
v -0.000000 0.989447 -0.026889
v -0.000000 0.988233 -0.027916
v -0.000000 0.986892 -0.028907
v -0.000000 0.985556 -0.029764
v 0.009922 0.990415 0.023953
v 0.011635 0.984354 0.028091
v 0.010290 0.989447 0.024842
v 0.010683 0.988233 0.025791
v 0.011062 0.986892 0.026706
v 0.011390 0.985556 0.027499
v -0.000000 0.984354 0.030405
v -0.000000 0.990415 0.025927
v -0.000000 0.985556 0.029764
v -0.000000 0.986892 0.028907
v -0.000000 0.988233 0.027916
v -0.000000 0.989447 0.026889
v -0.009922 0.990415 -0.023953
v -0.011636 0.984354 -0.028091
v -0.010290 0.989447 -0.024842
v -0.010683 0.988233 -0.025791
v -0.011062 0.986892 -0.026706
v -0.011390 0.985556 -0.027499
v 0.018333 0.990415 0.018333
v 0.021500 0.984354 0.021500
v 0.019013 0.989447 0.019013
v 0.019739 0.988233 0.019739
v 0.020440 0.986892 0.020440
v 0.021047 0.985556 0.021047
v -0.018333 0.990415 -0.018333
v -0.021500 0.984354 -0.021500
v -0.019013 0.989447 -0.019013
v -0.019740 0.988233 -0.019740
v -0.020440 0.986892 -0.020440
v -0.021047 0.985556 -0.021047
v 0.023953 0.990415 0.009922
v 0.028091 0.984354 0.011635
v 0.024842 0.989447 0.010290
v 0.025791 0.988233 0.010683
v 0.026706 0.986892 0.011062
v 0.027499 0.985556 0.011390
v -0.023953 0.990415 -0.009922
v -0.028091 0.984354 -0.011636
v -0.024842 0.989447 -0.010290
v -0.025791 0.988233 -0.010683
v -0.026706 0.986892 -0.011062
v -0.027499 0.985556 -0.011390
v 0.025927 0.990415 -0.000000
v 0.030405 0.984354 -0.000000
v 0.026889 0.989447 -0.000000
v 0.027916 0.988233 -0.000000
v 0.028907 0.986892 -0.000000
v 0.029764 0.985556 -0.000000
v 0.010304 0.012532 0.024875
v 0.010304 0.004466 0.024875
v 0.010385 0.011088 0.025073
v 0.010428 0.009391 0.025176
v 0.010428 0.007607 0.025176
v 0.010385 0.005910 0.025073
v 0.000000 0.004466 0.026925
v 0.000000 0.012532 0.026925
v 0.000000 0.005910 0.027138
v 0.000000 0.007607 0.027251
v 0.000000 0.009391 0.027251
v 0.000000 0.011088 0.027138
v -0.010304 0.004466 0.024875
v -0.010304 0.012532 0.024875
v -0.010385 0.005910 0.025073
v -0.010428 0.007607 0.025176
v -0.010428 0.009391 0.025176
v -0.010385 0.011088 0.025073
v 0.019039 0.012532 0.019039
v 0.019039 0.004466 0.019039
v 0.019190 0.011088 0.019190
v 0.019269 0.009391 0.019269
v 0.019269 0.007607 0.019269
v 0.019190 0.005910 0.019190
v 0.024875 0.012532 0.010304
v 0.024875 0.004466 0.010304
v 0.025073 0.011088 0.010385
v 0.025176 0.009391 0.010428
v 0.025176 0.007607 0.010428
v 0.025073 0.005910 0.010385
v 0.026925 0.012532 0.000000
v 0.026925 0.004466 0.000000
v 0.027138 0.011088 0.000000
v 0.027251 0.009391 0.000000
v 0.027251 0.007607 0.000000
v 0.027138 0.005910 0.000000
v 0.024875 0.012532 -0.010304
v 0.024875 0.004466 -0.010304
v 0.025073 0.011088 -0.010385
v 0.025176 0.009391 -0.010428
v 0.025176 0.007607 -0.010428
v 0.025073 0.005910 -0.010385
v 0.019039 0.012532 -0.019039
v 0.019039 0.004466 -0.019039
v 0.019190 0.011088 -0.019190
v 0.019269 0.009391 -0.019269
v 0.019269 0.007607 -0.019269
v 0.019190 0.005910 -0.019190
v 0.010304 0.012532 -0.024875
v 0.010304 0.004466 -0.024875
v 0.010385 0.011088 -0.025072
v 0.010428 0.009391 -0.025176
v 0.010428 0.007607 -0.025176
v 0.010385 0.005910 -0.025072
v 0.000000 0.012532 -0.026925
v 0.000000 0.004466 -0.026925
v 0.000000 0.011088 -0.027138
v 0.000000 0.009391 -0.027251
v 0.000000 0.007607 -0.027251
v 0.000000 0.005910 -0.027138
v -0.010304 0.012532 -0.024875
v -0.010304 0.004466 -0.024875
v -0.010385 0.011088 -0.025072
v -0.010428 0.009391 -0.025176
v -0.010428 0.007607 -0.025176
v -0.010385 0.005910 -0.025072
v -0.019038 0.012532 -0.019039
v -0.019038 0.004466 -0.019039
v -0.019190 0.011088 -0.019190
v -0.019269 0.009391 -0.019269
v -0.019269 0.007607 -0.019269
v -0.019190 0.005910 -0.019190
v -0.024875 0.012532 -0.010304
v -0.024875 0.004466 -0.010304
v -0.025072 0.011088 -0.010385
v -0.025176 0.009391 -0.010428
v -0.025176 0.007607 -0.010428
v -0.025072 0.005910 -0.010385
v -0.026924 0.012532 0.000000
v -0.026924 0.004466 0.000000
v -0.027138 0.011088 0.000000
v -0.027251 0.009391 0.000000
v -0.027251 0.007607 0.000000
v -0.027138 0.005910 0.000000
v -0.024875 0.012532 0.010304
v -0.024875 0.004466 0.010304
v -0.025072 0.011088 0.010385
v -0.025176 0.009391 0.010428
v -0.025176 0.007607 0.010428
v -0.025072 0.005910 0.010385
v -0.019038 0.012532 0.019039
v -0.019038 0.004466 0.019039
v -0.019190 0.011088 0.019190
v -0.019269 0.009391 0.019269
v -0.019269 0.007607 0.019269
v -0.019190 0.005910 0.019190
vn -0.0000 -0.0534 0.9986
vn -0.0000 -0.0329 0.9995
vn 0.3821 -0.0534 0.9226
vn 0.3825 -0.0329 0.9234
vn 0.7061 -0.0534 0.7061
vn 0.7067 -0.0329 0.7067
vn 0.9226 -0.0534 0.3821
vn 0.9234 -0.0329 0.3825
vn 0.9986 -0.0534 -0.0000
vn 0.9995 -0.0329 -0.0000
vn 0.9226 -0.0534 -0.3821
vn 0.9234 -0.0329 -0.3825
vn 0.7061 -0.0534 -0.7061
vn 0.7067 -0.0329 -0.7067
vn 0.3821 -0.0534 -0.9226
vn 0.3825 -0.0329 -0.9234
vn -0.0000 -0.0534 -0.9986
vn -0.0000 -0.0329 -0.9995
vn -0.3821 -0.0534 -0.9226
vn -0.3825 -0.0329 -0.9234
vn -0.7061 -0.0534 -0.7061
vn -0.7067 -0.0329 -0.7067
vn -0.9226 -0.0534 -0.3821
vn -0.9234 -0.0329 -0.3825
vn -0.9986 -0.0534 -0.0000
vn -0.9995 -0.0329 -0.0000
vn -0.9226 -0.0534 0.3821
vn -0.9234 -0.0329 0.3825
vn -0.7061 -0.0534 0.7061
vn -0.7067 -0.0329 0.7067
vn -0.3821 -0.0534 0.9226
vn -0.3825 -0.0329 0.9234
vn -0.0000 -0.0234 0.9997
vn 0.3826 -0.0234 0.9236
vn 0.7069 -0.0234 0.7069
vn 0.9236 -0.0234 0.3826
vn 0.9997 -0.0234 -0.0000
vn 0.9236 -0.0234 -0.3826
vn 0.7069 -0.0234 -0.7069
vn 0.3826 -0.0234 -0.9236
vn -0.0000 -0.0234 -0.9997
vn -0.3826 -0.0234 -0.9236
vn -0.7069 -0.0234 -0.7069
vn -0.9236 -0.0234 -0.3826
vn -0.9997 -0.0234 -0.0000
vn -0.9236 -0.0234 0.3826
vn -0.7069 -0.0234 0.7069
vn -0.3826 -0.0234 0.9236
vn -0.0000 -0.0107 0.9999
vn 0.3827 -0.0107 0.9238
vn 0.7071 -0.0107 0.7071
vn 0.9238 -0.0107 0.3827
vn 0.9999 -0.0107 -0.0000
vn 0.9238 -0.0107 -0.3827
vn 0.7071 -0.0107 -0.7071
vn 0.3827 -0.0107 -0.9238
vn -0.0000 -0.0107 -0.9999
vn -0.3827 -0.0107 -0.9238
vn -0.7071 -0.0107 -0.7071
vn -0.9238 -0.0107 -0.3827
vn -0.9999 -0.0107 -0.0000
vn -0.9238 -0.0107 0.3827
vn -0.7071 -0.0107 0.7071
vn -0.3827 -0.0107 0.9238
vn -0.0000 0.0365 0.9993
vn 0.3824 0.0365 0.9233
vn 0.7066 0.0365 0.7066
vn 0.9233 0.0365 0.3824
vn 0.9993 0.0365 -0.0000
vn 0.9233 0.0365 -0.3824
vn 0.7066 0.0365 -0.7066
vn 0.3824 0.0365 -0.9233
vn -0.0000 0.0365 -0.9993
vn -0.3824 0.0365 -0.9233
vn -0.7066 0.0365 -0.7066
vn -0.9233 0.0365 -0.3824
vn -0.9993 0.0365 -0.0000
vn -0.9233 0.0365 0.3824
vn -0.7066 0.0365 0.7066
vn -0.3824 0.0365 0.9233
vn -0.3827 0.0081 -0.9238
vn -0.7071 0.0081 -0.7071
vn 0.7071 0.0081 0.7071
vn 0.9238 0.0081 0.3827
vn -0.9238 0.0081 -0.3827
vn 1.0000 0.0081 -0.0000
vn -1.0000 0.0081 -0.0000
vn 0.9238 0.0081 -0.3827
vn -0.9238 0.0081 0.3827
vn 0.7071 0.0081 -0.7071
vn -0.7071 0.0081 0.7071
vn 0.3827 0.0081 -0.9238
vn -0.3827 0.0081 0.9238
vn -0.0000 0.0081 -1.0000
vn -0.0000 0.0081 1.0000
vn 0.3827 0.0081 0.9238
vn -0.0000 -0.0516 0.9987
vn 0.3822 -0.0516 0.9226
vn 0.7062 -0.0516 0.7062
vn 0.9226 -0.0516 0.3822
vn 0.9987 -0.0516 -0.0000
vn 0.9226 -0.0516 -0.3822
vn 0.7062 -0.0516 -0.7062
vn 0.3822 -0.0516 -0.9226
vn -0.0000 -0.0516 -0.9987
vn -0.3822 -0.0516 -0.9226
vn -0.7062 -0.0516 -0.7062
vn -0.9226 -0.0516 -0.3822
vn -0.9987 -0.0516 -0.0000
vn -0.9226 -0.0516 0.3822
vn -0.7062 -0.0516 0.7062
vn -0.3822 -0.0516 0.9226
vn -0.0000 0.9851 0.1720
vn 0.0658 0.9851 0.1589
vn 0.1216 0.9851 0.1216
vn 0.1589 0.9851 0.0658
vn 0.1720 0.9851 -0.0000
vn 0.1589 0.9851 -0.0658
vn 0.1216 0.9851 -0.1216
vn 0.0658 0.9851 -0.1589
vn -0.0000 0.9851 -0.1720
vn -0.0658 0.9851 -0.1589
vn -0.1216 0.9851 -0.1216
vn -0.1589 0.9851 -0.0658
vn -0.1720 0.9851 -0.0000
vn -0.1589 0.9851 0.0658
vn -0.1216 0.9851 0.1216
vn -0.0658 0.9851 0.1589
vn -0.4780 0.8558 0.1980
vn 0.3658 0.8558 -0.3658
vn -0.3658 0.8558 0.3658
vn 0.1980 0.8558 -0.4780
vn -0.1980 0.8558 0.4780
vn -0.0000 0.8558 -0.5174
vn 0.1980 0.8558 0.4780
vn -0.1980 0.8558 -0.4780
vn 0.3658 0.8558 0.3658
vn -0.3658 0.8558 -0.3658
vn 0.4780 0.8558 0.1980
vn -0.4780 0.8558 -0.1980
vn 0.5174 0.8558 -0.0000
vn -0.5174 0.8558 -0.0000
vn 0.4780 0.8558 -0.1980
vn -0.0000 0.8558 0.5174
vn -0.0000 -0.0031 1.0000
vn -0.0000 -0.0417 0.9991
vn -0.0000 -0.0106 0.9999
vn -0.0000 -0.0188 0.9998
vn -0.0000 -0.0260 0.9997
vn -0.0000 -0.0342 0.9994
vn 0.3823 -0.0417 0.9231
vn 0.3827 -0.0031 0.9239
vn 0.3825 -0.0342 0.9233
vn 0.3826 -0.0260 0.9236
vn 0.3826 -0.0188 0.9237
vn 0.3827 -0.0106 0.9238
vn 0.7065 -0.0417 0.7065
vn 0.7071 -0.0031 0.7071
vn 0.7067 -0.0342 0.7067
vn 0.7069 -0.0260 0.7069
vn 0.7070 -0.0188 0.7070
vn 0.7071 -0.0106 0.7071
vn 0.9231 -0.0417 0.3823
vn 0.9239 -0.0031 0.3827
vn 0.9233 -0.0342 0.3825
vn 0.9236 -0.0260 0.3826
vn 0.9237 -0.0188 0.3826
vn 0.9238 -0.0106 0.3827
vn 0.9991 -0.0417 -0.0000
vn 1.0000 -0.0031 -0.0000
vn 0.9994 -0.0342 -0.0000
vn 0.9997 -0.0260 -0.0000
vn 0.9998 -0.0188 -0.0000
vn 0.9999 -0.0106 -0.0000
vn 0.9231 -0.0417 -0.3823
vn 0.9239 -0.0031 -0.3827
vn 0.9233 -0.0342 -0.3825
vn 0.9236 -0.0260 -0.3826
vn 0.9237 -0.0188 -0.3826
vn 0.9238 -0.0106 -0.3827
vn 0.7065 -0.0417 -0.7065
vn 0.7071 -0.0031 -0.7071
vn 0.7067 -0.0342 -0.7067
vn 0.7069 -0.0260 -0.7069
vn 0.7070 -0.0188 -0.7070
vn 0.7071 -0.0106 -0.7071
vn 0.3823 -0.0417 -0.9231
vn 0.3827 -0.0031 -0.9239
vn 0.3825 -0.0342 -0.9233
vn 0.3826 -0.0260 -0.9236
vn 0.3826 -0.0188 -0.9237
vn 0.3827 -0.0106 -0.9238
vn -0.0000 -0.0417 -0.9991
vn -0.0000 -0.0031 -1.0000
vn -0.0000 -0.0342 -0.9994
vn -0.0000 -0.0260 -0.9997
vn -0.0000 -0.0188 -0.9998
vn -0.0000 -0.0106 -0.9999
vn -0.3823 -0.0417 -0.9231
vn -0.3827 -0.0031 -0.9239
vn -0.3825 -0.0342 -0.9233
vn -0.3826 -0.0260 -0.9236
vn -0.3826 -0.0188 -0.9237
vn -0.3827 -0.0106 -0.9238
vn -0.7065 -0.0417 -0.7065
vn -0.7071 -0.0031 -0.7071
vn -0.7067 -0.0342 -0.7067
vn -0.7069 -0.0260 -0.7069
vn -0.7070 -0.0188 -0.7070
vn -0.7071 -0.0106 -0.7071
vn -0.9231 -0.0417 -0.3823
vn -0.9239 -0.0031 -0.3827
vn -0.9233 -0.0342 -0.3825
vn -0.9236 -0.0260 -0.3826
vn -0.9237 -0.0188 -0.3826
vn -0.9238 -0.0106 -0.3827
vn -0.9991 -0.0417 -0.0000
vn -1.0000 -0.0031 -0.0000
vn -0.9994 -0.0342 -0.0000
vn -0.9997 -0.0260 -0.0000
vn -0.9998 -0.0188 -0.0000
vn -0.9999 -0.0106 -0.0000
vn -0.9231 -0.0417 0.3824
vn -0.9239 -0.0031 0.3827
vn -0.9233 -0.0342 0.3825
vn -0.9236 -0.0260 0.3826
vn -0.9237 -0.0188 0.3826
vn -0.9238 -0.0106 0.3827
vn -0.7065 -0.0417 0.7065
vn -0.7071 -0.0031 0.7071
vn -0.7067 -0.0342 0.7067
vn -0.7069 -0.0260 0.7069
vn -0.7070 -0.0188 0.7070
vn -0.7071 -0.0106 0.7071
vn -0.3823 -0.0417 0.9231
vn -0.3827 -0.0031 0.9239
vn -0.3825 -0.0342 0.9233
vn -0.3826 -0.0260 0.9236
vn -0.3826 -0.0188 0.9237
vn -0.3827 -0.0106 0.9238
vn -0.0000 0.9962 0.0875
vn -0.0000 0.1792 0.9838
vn -0.0000 0.9460 0.3242
vn -0.0000 0.8020 0.5973
vn -0.0000 0.5817 0.8134
vn -0.0000 0.3056 0.9522
vn 0.3765 0.1792 0.9089
vn 0.0335 0.9962 0.0809
vn 0.3644 0.3056 0.8797
vn 0.3113 0.5817 0.7515
vn 0.2286 0.8020 0.5518
vn 0.1241 0.9460 0.2996
vn 0.6957 0.1792 0.6957
vn 0.0619 0.9962 0.0619
vn 0.6733 0.3056 0.6733
vn 0.5752 0.5817 0.5752
vn 0.4224 0.8020 0.4224
vn 0.2293 0.9460 0.2293
vn 0.9089 0.1792 0.3765
vn 0.0809 0.9962 0.0335
vn 0.8797 0.3056 0.3644
vn 0.7515 0.5817 0.3113
vn 0.5518 0.8020 0.2286
vn 0.2996 0.9460 0.1241
vn 0.9838 0.1792 -0.0000
vn 0.0875 0.9962 -0.0000
vn 0.9522 0.3056 -0.0000
vn 0.8134 0.5817 -0.0000
vn 0.5973 0.8020 -0.0000
vn 0.3242 0.9460 -0.0000
vn 0.9089 0.1792 -0.3765
vn 0.0809 0.9962 -0.0335
vn 0.8797 0.3056 -0.3644
vn 0.7515 0.5817 -0.3113
vn 0.5518 0.8020 -0.2286
vn 0.2996 0.9460 -0.1241
vn 0.6957 0.1792 -0.6957
vn 0.0619 0.9962 -0.0619
vn 0.6733 0.3056 -0.6733
vn 0.5752 0.5817 -0.5752
vn 0.4224 0.8020 -0.4224
vn 0.2293 0.9460 -0.2293
vn 0.3765 0.1792 -0.9089
vn 0.0335 0.9962 -0.0809
vn 0.3644 0.3056 -0.8797
vn 0.3113 0.5817 -0.7515
vn 0.2286 0.8020 -0.5518
vn 0.1241 0.9460 -0.2996
vn -0.0000 0.1792 -0.9838
vn -0.0000 0.9962 -0.0875
vn -0.0000 0.3056 -0.9522
vn -0.0000 0.5817 -0.8134
vn -0.0000 0.8020 -0.5973
vn -0.0000 0.9460 -0.3242
vn -0.3765 0.1792 -0.9089
vn -0.0335 0.9962 -0.0809
vn -0.3644 0.3056 -0.8797
vn -0.3113 0.5817 -0.7515
vn -0.2286 0.8020 -0.5518
vn -0.1241 0.9460 -0.2996
vn -0.6957 0.1792 -0.6957
vn -0.0619 0.9962 -0.0619
vn -0.6733 0.3056 -0.6733
vn -0.5752 0.5817 -0.5752
vn -0.4224 0.8020 -0.4224
vn -0.2293 0.9460 -0.2293
vn -0.9089 0.1792 -0.3765
vn -0.0809 0.9962 -0.0335
vn -0.8797 0.3056 -0.3644
vn -0.7515 0.5817 -0.3113
vn -0.5518 0.8020 -0.2286
vn -0.2996 0.9460 -0.1241
vn -0.9838 0.1792 -0.0000
vn -0.0875 0.9962 -0.0000
vn -0.9522 0.3056 -0.0000
vn -0.8134 0.5817 -0.0000
vn -0.5973 0.8020 -0.0000
vn -0.3242 0.9460 -0.0000
vn -0.9089 0.1792 0.3765
vn -0.0809 0.9962 0.0335
vn -0.8797 0.3056 0.3644
vn -0.7515 0.5817 0.3113
vn -0.5518 0.8020 0.2286
vn -0.2996 0.9460 0.1241
vn -0.6957 0.1792 0.6957
vn -0.0619 0.9962 0.0619
vn -0.6733 0.3056 0.6733
vn -0.5752 0.5817 0.5752
vn -0.4224 0.8020 0.4224
vn -0.2293 0.9460 0.2293
vn -0.3765 0.1792 0.9089
vn -0.0335 0.9962 0.0809
vn -0.3644 0.3056 0.8797
vn -0.3113 0.5817 0.7515
vn -0.2286 0.8020 0.5518
vn -0.1241 0.9460 0.2996
vn -0.0000 0.1438 0.9896
vn -0.0000 0.9977 0.0674
vn -0.0000 0.3712 0.9286
vn -0.0000 0.6328 0.7743
vn -0.0000 0.8329 0.5534
vn -0.0000 0.9593 0.2823
vn 0.0258 0.9977 0.0622
vn 0.3787 0.1438 0.9143
vn 0.1080 0.9593 0.2608
vn 0.2118 0.8329 0.5112
vn 0.2963 0.6328 0.7154
vn 0.3553 0.3712 0.8579
vn 0.0476 0.9977 0.0476
vn 0.6998 0.1438 0.6998
vn 0.1996 0.9593 0.1996
vn 0.3913 0.8329 0.3913
vn 0.5475 0.6328 0.5475
vn 0.6566 0.3712 0.6566
vn 0.0622 0.9977 0.0258
vn 0.9143 0.1438 0.3787
vn 0.2608 0.9593 0.1080
vn 0.5112 0.8329 0.2118
vn 0.7154 0.6328 0.2963
vn 0.8579 0.3712 0.3553
vn 0.0674 0.9977 -0.0000
vn 0.9896 0.1438 -0.0000
vn 0.2823 0.9593 -0.0000
vn 0.5534 0.8329 -0.0000
vn 0.7743 0.6328 -0.0000
vn 0.9286 0.3712 -0.0000
vn 0.0622 0.9977 -0.0258
vn 0.9143 0.1438 -0.3787
vn 0.2608 0.9593 -0.1080
vn 0.5112 0.8329 -0.2118
vn 0.7154 0.6328 -0.2963
vn 0.8579 0.3712 -0.3553
vn 0.0476 0.9977 -0.0476
vn 0.6998 0.1438 -0.6998
vn 0.1996 0.9593 -0.1996
vn 0.3913 0.8329 -0.3913
vn 0.5475 0.6328 -0.5475
vn 0.6566 0.3712 -0.6566
vn 0.0258 0.9977 -0.0622
vn 0.3787 0.1438 -0.9143
vn 0.1080 0.9593 -0.2608
vn 0.2118 0.8329 -0.5112
vn 0.2963 0.6328 -0.7154
vn 0.3553 0.3712 -0.8579
vn -0.0000 0.9977 -0.0674
vn -0.0000 0.1438 -0.9896
vn -0.0000 0.9593 -0.2823
vn -0.0000 0.8329 -0.5534
vn -0.0000 0.6328 -0.7743
vn -0.0000 0.3712 -0.9286
vn -0.0258 0.9977 -0.0622
vn -0.3787 0.1438 -0.9143
vn -0.1080 0.9593 -0.2608
vn -0.2118 0.8329 -0.5112
vn -0.2963 0.6328 -0.7154
vn -0.3553 0.3712 -0.8579
vn -0.0476 0.9977 -0.0476
vn -0.6998 0.1438 -0.6998
vn -0.1996 0.9593 -0.1996
vn -0.3913 0.8329 -0.3913
vn -0.5475 0.6328 -0.5475
vn -0.6566 0.3712 -0.6566
vn -0.0622 0.9977 -0.0258
vn -0.9143 0.1438 -0.3787
vn -0.2608 0.9593 -0.1080
vn -0.5112 0.8329 -0.2118
vn -0.7154 0.6328 -0.2963
vn -0.8579 0.3712 -0.3553
vn -0.0674 0.9977 -0.0000
vn -0.9896 0.1438 -0.0000
vn -0.2823 0.9593 -0.0000
vn -0.5534 0.8329 -0.0000
vn -0.7743 0.6328 -0.0000
vn -0.9286 0.3712 -0.0000
vn -0.0622 0.9977 0.0258
vn -0.9143 0.1438 0.3787
vn -0.2608 0.9593 0.1080
vn -0.5112 0.8329 0.2118
vn -0.7154 0.6328 0.2963
vn -0.8579 0.3712 0.3553
vn -0.0476 0.9977 0.0476
vn -0.6998 0.1438 0.6998
vn -0.1996 0.9593 0.1996
vn -0.3913 0.8329 0.3913
vn -0.5475 0.6328 0.5475
vn -0.6566 0.3712 0.6566
vn -0.0258 0.9977 0.0622
vn -0.3787 0.1438 0.9143
vn -0.1080 0.9593 0.2608
vn -0.2118 0.8329 0.5112
vn -0.2963 0.6328 0.7154
vn -0.3553 0.3712 0.8579
vn -0.0000 -0.1792 0.9838
vn -0.0000 -0.9962 0.0874
vn -0.0000 -0.3056 0.9522
vn -0.0000 -0.5817 0.8134
vn -0.0000 -0.8020 0.5973
vn -0.0000 -0.9460 0.3242
vn 0.0335 -0.9962 0.0808
vn 0.3765 -0.1792 0.9089
vn 0.1241 -0.9460 0.2995
vn 0.2286 -0.8020 0.5518
vn 0.3113 -0.5817 0.7515
vn 0.3644 -0.3056 0.8797
vn 0.0618 -0.9962 0.0618
vn 0.6957 -0.1792 0.6957
vn 0.2292 -0.9460 0.2292
vn 0.4224 -0.8020 0.4224
vn 0.5752 -0.5817 0.5752
vn 0.6733 -0.3056 0.6733
vn 0.0808 -0.9962 0.0335
vn 0.9089 -0.1792 0.3765
vn 0.2995 -0.9460 0.1241
vn 0.5518 -0.8020 0.2286
vn 0.7515 -0.5817 0.3113
vn 0.8797 -0.3056 0.3644
vn 0.0874 -0.9962 -0.0000
vn 0.9838 -0.1792 -0.0000
vn 0.3242 -0.9460 -0.0000
vn 0.5973 -0.8020 -0.0000
vn 0.8134 -0.5817 -0.0000
vn 0.9522 -0.3056 -0.0000
vn 0.0808 -0.9962 -0.0335
vn 0.9089 -0.1792 -0.3765
vn 0.2995 -0.9460 -0.1241
vn 0.5518 -0.8020 -0.2286
vn 0.7515 -0.5817 -0.3113
vn 0.8797 -0.3056 -0.3644
vn 0.0618 -0.9962 -0.0618
vn 0.6957 -0.1792 -0.6957
vn 0.2292 -0.9460 -0.2292
vn 0.4224 -0.8020 -0.4224
vn 0.5752 -0.5817 -0.5752
vn 0.6733 -0.3056 -0.6733
vn 0.0335 -0.9962 -0.0808
vn 0.3765 -0.1792 -0.9089
vn 0.1241 -0.9460 -0.2995
vn 0.2286 -0.8020 -0.5518
vn 0.3113 -0.5817 -0.7515
vn 0.3644 -0.3056 -0.8797
vn -0.0000 -0.9962 -0.0874
vn -0.0000 -0.1792 -0.9838
vn -0.0000 -0.9460 -0.3242
vn -0.0000 -0.8020 -0.5973
vn -0.0000 -0.5817 -0.8134
vn -0.0000 -0.3056 -0.9522
vn -0.0335 -0.9962 -0.0808
vn -0.3765 -0.1792 -0.9089
vn -0.1241 -0.9460 -0.2995
vn -0.2286 -0.8020 -0.5518
vn -0.3113 -0.5817 -0.7515
vn -0.3644 -0.3056 -0.8797
vn -0.0618 -0.9962 -0.0618
vn -0.6957 -0.1792 -0.6957
vn -0.2292 -0.9460 -0.2292
vn -0.4224 -0.8020 -0.4224
vn -0.5752 -0.5817 -0.5752
vn -0.6733 -0.3056 -0.6733
vn -0.0808 -0.9962 -0.0335
vn -0.9089 -0.1792 -0.3765
vn -0.2995 -0.9460 -0.1241
vn -0.5518 -0.8020 -0.2286
vn -0.7515 -0.5817 -0.3113
vn -0.8797 -0.3056 -0.3644
vn -0.0874 -0.9962 -0.0000
vn -0.9838 -0.1792 -0.0000
vn -0.3242 -0.9460 -0.0000
vn -0.5973 -0.8020 -0.0000
vn -0.8134 -0.5817 -0.0000
vn -0.9522 -0.3056 -0.0000
vn -0.0808 -0.9962 0.0335
vn -0.9089 -0.1792 0.3765
vn -0.2995 -0.9460 0.1241
vn -0.5518 -0.8020 0.2286
vn -0.7515 -0.5817 0.3113
vn -0.8797 -0.3056 0.3644
vn -0.0618 -0.9962 0.0618
vn -0.6957 -0.1792 0.6957
vn -0.2292 -0.9460 0.2292
vn -0.4224 -0.8020 0.4224
vn -0.5752 -0.5817 0.5752
vn -0.6733 -0.3056 0.6733
vn -0.0335 -0.9962 0.0808
vn -0.3765 -0.1792 0.9089
vn -0.1241 -0.9460 0.2995
vn -0.2286 -0.8020 0.5518
vn -0.3113 -0.5817 0.7515
vn -0.3644 -0.3056 0.8797
vn -0.0000 0.3943 0.9190
vn -0.0000 0.0291 0.9996
vn -0.0000 0.3259 0.9454
vn -0.0000 0.2502 0.9682
vn -0.0000 0.1804 0.9836
vn -0.0000 0.1016 0.9948
vn 0.3825 0.0291 0.9235
vn 0.3517 0.3943 0.8490
vn 0.3807 0.1016 0.9191
vn 0.3764 0.1804 0.9087
vn 0.3705 0.2502 0.8945
vn 0.3618 0.3259 0.8734
vn 0.7068 0.0291 0.7068
vn 0.6498 0.3943 0.6498
vn 0.7034 0.1016 0.7034
vn 0.6955 0.1804 0.6955
vn 0.6846 0.2502 0.6846
vn 0.6685 0.3259 0.6685
vn 0.9235 0.0291 0.3825
vn 0.8490 0.3943 0.3517
vn 0.9191 0.1016 0.3807
vn 0.9087 0.1804 0.3764
vn 0.8945 0.2502 0.3705
vn 0.8734 0.3259 0.3618
vn 0.9996 0.0291 -0.0000
vn 0.9190 0.3943 -0.0000
vn 0.9948 0.1016 -0.0000
vn 0.9836 0.1804 -0.0000
vn 0.9682 0.2502 -0.0000
vn 0.9454 0.3259 -0.0000
vn 0.9235 0.0291 -0.3825
vn 0.8490 0.3943 -0.3517
vn 0.9191 0.1016 -0.3807
vn 0.9087 0.1804 -0.3764
vn 0.8945 0.2502 -0.3705
vn 0.8734 0.3259 -0.3618
vn 0.7068 0.0291 -0.7068
vn 0.6498 0.3943 -0.6498
vn 0.7034 0.1016 -0.7034
vn 0.6955 0.1804 -0.6955
vn 0.6846 0.2502 -0.6846
vn 0.6685 0.3259 -0.6685
vn 0.3825 0.0291 -0.9235
vn 0.3517 0.3943 -0.8490
vn 0.3807 0.1016 -0.9191
vn 0.3764 0.1804 -0.9087
vn 0.3705 0.2502 -0.8945
vn 0.3618 0.3259 -0.8734
vn -0.0000 0.0291 -0.9996
vn -0.0000 0.3943 -0.9190
vn -0.0000 0.1016 -0.9948
vn -0.0000 0.1804 -0.9836
vn -0.0000 0.2502 -0.9682
vn -0.0000 0.3259 -0.9454
vn -0.3825 0.0291 -0.9235
vn -0.3517 0.3943 -0.8490
vn -0.3807 0.1016 -0.9191
vn -0.3764 0.1804 -0.9087
vn -0.3705 0.2502 -0.8945
vn -0.3618 0.3259 -0.8734
vn -0.7068 0.0291 -0.7068
vn -0.6498 0.3943 -0.6498
vn -0.7034 0.1016 -0.7034
vn -0.6955 0.1804 -0.6955
vn -0.6846 0.2502 -0.6846
vn -0.6685 0.3259 -0.6685
vn -0.9235 0.0291 -0.3825
vn -0.8490 0.3943 -0.3517
vn -0.9191 0.1016 -0.3807
vn -0.9087 0.1804 -0.3764
vn -0.8945 0.2502 -0.3705
vn -0.8734 0.3259 -0.3618
vn -0.9996 0.0291 -0.0000
vn -0.9190 0.3943 -0.0000
vn -0.9948 0.1016 -0.0000
vn -0.9836 0.1804 -0.0000
vn -0.9682 0.2502 -0.0000
vn -0.9454 0.3259 -0.0000
vn -0.9235 0.0291 0.3825
vn -0.8490 0.3943 0.3517
vn -0.9191 0.1016 0.3807
vn -0.9087 0.1804 0.3764
vn -0.8945 0.2502 0.3705
vn -0.8734 0.3259 0.3618
vn -0.7068 0.0291 0.7068
vn -0.6498 0.3943 0.6498
vn -0.7034 0.1016 0.7034
vn -0.6955 0.1804 0.6955
vn -0.6846 0.2502 0.6846
vn -0.6685 0.3259 0.6685
vn -0.3825 0.0291 0.9235
vn -0.3517 0.3943 0.8490
vn -0.3807 0.1016 0.9191
vn -0.3764 0.1804 0.9087
vn -0.3705 0.2502 0.8945
vn -0.3618 0.3259 0.8734
vn -0.6391 0.7222 0.2647
vn -0.8273 0.4452 0.3427
vn -0.6829 0.6735 0.2829
vn -0.7260 0.6184 0.3007
vn -0.7619 0.5656 0.3156
vn -0.7982 0.5035 0.3306
vn -0.8954 0.4452 -0.0000
vn -0.6917 0.7222 -0.0000
vn -0.8640 0.5035 -0.0000
vn -0.8247 0.5655 -0.0000
vn -0.7859 0.6184 -0.0000
vn -0.7392 0.6735 -0.0000
vn 0.4891 0.7222 -0.4891
vn 0.6332 0.4452 -0.6332
vn 0.5227 0.6735 -0.5227
vn 0.5557 0.6184 -0.5557
vn 0.5832 0.5656 -0.5832
vn 0.6109 0.5035 -0.6109
vn 0.8273 0.4452 -0.3427
vn 0.6391 0.7222 -0.2647
vn 0.7982 0.5035 -0.3306
vn 0.7619 0.5656 -0.3156
vn 0.7260 0.6184 -0.3007
vn 0.6829 0.6735 -0.2829
vn -0.4891 0.7222 0.4891
vn -0.6332 0.4452 0.6332
vn -0.5227 0.6735 0.5227
vn -0.5557 0.6184 0.5557
vn -0.5832 0.5656 0.5832
vn -0.6109 0.5035 0.6109
vn 0.2647 0.7222 -0.6390
vn 0.3427 0.4452 -0.8273
vn 0.2829 0.6735 -0.6829
vn 0.3007 0.6184 -0.7260
vn 0.3156 0.5655 -0.7619
vn 0.3306 0.5035 -0.7982
vn -0.2647 0.7222 0.6390
vn -0.3427 0.4452 0.8273
vn -0.2829 0.6735 0.6829
vn -0.3007 0.6184 0.7260
vn -0.3156 0.5655 0.7619
vn -0.3306 0.5035 0.7982
vn -0.0000 0.7222 -0.6917
vn -0.0000 0.4452 -0.8954
vn -0.0000 0.6735 -0.7392
vn -0.0000 0.6184 -0.7859
vn -0.0000 0.5655 -0.8247
vn -0.0000 0.5035 -0.8640
vn 0.2647 0.7222 0.6390
vn 0.3427 0.4452 0.8273
vn 0.2829 0.6735 0.6829
vn 0.3007 0.6184 0.7260
vn 0.3156 0.5655 0.7619
vn 0.3306 0.5035 0.7982
vn -0.0000 0.4452 0.8954
vn -0.0000 0.7222 0.6917
vn -0.0000 0.5035 0.8640
vn -0.0000 0.5655 0.8247
vn -0.0000 0.6184 0.7859
vn -0.0000 0.6735 0.7392
vn -0.2647 0.7222 -0.6390
vn -0.3427 0.4452 -0.8273
vn -0.2829 0.6735 -0.6829
vn -0.3007 0.6184 -0.7260
vn -0.3156 0.5655 -0.7619
vn -0.3306 0.5035 -0.7982
vn 0.4891 0.7222 0.4891
vn 0.6332 0.4452 0.6332
vn 0.5227 0.6735 0.5227
vn 0.5557 0.6184 0.5557
vn 0.5832 0.5656 0.5832
vn 0.6109 0.5035 0.6109
vn -0.4891 0.7222 -0.4891
vn -0.6332 0.4452 -0.6332
vn -0.5227 0.6735 -0.5227
vn -0.5557 0.6184 -0.5557
vn -0.5832 0.5656 -0.5832
vn -0.6109 0.5035 -0.6109
vn 0.6391 0.7222 0.2647
vn 0.8273 0.4452 0.3427
vn 0.6829 0.6735 0.2829
vn 0.7260 0.6184 0.3007
vn 0.7619 0.5656 0.3156
vn 0.7982 0.5035 0.3306
vn -0.6391 0.7222 -0.2647
vn -0.8273 0.4452 -0.3427
vn -0.6829 0.6735 -0.2829
vn -0.7260 0.6184 -0.3007
vn -0.7619 0.5656 -0.3156
vn -0.7982 0.5035 -0.3306
vn 0.6917 0.7222 -0.0000
vn 0.8954 0.4452 -0.0000
vn 0.7392 0.6735 -0.0000
vn 0.7859 0.6184 -0.0000
vn 0.8247 0.5655 -0.0000
vn 0.8640 0.5035 -0.0000
vn 0.3769 0.1725 0.9100
vn 0.3769 -0.1725 0.9100
vn 0.3805 0.1058 0.9187
vn 0.3825 0.0329 0.9234
vn 0.3805 -0.1058 0.9187
vn -0.0000 -0.1725 0.9850
vn -0.0000 0.1725 0.9850
vn -0.0000 -0.1058 0.9944
vn -0.0000 0.0329 0.9995
vn -0.0000 0.1058 0.9944
vn -0.3769 -0.1725 0.9100
vn -0.3769 0.1725 0.9100
vn -0.3805 -0.1058 0.9187
vn -0.3825 0.0329 0.9234
vn -0.3805 0.1058 0.9187
vn 0.6965 0.1725 0.6965
vn 0.6965 -0.1725 0.6965
vn 0.7031 0.1058 0.7031
vn 0.7067 0.0329 0.7067
vn 0.7031 -0.1058 0.7031
vn 0.9100 0.1725 0.3769
vn 0.9100 -0.1725 0.3769
vn 0.9187 0.1058 0.3805
vn 0.9234 0.0329 0.3825
vn 0.9187 -0.1058 0.3805
vn 0.9850 0.1725 -0.0000
vn 0.9850 -0.1725 -0.0000
vn 0.9944 0.1058 -0.0000
vn 0.9995 0.0329 -0.0000
vn 0.9944 -0.1058 -0.0000
vn 0.9100 0.1725 -0.3769
vn 0.9100 -0.1725 -0.3769
vn 0.9187 0.1058 -0.3805
vn 0.9234 0.0329 -0.3825
vn 0.9187 -0.1058 -0.3805
vn 0.6965 0.1725 -0.6965
vn 0.6965 -0.1725 -0.6965
vn 0.7031 0.1058 -0.7031
vn 0.7067 0.0329 -0.7067
vn 0.7031 -0.1058 -0.7031
vn 0.3769 0.1725 -0.9100
vn 0.3769 -0.1725 -0.9100
vn 0.3805 0.1058 -0.9187
vn 0.3825 0.0329 -0.9234
vn 0.3805 -0.1058 -0.9187
vn -0.0000 0.1725 -0.9850
vn -0.0000 -0.1725 -0.9850
vn -0.0000 0.1058 -0.9944
vn -0.0000 0.0329 -0.9995
vn -0.0000 -0.1058 -0.9944
vn -0.3769 0.1725 -0.9100
vn -0.3769 -0.1725 -0.9100
vn -0.3805 0.1058 -0.9187
vn -0.3825 0.0329 -0.9234
vn -0.3805 -0.1058 -0.9187
vn -0.6965 0.1725 -0.6965
vn -0.6965 -0.1725 -0.6965
vn -0.7031 0.1058 -0.7031
vn -0.7067 0.0329 -0.7067
vn -0.7031 -0.1058 -0.7031
vn -0.9100 0.1725 -0.3769
vn -0.9100 -0.1725 -0.3769
vn -0.9187 0.1058 -0.3805
vn -0.9234 0.0329 -0.3825
vn -0.9187 -0.1058 -0.3805
vn -0.9850 0.1725 -0.0000
vn -0.9850 -0.1725 -0.0000
vn -0.9944 0.1058 -0.0000
vn -0.9995 0.0329 -0.0000
vn -0.9944 -0.1058 -0.0000
vn -0.9100 0.1725 0.3769
vn -0.9100 -0.1725 0.3769
vn -0.9187 0.1058 0.3805
vn -0.9234 0.0329 0.3825
vn -0.9187 -0.1058 0.3805
vn -0.6965 0.1725 0.6965
vn -0.6965 -0.1725 0.6965
vn -0.7031 0.1058 0.7031
vn -0.7067 0.0329 0.7067
vn -0.7031 -0.1058 0.7031
vt 0.097056 0.533718
vt 0.096670 0.574508
vt 0.089787 0.574508
vt 0.089401 0.533718
vt 0.083428 0.574335
vt 0.082328 0.533525
vt 0.078561 0.574013
vt 0.076914 0.533167
vt 0.170785 0.533538
vt 0.170044 0.574356
vt 0.163687 0.574586
vt 0.163714 0.533794
vt 0.156805 0.574647
vt 0.156059 0.533862
vt 0.150444 0.574529
vt 0.148984 0.533731
vt 0.145575 0.574251
vt 0.143568 0.533421
vt 0.217952 0.533805
vt 0.216339 0.574598
vt 0.209979 0.574692
vt 0.210878 0.533910
vt 0.203096 0.574606
vt 0.203222 0.533814
vt 0.196740 0.574352
vt 0.196152 0.533532
vt 0.047391 0.534437
vt 0.045743 0.575398
vt 0.040876 0.575534
vt 0.041977 0.534589
vt 0.034518 0.575608
vt 0.034904 0.534671
vt 0.027635 0.575608
vt 0.027248 0.534671
vt 0.021276 0.575534
vt 0.020175 0.534589
vt 0.169925 0.711035
vt 0.164427 0.711234
vt 0.016409 0.575398
vt 0.014762 0.534437
vt 0.104129 0.533525
vt 0.103029 0.574335
vt 0.214157 0.397657
vt 0.224129 0.397510
vt 0.158474 0.711286
vt 0.164592 0.765192
vt 0.159260 0.765239
vt 0.207797 0.711324
vt 0.201845 0.711250
vt 0.028100 0.712591
vt 0.022600 0.712527
vt 0.090252 0.711157
vt 0.084752 0.711007
vt 0.152973 0.711184
vt 0.148761 0.710944
vt 0.039553 0.712527
vt 0.034053 0.712591
vt 0.196347 0.711030
vt 0.018390 0.712409
vt 0.174908 0.573992
vt 0.174132 0.710720
vt 0.213299 0.711243
vt 0.096205 0.711157
vt 0.043762 0.712409
vt 0.101705 0.711007
vt 0.195368 0.834474
vt 0.200495 0.834679
vt 0.199512 0.904150
vt 0.194182 0.903938
vt 0.033742 0.766705
vt 0.028410 0.766705
vt 0.154333 0.765148
vt 0.023484 0.766648
vt 0.150560 0.764932
vt 0.019714 0.766542
vt 0.211736 0.765201
vt 0.206809 0.765274
vt 0.095895 0.765115
vt 0.090562 0.765115
vt 0.100821 0.764980
vt 0.201477 0.765207
vt 0.085636 0.764980
vt 0.196553 0.765010
vt 0.173285 0.764732
vt 0.169517 0.765014
vt 0.042439 0.766542
vt 0.038668 0.766648
vt 0.170442 0.834482
vt 0.174365 0.834188
vt 0.175446 0.903644
vt 0.171367 0.903949
vt 0.038981 0.836228
vt 0.042907 0.836118
vt 0.043376 0.905693
vt 0.039294 0.905807
vt 0.165314 0.834667
vt 0.166036 0.904142
vt 0.033852 0.836287
vt 0.033962 0.905869
vt 0.159762 0.834716
vt 0.160265 0.904193
vt 0.028300 0.836287
vt 0.028190 0.905869
vt 0.154632 0.834621
vt 0.154931 0.904094
vt 0.023171 0.836228
vt 0.022858 0.905807
vt 0.211177 0.834673
vt 0.215105 0.834463
vt 0.214701 0.903926
vt 0.210617 0.904144
vt 0.019245 0.836118
vt 0.018777 0.905693
vt 0.206046 0.834749
vt 0.205283 0.904223
vt 0.090453 0.834594
vt 0.096004 0.834594
vt 0.096114 0.904072
vt 0.090343 0.904072
vt 0.101134 0.834453
vt 0.101447 0.903926
vt 0.085323 0.834453
vt 0.085010 0.903926
vt 0.150704 0.834397
vt 0.087833 0.397435
vt 0.098624 0.397435
vt 0.025681 0.397843
vt 0.036472 0.397843
vt 0.143318 0.397413
vt 0.153290 0.397598
vt 0.046441 0.397728
vt 0.054072 0.397514
vt 0.108594 0.397163
vt 0.164080 0.397502
vt 0.174047 0.397142
vt 0.203367 0.397522
vt 0.015711 0.397728
vt 0.077863 0.397163
vt 0.135684 0.396977
vt 0.193402 0.397124
vt 0.008081 0.397514
vt 0.070233 0.396659
vt 0.257653 0.006740
vt 0.266220 0.006740
vt 0.262753 0.024171
vt 0.261120 0.024171
vt 0.266041 0.027459
vt 0.266041 0.029092
vt 0.265416 0.030600
vt 0.264262 0.031755
vt 0.262753 0.032380
vt 0.261120 0.032380
vt 0.259612 0.031755
vt 0.258457 0.030600
vt 0.257832 0.029092
vt 0.257832 0.027459
vt 0.258457 0.025951
vt 0.259612 0.024796
vt 0.264262 0.024796
vt 0.265416 0.025951
vt 0.257653 0.049811
vt 0.249738 0.046532
vt 0.274136 0.010019
vt 0.243680 0.040474
vt 0.280194 0.016077
vt 0.240401 0.032559
vt 0.283472 0.023992
vt 0.283472 0.032559
vt 0.240401 0.023992
vt 0.280194 0.040474
vt 0.243680 0.016077
vt 0.274136 0.046532
vt 0.249738 0.010019
vt 0.266220 0.049811
vt 0.100035 0.237044
vt 0.086422 0.237044
vt 0.086360 0.228883
vt 0.100097 0.228883
vt 0.086304 0.219281
vt 0.100153 0.219281
vt 0.086260 0.209178
vt 0.100197 0.209178
vt 0.086231 0.199564
vt 0.100226 0.199564
vt 0.086221 0.191380
vt 0.100236 0.191380
vt 0.073845 0.236700
vt 0.073668 0.228536
vt 0.073509 0.218931
vt 0.073383 0.208826
vt 0.073302 0.199211
vt 0.073274 0.191026
vt 0.064218 0.236065
vt 0.063954 0.227895
vt 0.063716 0.218285
vt 0.063527 0.208176
vt 0.063406 0.198558
vt 0.063364 0.190372
vt 0.176652 0.236651
vt 0.164078 0.237105
vt 0.164068 0.228944
vt 0.176756 0.228485
vt 0.164039 0.219342
vt 0.176831 0.218879
vt 0.163995 0.209239
vt 0.176868 0.208774
vt 0.163938 0.199625
vt 0.176864 0.199158
vt 0.163876 0.191441
vt 0.176820 0.190973
vt 0.150465 0.237225
vt 0.150331 0.229065
vt 0.150191 0.219464
vt 0.150057 0.209362
vt 0.149944 0.199749
vt 0.149862 0.191564
vt 0.137885 0.236992
vt 0.137637 0.228830
vt 0.137393 0.219227
vt 0.137178 0.209123
vt 0.137012 0.199509
vt 0.136912 0.191324
vt 0.128254 0.236442
vt 0.127918 0.228274
vt 0.127595 0.218667
vt 0.127317 0.208560
vt 0.127111 0.198943
vt 0.126997 0.190758
vt 0.230163 0.237111
vt 0.217583 0.237297
vt 0.217747 0.229137
vt 0.230442 0.228949
vt 0.217924 0.219536
vt 0.230722 0.219347
vt 0.218095 0.209435
vt 0.230976 0.209245
vt 0.218244 0.199822
vt 0.231177 0.199631
vt 0.218357 0.191638
vt 0.231308 0.191447
vt 0.203971 0.237126
vt 0.204011 0.228964
vt 0.204076 0.219362
vt 0.204158 0.209260
vt 0.204251 0.199647
vt 0.204344 0.191462
vt 0.191399 0.236624
vt 0.191325 0.228458
vt 0.191286 0.218852
vt 0.191287 0.208746
vt 0.191327 0.199131
vt 0.191402 0.190946
vt 0.060086 0.236479
vt 0.050460 0.236749
vt 0.050637 0.228559
vt 0.060350 0.228287
vt 0.050796 0.218928
vt 0.060589 0.218654
vt 0.050922 0.208798
vt 0.060778 0.208522
vt 0.051003 0.199161
vt 0.060899 0.198884
vt 0.051031 0.190960
vt 0.060941 0.190682
vt 0.037883 0.236895
vt 0.037945 0.228707
vt 0.038001 0.219077
vt 0.038045 0.208948
vt 0.038074 0.199311
vt 0.038083 0.191110
vt 0.024269 0.236895
vt 0.024207 0.228707
vt 0.024152 0.219077
vt 0.024107 0.208948
vt 0.024079 0.199311
vt 0.024069 0.191110
vt 0.011692 0.236749
vt 0.011516 0.228559
vt 0.011357 0.218928
vt 0.011230 0.208798
vt 0.011149 0.199161
vt 0.011121 0.190960
vt 0.002066 0.236479
vt 0.001802 0.228287
vt 0.001564 0.218654
vt 0.001375 0.208522
vt 0.001253 0.198884
vt 0.001212 0.190682
vt 0.112612 0.236700
vt 0.112789 0.228536
vt 0.112948 0.218931
vt 0.113074 0.208826
vt 0.113155 0.199211
vt 0.113183 0.191026
vt 0.286621 0.087891
vt 0.286621 0.078117
vt 0.287247 0.077992
vt 0.287247 0.088016
vt 0.287812 0.077880
vt 0.287812 0.088128
vt 0.235841 0.341588
vt 0.235942 0.331340
vt 0.236425 0.331255
vt 0.236323 0.341682
vt 0.237015 0.331204
vt 0.236911 0.341745
vt 0.237654 0.331190
vt 0.237550 0.341771
vt 0.282880 0.096921
vt 0.283411 0.097276
vt 0.283890 0.097596
vt 0.288261 0.088217
vt 0.284271 0.097850
vt 0.235965 0.351312
vt 0.236550 0.351481
vt 0.237187 0.351543
vt 0.275969 0.103833
vt 0.276324 0.104364
vt 0.276644 0.104843
vt 0.276898 0.105223
vt 0.251790 0.204578
vt 0.252277 0.211951
vt 0.251695 0.212195
vt 0.251203 0.204741
vt 0.251060 0.212279
vt 0.250566 0.204798
vt 0.266938 0.107573
vt 0.267063 0.108200
vt 0.267175 0.108765
vt 0.267265 0.109214
vt 0.251527 0.194945
vt 0.250937 0.195002
vt 0.250298 0.195022
vt 0.257164 0.107573
vt 0.257039 0.108200
vt 0.256927 0.108765
vt 0.252009 0.184607
vt 0.252009 0.194856
vt 0.251527 0.184518
vt 0.250937 0.184461
vt 0.250298 0.184441
vt 0.248134 0.103833
vt 0.247779 0.104364
vt 0.247459 0.104843
vt 0.256838 0.109214
vt 0.247205 0.105223
vt 0.251790 0.174885
vt 0.251203 0.174722
vt 0.250566 0.174666
vt 0.241222 0.096921
vt 0.240691 0.097276
vt 0.240212 0.097596
vt 0.239832 0.097850
vt 0.252277 0.167512
vt 0.251695 0.167268
vt 0.251401 0.253609
vt 0.251966 0.261058
vt 0.251331 0.261149
vt 0.250764 0.253672
vt 0.237482 0.087891
vt 0.236855 0.088016
vt 0.236290 0.088128
vt 0.235841 0.088217
vt 0.251628 0.243810
vt 0.251986 0.253441
vt 0.251039 0.243874
vt 0.250401 0.243900
vt 0.237482 0.078117
vt 0.236855 0.077992
vt 0.236290 0.077880
vt 0.252009 0.233469
vt 0.252109 0.243717
vt 0.251526 0.233384
vt 0.250936 0.233333
vt 0.250297 0.233319
vt 0.241222 0.069086
vt 0.240691 0.068731
vt 0.240212 0.068411
vt 0.235841 0.077790
vt 0.239832 0.068157
vt 0.251695 0.223749
vt 0.251107 0.223591
vt 0.250468 0.223541
vt 0.248134 0.062175
vt 0.247779 0.061644
vt 0.247459 0.061165
vt 0.247205 0.060784
vt 0.252109 0.216371
vt 0.251526 0.216133
vt 0.250889 0.216055
vt 0.257164 0.058434
vt 0.257039 0.057808
vt 0.256927 0.057243
vt 0.256838 0.056794
vt 0.251555 0.292816
vt 0.251666 0.302449
vt 0.251088 0.302613
vt 0.250975 0.292873
vt 0.250453 0.302669
vt 0.250339 0.292893
vt 0.266938 0.058434
vt 0.267063 0.057808
vt 0.267175 0.057243
vt 0.252021 0.282479
vt 0.252021 0.292727
vt 0.251555 0.282389
vt 0.250975 0.282332
vt 0.250339 0.282312
vt 0.275969 0.062175
vt 0.276324 0.061644
vt 0.276644 0.061165
vt 0.267265 0.056794
vt 0.276898 0.060784
vt 0.251666 0.272756
vt 0.251088 0.272593
vt 0.250453 0.272537
vt 0.282880 0.069086
vt 0.283411 0.068731
vt 0.283890 0.068411
vt 0.284271 0.068157
vt 0.236256 0.321620
vt 0.235841 0.314243
vt 0.236425 0.314004
vt 0.236844 0.321462
vt 0.237062 0.313926
vt 0.237482 0.321413
vt 0.288261 0.077790
vt 0.089185 0.995834
vt 0.097272 0.995834
vt 0.097300 0.996474
vt 0.089157 0.996474
vt 0.097364 0.997064
vt 0.089092 0.997064
vt 0.097459 0.997548
vt 0.088997 0.997548
vt 0.283321 0.087235
vt 0.283321 0.078773
vt 0.283905 0.078657
vt 0.283905 0.087351
vt 0.284538 0.078531
vt 0.284538 0.087477
vt 0.081713 0.995629
vt 0.081634 0.996268
vt 0.081450 0.996855
vt 0.279678 0.094782
vt 0.282844 0.087140
vt 0.280083 0.095052
vt 0.280578 0.095383
vt 0.281115 0.095742
vt 0.075994 0.995252
vt 0.075876 0.995888
vt 0.075601 0.996469
vt 0.273829 0.100631
vt 0.274100 0.101036
vt 0.274430 0.101531
vt 0.274789 0.102067
vt 0.168003 0.995890
vt 0.175473 0.995620
vt 0.175557 0.996258
vt 0.168036 0.996530
vt 0.175746 0.996843
vt 0.168106 0.997120
vt 0.266187 0.103797
vt 0.266282 0.104274
vt 0.266398 0.104858
vt 0.266524 0.105491
vt 0.159916 0.995961
vt 0.159894 0.996601
vt 0.159834 0.997192
vt 0.168205 0.997602
vt 0.159744 0.997676
vt 0.257820 0.104274
vt 0.257704 0.104858
vt 0.257578 0.105491
vt 0.152442 0.995823
vt 0.152369 0.996462
vt 0.152191 0.997051
vt 0.250273 0.100631
vt 0.257915 0.103797
vt 0.250003 0.101036
vt 0.249672 0.101531
vt 0.249313 0.102067
vt 0.146721 0.995495
vt 0.146608 0.996133
vt 0.146338 0.996716
vt 0.244424 0.094782
vt 0.244019 0.095052
vt 0.243524 0.095383
vt 0.242988 0.095742
vt 0.205288 0.995992
vt 0.212762 0.995881
vt 0.212833 0.996521
vt 0.205308 0.996632
vt 0.213009 0.997110
vt 0.205365 0.997223
vt 0.241258 0.087140
vt 0.240781 0.087235
vt 0.240197 0.087351
vt 0.239564 0.087477
vt 0.197202 0.995890
vt 0.197166 0.996530
vt 0.197094 0.997119
vt 0.205454 0.997708
vt 0.196993 0.997601
vt 0.240781 0.078773
vt 0.240197 0.078657
vt 0.239564 0.078531
vt 0.189733 0.995592
vt 0.189646 0.996230
vt 0.189455 0.996815
vt 0.244424 0.071226
vt 0.241258 0.078868
vt 0.244019 0.070955
vt 0.243524 0.070625
vt 0.242988 0.070266
vt 0.184019 0.995143
vt 0.183893 0.995777
vt 0.183611 0.996355
vt 0.250273 0.065376
vt 0.250003 0.064972
vt 0.249672 0.064477
vt 0.249313 0.063940
vt 0.035120 0.997573
vt 0.042592 0.997486
vt 0.042671 0.998122
vt 0.035148 0.998209
vt 0.042854 0.998700
vt 0.035212 0.998788
vt 0.257915 0.062211
vt 0.257820 0.061734
vt 0.257704 0.061150
vt 0.257578 0.060517
vt 0.027032 0.997573
vt 0.027005 0.998209
vt 0.026940 0.998788
vt 0.266187 0.062211
vt 0.266282 0.061734
vt 0.266398 0.061150
vt 0.266524 0.060517
vt 0.019561 0.997486
vt 0.019482 0.998122
vt 0.019298 0.998700
vt 0.273829 0.065376
vt 0.274100 0.064972
vt 0.274430 0.064477
vt 0.274789 0.063940
vt 0.104744 0.995629
vt 0.110463 0.995252
vt 0.110581 0.995888
vt 0.104823 0.996268
vt 0.110856 0.996469
vt 0.105007 0.996855
vt 0.279678 0.071226
vt 0.280083 0.070955
vt 0.280578 0.070625
vt 0.281115 0.070266
vt 0.282844 0.078868
vt 0.181188 0.995192
vt 0.150848 0.903861
vt 0.190104 0.903617
vt 0.105528 0.903657
vt 0.250829 0.341901
vt 0.250933 0.331320
vt 0.251558 0.331346
vt 0.251455 0.341887
vt 0.252109 0.331409
vt 0.252007 0.341835
vt 0.247205 0.115627
vt 0.256838 0.111637
vt 0.256927 0.112085
vt 0.247459 0.116007
vt 0.257039 0.112651
vt 0.247779 0.116486
vt 0.257164 0.113277
vt 0.248134 0.117018
vt 0.250466 0.351673
vt 0.251094 0.351623
vt 0.251649 0.351465
vt 0.239832 0.123000
vt 0.240212 0.123254
vt 0.240691 0.123574
vt 0.241222 0.123929
vt 0.237286 0.204798
vt 0.237780 0.212279
vt 0.237151 0.212195
vt 0.236659 0.204741
vt 0.236591 0.211951
vt 0.236105 0.204578
vt 0.235841 0.132633
vt 0.236290 0.132722
vt 0.236855 0.132835
vt 0.237482 0.132959
vt 0.237018 0.195022
vt 0.236393 0.195002
vt 0.235841 0.194945
vt 0.235841 0.143060
vt 0.236290 0.142971
vt 0.236855 0.142858
vt 0.237482 0.142734
vt 0.237018 0.184441
vt 0.236393 0.184461
vt 0.235841 0.184518
vt 0.239832 0.152693
vt 0.240212 0.152439
vt 0.240691 0.152119
vt 0.241222 0.151764
vt 0.237286 0.174666
vt 0.236659 0.174722
vt 0.236105 0.174885
vt 0.247205 0.160066
vt 0.247459 0.159686
vt 0.247779 0.159207
vt 0.248134 0.158675
vt 0.237484 0.253802
vt 0.238051 0.261279
vt 0.237422 0.261201
vt 0.236857 0.253752
vt 0.236860 0.260962
vt 0.236301 0.253594
vt 0.256838 0.164056
vt 0.256927 0.163608
vt 0.257039 0.163042
vt 0.257164 0.162416
vt 0.237121 0.244030
vt 0.236495 0.244016
vt 0.235944 0.243964
vt 0.267265 0.164056
vt 0.267175 0.163608
vt 0.267063 0.163042
vt 0.266938 0.162416
vt 0.237018 0.233449
vt 0.236392 0.233475
vt 0.235841 0.233538
vt 0.276898 0.160066
vt 0.276644 0.159686
vt 0.276324 0.159207
vt 0.275969 0.158675
vt 0.237189 0.223671
vt 0.236563 0.223734
vt 0.236010 0.223902
vt 0.284271 0.152693
vt 0.283890 0.152439
vt 0.283411 0.152119
vt 0.282880 0.151764
vt 0.237149 0.302669
vt 0.237358 0.310151
vt 0.236727 0.310066
vt 0.236518 0.302613
vt 0.236160 0.309822
vt 0.235953 0.302449
vt 0.288261 0.143060
vt 0.287812 0.142971
vt 0.287247 0.142858
vt 0.286621 0.142734
vt 0.237035 0.292893
vt 0.236405 0.292873
vt 0.235841 0.292816
vt 0.288261 0.132633
vt 0.287812 0.132722
vt 0.287247 0.132835
vt 0.286621 0.132959
vt 0.237035 0.282312
vt 0.236405 0.282332
vt 0.235841 0.282389
vt 0.284271 0.123000
vt 0.283890 0.123254
vt 0.283411 0.123574
vt 0.282880 0.123929
vt 0.237149 0.272537
vt 0.236518 0.272593
vt 0.235953 0.272756
vt 0.276898 0.115627
vt 0.276644 0.116007
vt 0.276324 0.116486
vt 0.275969 0.117018
vt 0.237358 0.265055
vt 0.236727 0.265139
vt 0.236160 0.265383
vt 0.267265 0.111637
vt 0.267175 0.112085
vt 0.267063 0.112651
vt 0.266938 0.113277
vt 0.250761 0.321543
vt 0.251388 0.321605
vt 0.251940 0.321773
vt 0.100236 0.023409
vt 0.086221 0.023409
vt 0.086242 0.021627
vt 0.100215 0.021627
vt 0.086301 0.019559
vt 0.100156 0.019559
vt 0.086392 0.017408
vt 0.100065 0.017408
vt 0.086508 0.015385
vt 0.099949 0.015385
vt 0.086637 0.013687
vt 0.099820 0.013687
vt 0.073274 0.023055
vt 0.073332 0.021274
vt 0.073500 0.019209
vt 0.073761 0.017063
vt 0.074091 0.015046
vt 0.074456 0.013354
vt 0.063364 0.022401
vt 0.063451 0.020622
vt 0.063702 0.018562
vt 0.064094 0.016425
vt 0.064587 0.014418
vt 0.065134 0.012739
vt 0.175340 0.023009
vt 0.162396 0.023477
vt 0.162360 0.021695
vt 0.175266 0.021228
vt 0.162282 0.019628
vt 0.175080 0.019165
vt 0.162171 0.017478
vt 0.174799 0.017021
vt 0.162038 0.015456
vt 0.174452 0.015007
vt 0.161895 0.013759
vt 0.174072 0.013319
vt 0.148382 0.023600
vt 0.148386 0.021818
vt 0.148427 0.019750
vt 0.148500 0.017598
vt 0.148598 0.015574
vt 0.148711 0.013875
vt 0.135431 0.023360
vt 0.135474 0.021579
vt 0.135623 0.019513
vt 0.135866 0.017364
vt 0.136178 0.015344
vt 0.136528 0.013650
vt 0.125516 0.022794
vt 0.125587 0.021014
vt 0.125820 0.018952
vt 0.126193 0.016811
vt 0.126669 0.014800
vt 0.127201 0.013116
vt 0.233418 0.023490
vt 0.220467 0.023681
vt 0.220469 0.021899
vt 0.233383 0.021708
vt 0.220436 0.019830
vt 0.233241 0.019641
vt 0.220371 0.017679
vt 0.233006 0.017492
vt 0.220281 0.015654
vt 0.232702 0.015471
vt 0.220174 0.013955
vt 0.232358 0.013775
vt 0.206454 0.023505
vt 0.206497 0.021723
vt 0.206582 0.019656
vt 0.206700 0.017507
vt 0.206842 0.015485
vt 0.206991 0.013789
vt 0.193512 0.022988
vt 0.193592 0.021208
vt 0.193786 0.019146
vt 0.194074 0.017003
vt 0.194429 0.014990
vt 0.194816 0.013303
vt 0.183611 0.022210
vt 0.183720 0.020432
vt 0.183997 0.018376
vt 0.184416 0.016243
vt 0.184934 0.014243
vt 0.185502 0.012571
vt 0.051031 0.022688
vt 0.038083 0.022838
vt 0.038063 0.021057
vt 0.050973 0.020907
vt 0.038004 0.018996
vt 0.050805 0.018848
vt 0.037912 0.016859
vt 0.050544 0.016713
vt 0.037796 0.014855
vt 0.050214 0.014711
vt 0.037668 0.013179
vt 0.049848 0.013037
vt 0.024069 0.022838
vt 0.024089 0.021057
vt 0.024148 0.018996
vt 0.024240 0.016859
vt 0.024356 0.014855
vt 0.024484 0.013179
vt 0.011121 0.022688
vt 0.011179 0.020907
vt 0.011347 0.018848
vt 0.011609 0.016713
vt 0.011938 0.014711
vt 0.012304 0.013037
vt 0.123093 0.022401
vt 0.113183 0.023055
vt 0.113126 0.021274
vt 0.123006 0.020622
vt 0.112958 0.019209
vt 0.122755 0.018562
vt 0.112696 0.017063
vt 0.122364 0.016425
vt 0.112366 0.015046
vt 0.121870 0.014418
vt 0.112001 0.013354
vt 0.121323 0.012739
vt 0.060941 0.022410
vt 0.001212 0.022410
vt 0.150005 0.001650
vt 0.160386 0.001558
vt 0.160588 0.002612
vt 0.149821 0.002707
vt 0.160805 0.003921
vt 0.149627 0.004020
vt 0.161016 0.005358
vt 0.149442 0.005460
vt 0.161200 0.006782
vt 0.149283 0.006887
vt 0.161340 0.008054
vt 0.149166 0.008161
vt 0.256746 0.002180
vt 0.247155 0.006153
vt 0.246606 0.005332
vt 0.256553 0.001212
vt 0.036460 0.002232
vt 0.046407 0.002116
vt 0.046992 0.003386
vt 0.036665 0.003506
vt 0.047557 0.004785
vt 0.036863 0.004909
vt 0.048046 0.006177
vt 0.037035 0.006305
vt 0.048411 0.007425
vt 0.037163 0.007556
vt 0.169974 0.001212
vt 0.170532 0.002252
vt 0.171129 0.003548
vt 0.171706 0.004972
vt 0.172208 0.006384
vt 0.172584 0.007648
vt 0.239814 0.013494
vt 0.238993 0.012945
vt 0.238117 0.012360
vt 0.246021 0.004456
vt 0.189898 0.002922
vt 0.197795 0.003543
vt 0.197212 0.004965
vt 0.189035 0.004322
vt 0.196706 0.006376
vt 0.188286 0.005714
vt 0.196324 0.007638
vt 0.187724 0.006961
vt 0.276718 0.050398
vt 0.284059 0.043057
vt 0.284880 0.043606
vt 0.277267 0.051219
vt 0.285757 0.044191
vt 0.277853 0.052095
vt 0.069409 0.003036
vt 0.077313 0.003558
vt 0.076748 0.004987
vt 0.068563 0.004446
vt 0.076259 0.006404
vt 0.067831 0.005847
vt 0.180630 0.005754
vt 0.181188 0.007003
vt 0.198959 0.001212
vt 0.208546 0.001594
vt 0.208340 0.002647
vt 0.198397 0.002250
vt 0.208118 0.003955
vt 0.207901 0.005392
vt 0.207712 0.006815
vt 0.207568 0.008086
vt 0.078447 0.001212
vt 0.088038 0.001474
vt 0.087845 0.002529
vt 0.077898 0.002257
vt 0.087640 0.003840
vt 0.087441 0.005279
vt 0.087270 0.006705
vt 0.087141 0.007978
vt 0.075893 0.007670
vt 0.218926 0.001725
vt 0.219106 0.002782
vt 0.219295 0.004096
vt 0.219475 0.005537
vt 0.219629 0.006965
vt 0.219741 0.008239
vt 0.098419 0.001474
vt 0.108010 0.001212
vt 0.108559 0.002257
vt 0.098612 0.002529
vt 0.109144 0.003558
vt 0.098817 0.003840
vt 0.109709 0.004987
vt 0.099016 0.005279
vt 0.110198 0.006404
vt 0.099188 0.006705
vt 0.110564 0.007670
vt 0.099316 0.007978
vt 0.228520 0.001583
vt 0.229056 0.002635
vt 0.229625 0.003943
vt 0.230171 0.005379
vt 0.230643 0.006802
vt 0.230992 0.008073
vt 0.284059 0.013494
vt 0.276718 0.006153
vt 0.277267 0.005332
vt 0.284880 0.012945
vt 0.277853 0.004456
vt 0.285757 0.012360
vt 0.117048 0.003036
vt 0.117894 0.004446
vt 0.118626 0.005847
vt 0.119172 0.007102
vt 0.239814 0.043057
vt 0.247155 0.050398
vt 0.246606 0.051219
vt 0.238993 0.043606
vt 0.246021 0.052095
vt 0.238117 0.044192
vt 0.131390 0.003376
vt 0.139298 0.003828
vt 0.138746 0.005262
vt 0.130557 0.004794
vt 0.138270 0.006683
vt 0.129838 0.006201
vt 0.137915 0.007953
vt 0.129302 0.007461
vt 0.267127 0.002180
vt 0.267320 0.001212
vt 0.015746 0.002116
vt 0.025693 0.002232
vt 0.025487 0.003506
vt 0.015160 0.003386
vt 0.025289 0.004909
vt 0.014595 0.004785
vt 0.025117 0.006305
vt 0.014106 0.006177
vt 0.024989 0.007556
vt 0.013741 0.007425
vt 0.140412 0.001472
vt 0.139872 0.002522
vt 0.025885 0.001212
vt 0.036267 0.001212
vt 0.256746 0.054371
vt 0.267127 0.054371
vt 0.235841 0.033466
vt 0.288032 0.023085
vt 0.235841 0.023085
vt 0.288032 0.033466
vt 0.067285 0.007102
vt 0.239652 0.272252
vt 0.239865 0.264629
vt 0.241343 0.264446
vt 0.241127 0.272130
vt 0.243082 0.264350
vt 0.242866 0.272066
vt 0.244912 0.264350
vt 0.244696 0.272066
vt 0.242826 0.313278
vt 0.243259 0.320998
vt 0.241515 0.321045
vt 0.241083 0.313357
vt 0.240023 0.321153
vt 0.239595 0.313525
vt 0.239536 0.282212
vt 0.241011 0.282169
vt 0.242749 0.282147
vt 0.244579 0.282147
vt 0.246440 0.272130
vt 0.246323 0.282169
vt 0.247926 0.272252
vt 0.247810 0.282212
vt 0.239536 0.292993
vt 0.241011 0.293036
vt 0.242749 0.293058
vt 0.244579 0.293058
vt 0.246323 0.293036
vt 0.247810 0.292993
vt 0.239652 0.302953
vt 0.241127 0.303075
vt 0.242866 0.303139
vt 0.244696 0.303139
vt 0.246440 0.303075
vt 0.247926 0.302953
vt 0.239865 0.310577
vt 0.241343 0.310759
vt 0.243082 0.310855
vt 0.244912 0.310855
vt 0.244691 0.223127
vt 0.245125 0.215407
vt 0.246868 0.215486
vt 0.246436 0.223174
vt 0.248356 0.215654
vt 0.247928 0.223282
vt 0.239494 0.233325
vt 0.239668 0.223362
vt 0.241133 0.223226
vt 0.240957 0.233268
vt 0.242864 0.223145
vt 0.242687 0.233228
vt 0.244514 0.233210
vt 0.246260 0.233216
vt 0.247753 0.233244
vt 0.239599 0.244105
vt 0.241064 0.244134
vt 0.242794 0.244139
vt 0.244621 0.244121
vt 0.246366 0.244082
vt 0.247858 0.244024
vt 0.239969 0.254062
vt 0.241436 0.254170
vt 0.243168 0.254217
vt 0.244996 0.254199
vt 0.246739 0.254118
vt 0.248228 0.253982
vt 0.240547 0.261680
vt 0.242019 0.261848
vt 0.243753 0.261927
vt 0.242966 0.174195
vt 0.243475 0.166479
vt 0.245302 0.166479
vt 0.244793 0.174195
vt 0.247044 0.166575
vt 0.246537 0.174259
vt 0.247322 0.261796
vt 0.248806 0.261600
vt 0.239495 0.184341
vt 0.239768 0.174381
vt 0.241234 0.174259
vt 0.240960 0.184298
vt 0.242690 0.184276
vt 0.244517 0.184276
vt 0.246263 0.184298
vt 0.248027 0.174381
vt 0.247755 0.184341
vt 0.239495 0.195122
vt 0.240960 0.195165
vt 0.242690 0.195187
vt 0.244517 0.195187
vt 0.246263 0.195165
vt 0.247755 0.195122
vt 0.239768 0.205082
vt 0.241234 0.205204
vt 0.242966 0.205268
vt 0.244793 0.205268
vt 0.246537 0.205204
vt 0.248027 0.205082
vt 0.240271 0.212706
vt 0.241741 0.212888
vt 0.243475 0.212984
vt 0.245302 0.212984
vt 0.247044 0.212888
vt 0.248531 0.212706
vt 0.248351 0.341976
vt 0.247982 0.351934
vt 0.246514 0.352041
vt 0.246887 0.342005
vt 0.244782 0.352088
vt 0.245156 0.342010
vt 0.242955 0.352070
vt 0.243329 0.341992
vt 0.241211 0.351989
vt 0.241584 0.341953
vt 0.239722 0.351853
vt 0.240092 0.341895
vt 0.248282 0.321233
vt 0.248457 0.331196
vt 0.246993 0.331139
vt 0.246817 0.321097
vt 0.245263 0.331099
vt 0.245086 0.321016
vt 0.243436 0.331082
vt 0.241691 0.331087
vt 0.240198 0.331115
s 1
usemtl metal_bat
f 1/1/1 2/2/2 4/3/4 3/4/3
f 3/4/3 4/3/4 6/5/6 5/6/5
f 5/6/5 6/5/6 8/7/8 7/8/7
f 7/9/7 8/10/8 10/11/10 9/12/9
f 9/12/9 10/11/10 12/13/12 11/14/11
f 11/14/11 12/13/12 14/15/14 13/16/13
f 13/16/13 14/15/14 16/17/16 15/18/15
f 15/19/15 16/20/16 18/21/18 17/22/17
f 17/22/17 18/21/18 20/23/20 19/24/19
f 19/24/19 20/23/20 22/25/22 21/26/21
f 21/27/21 22/28/22 24/29/24 23/30/23
f 23/30/23 24/29/24 26/31/26 25/32/25
f 25/32/25 26/31/26 28/33/28 27/34/27
f 27/34/27 28/33/28 30/35/30 29/36/29
f 10/11/10 8/10/8 36/37/36 37/38/37
f 29/36/29 30/35/30 32/39/32 31/40/31
f 31/41/31 32/42/32 2/2/2 1/1/1
f 15/19/15 17/22/17 105/43/105 104/44/104
f 38/45/38 37/38/37 53/46/53 54/47/54
f 20/23/20 18/21/18 41/48/41 42/49/42
f 30/35/30 28/33/28 46/50/46 47/51/47
f 6/5/6 4/3/4 34/52/34 35/53/35
f 16/17/16 14/15/14 39/54/39 40/55/40
f 26/31/26 24/29/24 44/56/44 45/57/45
f 12/13/12 10/11/10 37/38/37 38/45/38
f 22/25/22 20/23/20 42/49/42 43/58/43
f 32/39/32 30/35/30 47/51/47 48/59/48
f 8/10/8 6/60/6 35/61/35 36/37/36
f 18/21/18 16/20/16 40/62/40 41/48/41
f 4/3/4 2/2/2 33/63/33 34/52/34
f 28/33/28 26/31/26 45/57/45 46/50/46
f 14/15/14 12/13/12 38/45/38 39/54/39
f 24/29/24 22/28/22 43/64/43 44/56/44
f 2/2/2 32/42/32 48/65/48 33/63/33
f 82/66/82 81/67/81 74/68/74 75/69/75
f 46/50/46 45/57/45 61/70/61 62/71/62
f 39/54/39 38/45/38 54/47/54 55/72/55
f 47/51/47 46/50/46 62/71/62 63/73/63
f 40/55/40 39/54/39 55/72/55 56/74/56
f 48/59/48 47/51/47 63/73/63 64/75/64
f 41/48/41 40/62/40 56/76/56 57/77/57
f 34/52/34 33/63/33 49/78/49 50/79/50
f 33/63/33 48/65/48 64/80/64 49/78/49
f 42/49/42 41/48/41 57/77/57 58/81/58
f 35/53/35 34/52/34 50/79/50 51/82/51
f 43/58/43 42/49/42 58/81/58 59/83/59
f 36/37/36 35/61/35 51/84/51 52/85/52
f 44/56/44 43/64/43 59/86/59 60/87/60
f 37/38/37 36/37/36 52/85/52 53/46/53
f 45/57/45 44/56/44 60/87/60 61/70/61
f 84/88/84 83/89/83 67/90/67 68/91/68
f 85/92/85 82/93/82 75/94/75 76/95/76
f 86/96/86 84/88/84 68/91/68 69/97/69
f 87/98/87 85/92/85 76/95/76 77/99/77
f 88/100/88 86/96/86 69/97/69 70/101/70
f 89/102/89 87/98/87 77/99/77 78/103/78
f 90/104/90 88/100/88 70/101/70 71/105/71
f 91/106/91 89/102/89 78/103/78 79/107/79
f 92/108/92 90/109/90 71/110/71 72/111/72
f 93/112/93 91/106/91 79/107/79 80/113/80
f 94/114/94 92/108/92 72/111/72 73/115/73
f 96/116/96 95/117/95 65/118/65 66/119/66
f 95/117/95 93/120/93 80/121/80 65/118/65
f 81/67/81 94/114/94 73/115/73 74/68/74
f 83/122/83 96/116/96 66/119/66 67/123/67
f 51/82/51 50/79/50 96/116/96 83/122/83
f 58/81/58 57/77/57 94/114/94 81/67/81
f 49/78/49 64/80/64 93/120/93 95/117/95
f 50/79/50 49/78/49 95/117/95 96/116/96
f 57/77/57 56/76/56 92/108/92 94/114/94
f 64/75/64 63/73/63 91/106/91 93/112/93
f 56/74/56 55/72/55 90/104/90 92/124/92
f 63/73/63 62/71/62 89/102/89 91/106/91
f 55/72/55 54/47/54 88/100/88 90/104/90
f 62/71/62 61/70/61 87/98/87 89/102/89
f 54/47/54 53/46/53 86/96/86 88/100/88
f 61/70/61 60/87/60 85/92/85 87/98/87
f 53/46/53 52/85/52 84/88/84 86/96/86
f 60/87/60 59/86/59 82/93/82 85/92/85
f 52/85/52 51/84/51 83/89/83 84/88/84
f 59/83/59 58/81/58 81/67/81 82/66/82
f 1/1/1 3/4/3 98/125/98 97/126/97
f 25/32/25 27/34/27 110/127/110 109/128/109
f 11/14/11 13/16/13 103/129/103 102/130/102
f 21/27/21 23/30/23 108/131/108 107/132/107
f 31/41/31 1/1/1 97/126/97 112/133/112
f 7/9/7 9/12/9 101/134/101 100/135/100
f 17/22/17 19/24/19 106/136/106 105/43/105
f 27/34/27 29/36/29 111/137/111 110/127/110
f 3/4/3 5/6/5 99/138/99 98/125/98
f 13/16/13 15/18/15 104/139/104 103/129/103
f 23/30/23 25/32/25 109/128/109 108/131/108
f 9/12/9 11/14/11 102/130/102 101/134/101
f 19/24/19 21/26/21 107/140/107 106/136/106
f 29/36/29 31/40/31 112/141/112 111/137/111
f 5/6/5 7/8/7 100/142/100 99/138/99
f 142/143/142 129/144/129 126/145/126 125/146/125
f 113/147/113 114/148/114 115/149/115 116/150/116 117/151/117 118/152/118 119/153/119 120/154/120 121/155/121 122/156/122 123/157/123 124/158/124 125/146/125 126/145/126 127/159/127 128/160/128
f 143/161/143 130/162/130 119/153/119 118/152/118
f 129/144/129 131/163/131 127/159/127 126/145/126
f 130/162/130 132/164/132 120/154/120 119/153/119
f 131/163/131 133/165/133 128/160/128 127/159/127
f 132/164/132 134/166/134 121/155/121 120/154/120
f 144/167/144 135/168/135 114/148/114 113/147/113
f 133/165/133 144/167/144 113/147/113 128/160/128
f 134/166/134 136/169/136 122/156/122 121/155/121
f 135/168/135 137/170/137 115/149/115 114/148/114
f 136/169/136 138/171/138 123/157/123 122/156/122
f 137/170/137 139/172/139 116/150/116 115/149/115
f 138/171/138 140/173/140 124/158/124 123/157/123
f 139/172/139 141/174/141 117/151/117 116/150/116
f 140/173/140 142/143/142 125/146/125 124/158/124
f 141/174/141 143/161/143 118/152/118 117/151/117
f 146/175/146 151/176/151 153/177/153 150/178/150
f 150/178/150 153/177/153 154/179/154 149/180/149
f 149/180/149 154/179/154 155/181/155 148/182/148
f 148/182/148 155/181/155 156/183/156 147/184/147
f 147/184/147 156/183/156 152/185/152 145/186/145
f 151/176/151 157/187/157 159/188/159 153/177/153
f 153/177/153 159/188/159 160/189/160 154/179/154
f 154/179/154 160/189/160 161/190/161 155/181/155
f 155/181/155 161/190/161 162/191/162 156/183/156
f 156/183/156 162/191/162 158/192/158 152/185/152
f 157/187/157 163/193/163 165/194/165 159/188/159
f 159/188/159 165/194/165 166/195/166 160/189/160
f 160/189/160 166/195/166 167/196/167 161/190/161
f 161/190/161 167/196/167 168/197/168 162/191/162
f 162/191/162 168/197/168 164/198/164 158/192/158
f 163/199/163 169/200/169 171/201/171 165/202/165
f 165/202/165 171/201/171 172/203/172 166/204/166
f 166/204/166 172/203/172 173/205/173 167/206/167
f 167/206/167 173/205/173 174/207/174 168/208/168
f 168/208/168 174/207/174 170/209/170 164/210/164
f 169/200/169 175/211/175 177/212/177 171/201/171
f 171/201/171 177/212/177 178/213/178 172/203/172
f 172/203/172 178/213/178 179/214/179 173/205/173
f 173/205/173 179/214/179 180/215/180 174/207/174
f 174/207/174 180/215/180 176/216/176 170/209/170
f 175/211/175 181/217/181 183/218/183 177/212/177
f 177/212/177 183/218/183 184/219/184 178/213/178
f 178/213/178 184/219/184 185/220/185 179/214/179
f 179/214/179 185/220/185 186/221/186 180/215/180
f 180/215/180 186/221/186 182/222/182 176/216/176
f 181/217/181 187/223/187 189/224/189 183/218/183
f 183/218/183 189/224/189 190/225/190 184/219/184
f 184/219/184 190/225/190 191/226/191 185/220/185
f 185/220/185 191/226/191 192/227/192 186/221/186
f 186/221/186 192/227/192 188/228/188 182/222/182
f 187/229/187 193/230/193 195/231/195 189/232/189
f 189/232/189 195/231/195 196/233/196 190/234/190
f 190/234/190 196/233/196 197/235/197 191/236/191
f 191/236/191 197/235/197 198/237/198 192/238/192
f 192/238/192 198/237/198 194/239/194 188/240/188
f 193/230/193 199/241/199 201/242/201 195/231/195
f 195/231/195 201/242/201 202/243/202 196/233/196
f 196/233/196 202/243/202 203/244/203 197/235/197
f 197/235/197 203/244/203 204/245/204 198/237/198
f 198/237/198 204/245/204 200/246/200 194/239/194
f 199/241/199 205/247/205 207/248/207 201/242/201
f 201/242/201 207/248/207 208/249/208 202/243/202
f 202/243/202 208/249/208 209/250/209 203/244/203
f 203/244/203 209/250/209 210/251/210 204/245/204
f 204/245/204 210/251/210 206/252/206 200/246/200
f 205/253/205 211/254/211 213/255/213 207/256/207
f 207/256/207 213/255/213 214/257/214 208/258/208
f 208/258/208 214/257/214 215/259/215 209/260/209
f 209/260/209 215/259/215 216/261/216 210/262/210
f 210/262/210 216/261/216 212/263/212 206/264/206
f 211/254/211 217/265/217 219/266/219 213/255/213
f 213/255/213 219/266/219 220/267/220 214/257/214
f 214/257/214 220/267/220 221/268/221 215/259/215
f 215/259/215 221/268/221 222/269/222 216/261/216
f 216/261/216 222/269/222 218/270/218 212/263/212
f 217/265/217 223/271/223 225/272/225 219/266/219
f 219/266/219 225/272/225 226/273/226 220/267/220
f 220/267/220 226/273/226 227/274/227 221/268/221
f 221/268/221 227/274/227 228/275/228 222/269/222
f 222/269/222 228/275/228 224/276/224 218/270/218
f 223/271/223 229/277/229 231/278/231 225/272/225
f 225/272/225 231/278/231 232/279/232 226/273/226
f 226/273/226 232/279/232 233/280/233 227/274/227
f 227/274/227 233/280/233 234/281/234 228/275/228
f 228/275/228 234/281/234 230/282/230 224/276/224
f 229/277/229 235/283/235 237/284/237 231/278/231
f 231/278/231 237/284/237 238/285/238 232/279/232
f 232/279/232 238/285/238 239/286/239 233/280/233
f 233/280/233 239/286/239 240/287/240 234/281/234
f 234/281/234 240/287/240 236/288/236 230/282/230
f 235/289/235 146/175/146 150/178/150 237/290/237
f 237/290/237 150/178/150 149/180/149 238/291/238
f 238/291/238 149/180/149 148/182/148 239/292/239
f 239/292/239 148/182/148 147/184/147 240/293/240
f 240/293/240 147/184/147 145/186/145 236/294/236
f 112/133/112 97/126/97 146/175/146 235/289/235
f 97/126/97 98/125/98 151/176/151 146/175/146
f 98/125/98 99/138/99 157/187/157 151/176/151
f 99/138/99 100/142/100 163/193/163 157/187/157
f 100/135/100 101/134/101 169/200/169 163/199/163
f 101/134/101 102/130/102 175/211/175 169/200/169
f 102/130/102 103/129/103 181/217/181 175/211/175
f 103/129/103 104/139/104 187/223/187 181/217/181
f 104/44/104 105/43/105 193/230/193 187/229/187
f 105/43/105 106/136/106 199/241/199 193/230/193
f 106/136/106 107/140/107 205/247/205 199/241/199
f 107/132/107 108/131/108 211/254/211 205/253/205
f 108/131/108 109/128/109 217/265/217 211/254/211
f 109/128/109 110/127/110 223/271/223 217/265/217
f 110/127/110 111/137/111 229/277/229 223/271/223
f 111/137/111 112/141/112 235/283/235 229/277/229
f 248/295/248 241/296/241 243/297/243 252/298/252
f 252/298/252 243/297/243 244/299/244 251/300/251
f 251/301/251 244/302/244 245/303/245 250/304/250
f 250/304/250 245/303/245 246/305/246 249/306/249
f 249/306/249 246/305/246 242/307/242 247/308/247
f 254/309/254 248/295/248 252/298/252 258/310/258
f 258/310/258 252/298/252 251/300/251 257/311/257
f 257/311/257 251/300/251 250/312/250 256/313/256
f 256/314/256 250/304/250 249/306/249 255/315/255
f 255/315/255 249/306/249 247/308/247 253/316/253
f 260/317/260 254/309/254 258/310/258 264/318/264
f 264/318/264 258/310/258 257/311/257 263/319/263
f 263/319/263 257/311/257 256/313/256 262/320/262
f 262/321/262 256/322/256 255/323/255 261/324/261
f 261/324/261 255/323/255 253/325/253 259/326/259
f 266/327/266 260/317/260 264/318/264 270/328/270
f 270/328/270 264/318/264 263/319/263 269/329/269
f 269/329/269 263/319/263 262/320/262 268/330/268
f 268/331/268 262/321/262 261/324/261 267/332/267
f 267/332/267 261/324/261 259/326/259 265/333/265
f 272/334/272 266/327/266 270/328/270 276/335/276
f 276/335/276 270/328/270 269/329/269 275/336/275
f 275/337/275 269/338/269 268/331/268 274/339/274
f 274/339/274 268/331/268 267/332/267 273/340/273
f 273/340/273 267/332/267 265/333/265 271/341/271
f 278/342/278 272/334/272 276/335/276 282/343/282
f 282/343/282 276/335/276 275/336/275 281/344/281
f 281/344/281 275/336/275 274/345/274 280/346/280
f 280/347/280 274/339/274 273/340/273 279/348/279
f 279/348/279 273/340/273 271/341/271 277/349/277
f 284/350/284 278/342/278 282/343/282 288/351/288
f 288/351/288 282/343/282 281/344/281 287/352/287
f 287/352/287 281/344/281 280/346/280 286/353/286
f 286/354/286 280/347/280 279/348/279 285/355/285
f 285/356/285 279/357/279 277/358/277 283/359/283
f 290/360/290 284/350/284 288/351/288 294/361/294
f 294/361/294 288/351/288 287/352/287 293/362/293
f 293/362/293 287/352/287 286/353/286 292/363/292
f 292/364/292 286/365/286 285/356/285 291/366/291
f 291/366/291 285/356/285 283/359/283 289/367/289
f 296/368/296 290/360/290 294/361/294 300/369/300
f 300/369/300 294/361/294 293/362/293 299/370/299
f 299/371/299 293/372/293 292/364/292 298/373/298
f 298/373/298 292/364/292 291/366/291 297/374/297
f 297/374/297 291/366/291 289/367/289 295/375/295
f 302/376/302 296/368/296 300/369/300 306/377/306
f 306/377/306 300/369/300 299/370/299 305/378/305
f 305/378/305 299/370/299 298/379/298 304/380/304
f 304/381/304 298/373/298 297/374/297 303/382/303
f 303/382/303 297/374/297 295/375/295 301/383/301
f 308/384/308 302/376/302 306/377/306 312/385/312
f 312/385/312 306/377/306 305/378/305 311/386/311
f 311/386/311 305/378/305 304/380/304 310/387/310
f 310/388/310 304/381/304 303/382/303 309/389/309
f 309/389/309 303/382/303 301/383/301 307/390/307
f 314/391/314 308/384/308 312/385/312 318/392/318
f 318/392/318 312/385/312 311/386/311 317/393/317
f 317/393/317 311/386/311 310/387/310 316/394/316
f 316/395/316 310/396/310 309/397/309 315/398/315
f 315/398/315 309/397/309 307/399/307 313/400/313
f 320/401/320 314/391/314 318/392/318 324/402/324
f 324/402/324 318/392/318 317/393/317 323/403/323
f 323/404/323 317/405/317 316/395/316 322/406/322
f 322/406/322 316/395/316 315/398/315 321/407/321
f 321/407/321 315/398/315 313/400/313 319/408/319
f 326/409/326 320/401/320 324/402/324 330/410/330
f 330/410/330 324/402/324 323/403/323 329/411/329
f 329/411/329 323/403/323 322/412/322 328/413/328
f 328/414/328 322/406/322 321/407/321 327/415/327
f 327/415/327 321/407/321 319/408/319 325/416/325
f 332/417/332 326/409/326 330/410/330 336/418/336
f 336/418/336 330/410/330 329/411/329 335/419/335
f 335/419/335 329/411/329 328/413/328 334/420/334
f 334/421/334 328/422/328 327/423/327 333/424/333
f 333/424/333 327/423/327 325/425/325 331/426/331
f 241/296/241 332/417/332 336/418/336 243/297/243
f 243/297/243 336/418/336 335/419/335 244/299/244
f 244/299/244 335/419/335 334/420/334 245/427/245
f 245/303/245 334/421/334 333/424/333 246/305/246
f 246/305/246 333/424/333 331/426/331 242/307/242
f 344/428/344 337/429/337 339/430/339 348/431/348
f 348/431/348 339/430/339 340/432/340 347/433/347
f 347/433/347 340/432/340 341/434/341 346/435/346
f 346/436/346 341/437/341 342/438/342 345/439/345
f 345/439/345 342/438/342 338/440/338 343/441/343
f 350/442/350 344/428/344 348/431/348 354/443/354
f 354/443/354 348/431/348 347/433/347 353/444/353
f 353/445/353 347/446/347 346/436/346 352/447/352
f 352/447/352 346/436/346 345/439/345 351/448/351
f 351/448/351 345/439/345 343/441/343 349/449/349
f 356/450/356 350/442/350 354/443/354 360/451/360
f 360/451/360 354/443/354 353/444/353 359/452/359
f 359/453/359 353/445/353 352/447/352 358/454/358
f 358/454/358 352/447/352 351/448/351 357/455/357
f 357/455/357 351/448/351 349/449/349 355/456/355
f 362/457/362 356/458/356 360/459/360 366/460/366
f 366/460/366 360/459/360 359/461/359 365/462/365
f 365/463/365 359/453/359 358/454/358 364/464/364
f 364/464/364 358/454/358 357/455/357 363/465/363
f 363/465/363 357/455/357 355/456/355 361/466/361
f 368/467/368 362/457/362 366/460/366 372/468/372
f 372/468/372 366/460/366 365/462/365 371/469/371
f 371/469/371 365/462/365 364/470/364 370/471/370
f 370/472/370 364/464/364 363/465/363 369/473/369
f 369/473/369 363/465/363 361/466/361 367/474/367
f 374/475/374 368/467/368 372/468/372 378/476/378
f 378/476/378 372/468/372 371/469/371 377/477/377
f 377/478/377 371/479/371 370/472/370 376/480/376
f 376/480/376 370/472/370 369/473/369 375/481/375
f 375/481/375 369/473/369 367/474/367 373/482/373
f 380/483/380 374/475/374 378/476/378 384/484/384
f 384/484/384 378/476/378 377/477/377 383/485/383
f 383/486/383 377/478/377 376/480/376 382/487/382
f 382/487/382 376/480/376 375/481/375 381/488/381
f 381/488/381 375/481/375 373/482/373 379/489/379
f 386/490/386 380/491/380 384/492/384 390/493/390
f 390/493/390 384/492/384 383/494/383 389/495/389
f 389/496/389 383/486/383 382/487/382 388/497/388
f 388/497/388 382/487/382 381/488/381 387/498/387
f 387/498/387 381/488/381 379/489/379 385/499/385
f 392/500/392 386/490/386 390/493/390 396/501/396
f 396/501/396 390/493/390 389/495/389 395/502/395
f 395/502/395 389/495/389 388/503/388 394/504/394
f 394/505/394 388/497/388 387/498/387 393/506/393
f 393/506/393 387/498/387 385/499/385 391/507/391
f 398/508/398 392/500/392 396/501/396 402/509/402
f 402/509/402 396/501/396 395/502/395 401/510/401
f 401/511/401 395/512/395 394/505/394 400/513/400
f 400/513/400 394/505/394 393/506/393 399/514/399
f 399/514/399 393/506/393 391/507/391 397/515/397
f 404/516/404 398/508/398 402/509/402 408/517/408
f 408/517/408 402/509/402 401/510/401 407/518/407
f 407/519/407 401/511/401 400/513/400 406/520/406
f 406/520/406 400/513/400 399/514/399 405/521/405
f 405/521/405 399/514/399 397/515/397 403/522/403
f 410/523/410 404/524/404 408/525/408 414/526/414
f 414/526/414 408/525/408 407/527/407 413/528/413
f 413/529/413 407/519/407 406/520/406 412/530/412
f 412/530/412 406/520/406 405/521/405 411/531/411
f 411/531/411 405/521/405 403/522/403 409/532/409
f 416/533/416 410/523/410 414/526/414 420/534/420
f 420/534/420 414/526/414 413/528/413 419/535/419
f 419/536/419 413/529/413 412/530/412 418/537/418
f 418/537/418 412/530/412 411/531/411 417/538/417
f 417/538/417 411/531/411 409/532/409 415/539/415
f 422/540/422 416/533/416 420/534/420 426/541/426
f 426/541/426 420/534/420 419/535/419 425/542/425
f 425/543/425 419/536/419 418/537/418 424/544/424
f 424/544/424 418/537/418 417/538/417 423/545/423
f 423/545/423 417/538/417 415/539/415 421/546/421
f 428/547/428 422/548/422 426/549/426 432/550/432
f 432/550/432 426/549/426 425/551/425 431/552/431
f 431/553/431 425/543/425 424/544/424 430/554/430
f 430/554/430 424/544/424 423/545/423 429/555/429
f 429/555/429 423/545/423 421/546/421 427/556/427
f 337/429/337 428/547/428 432/550/432 339/430/339
f 339/430/339 432/550/432 431/552/431 340/432/340
f 340/557/340 431/553/431 430/554/430 341/437/341
f 341/437/341 430/554/430 429/555/429 342/438/342
f 342/438/342 429/555/429 427/556/427 338/440/338
f 343/441/343 338/440/338 241/296/241 248/295/248
f 66/119/66 65/118/65 337/429/337 344/428/344
f 338/440/338 427/556/427 332/417/332 241/296/241
f 65/118/65 80/121/80 428/547/428 337/429/337
f 67/123/67 66/119/66 344/428/344 350/442/350
f 349/449/349 343/441/343 248/295/248 254/309/254
f 68/91/68 67/90/67 350/558/350 356/458/356
f 355/456/355 349/449/349 254/309/254 260/317/260
f 69/97/69 68/91/68 356/458/356 362/457/362
f 361/466/361 355/456/355 260/317/260 266/327/266
f 70/101/70 69/97/69 362/457/362 368/467/368
f 367/474/367 361/466/361 266/327/266 272/334/272
f 71/105/71 70/101/70 368/467/368 374/475/374
f 373/482/373 367/474/367 272/334/272 278/342/278
f 72/559/72 71/105/71 374/475/374 380/483/380
f 379/489/379 373/482/373 278/342/278 284/350/284
f 73/115/73 72/111/72 380/491/380 386/490/386
f 385/499/385 379/489/379 284/350/284 290/360/290
f 74/68/74 73/115/73 386/490/386 392/500/392
f 391/507/391 385/499/385 290/360/290 296/368/296
f 75/69/75 74/68/74 392/500/392 398/508/398
f 397/515/397 391/507/391 296/368/296 302/376/302
f 76/560/76 75/69/75 398/508/398 404/516/404
f 403/522/403 397/515/397 302/376/302 308/384/308
f 77/99/77 76/95/76 404/524/404 410/523/410
f 409/532/409 403/522/403 308/384/308 314/391/314
f 78/103/78 77/99/77 410/523/410 416/533/416
f 415/539/415 409/532/409 314/391/314 320/401/320
f 79/107/79 78/103/78 416/533/416 422/540/422
f 421/546/421 415/539/415 320/401/320 326/409/326
f 80/121/80 79/561/79 422/548/422 428/547/428
f 427/556/427 421/546/421 326/409/326 332/417/332
f 440/562/440 433/563/433 435/564/435 444/565/444
f 444/565/444 435/564/435 436/566/436 443/567/443
f 443/568/443 436/569/436 437/570/437 442/571/442
f 442/571/442 437/570/437 438/572/438 441/573/441
f 441/573/441 438/572/438 434/574/434 439/575/439
f 446/576/446 440/562/440 444/565/444 450/577/450
f 450/577/450 444/565/444 443/567/443 449/578/449
f 449/579/449 443/568/443 442/571/442 448/580/448
f 448/580/448 442/571/442 441/573/441 447/581/447
f 447/581/447 441/573/441 439/575/439 445/582/445
f 452/583/452 446/584/446 450/585/450 456/586/456
f 456/586/456 450/585/450 449/587/449 455/588/455
f 455/589/455 449/579/449 448/580/448 454/590/454
f 454/590/454 448/580/448 447/581/447 453/591/453
f 453/591/453 447/581/447 445/582/445 451/592/451
f 458/593/458 452/583/452 456/586/456 462/594/462
f 462/594/462 456/586/456 455/588/455 461/595/461
f 461/596/461 455/589/455 454/590/454 460/597/460
f 460/597/460 454/590/454 453/591/453 459/598/459
f 459/598/459 453/591/453 451/592/451 457/599/457
f 464/600/464 458/593/458 462/594/462 468/601/468
f 468/601/468 462/594/462 461/595/461 467/602/467
f 467/603/467 461/596/461 460/597/460 466/604/466
f 466/604/466 460/597/460 459/598/459 465/605/465
f 465/605/465 459/598/459 457/599/457 463/606/463
f 470/607/470 464/600/464 468/601/468 474/608/474
f 474/608/474 468/601/468 467/602/467 473/609/473
f 473/610/473 467/603/467 466/604/466 472/611/472
f 472/611/472 466/604/466 465/605/465 471/612/471
f 471/612/471 465/605/465 463/606/463 469/613/469
f 476/614/476 470/615/470 474/616/474 480/617/480
f 480/617/480 474/616/474 473/618/473 479/619/479
f 479/620/479 473/610/473 472/611/472 478/621/478
f 478/621/478 472/611/472 471/612/471 477/622/477
f 477/622/477 471/612/471 469/613/469 475/623/475
f 482/624/482 476/614/476 480/617/480 486/625/486
f 486/625/486 480/617/480 479/619/479 485/626/485
f 485/627/485 479/620/479 478/621/478 484/628/484
f 484/628/484 478/621/478 477/622/477 483/629/483
f 483/629/483 477/622/477 475/623/475 481/630/481
f 488/631/488 482/624/482 486/625/486 492/632/492
f 492/632/492 486/625/486 485/626/485 491/633/491
f 491/634/491 485/627/485 484/628/484 490/635/490
f 490/635/490 484/628/484 483/629/483 489/636/489
f 489/636/489 483/629/483 481/630/481 487/637/487
f 494/638/494 488/631/488 492/632/492 498/639/498
f 498/639/498 492/632/492 491/633/491 497/640/497
f 497/641/497 491/634/491 490/635/490 496/642/496
f 496/642/496 490/635/490 489/636/489 495/643/495
f 495/643/495 489/636/489 487/637/487 493/644/493
f 500/645/500 494/646/494 498/647/498 504/648/504
f 504/648/504 498/647/498 497/649/497 503/650/503
f 503/651/503 497/641/497 496/642/496 502/652/502
f 502/652/502 496/642/496 495/643/495 501/653/501
f 501/653/501 495/643/495 493/644/493 499/654/499
f 506/655/506 500/645/500 504/648/504 510/656/510
f 510/656/510 504/648/504 503/650/503 509/657/509
f 509/658/509 503/651/503 502/652/502 508/659/508
f 508/659/508 502/652/502 501/653/501 507/660/507
f 507/660/507 501/653/501 499/654/499 505/661/505
f 512/662/512 506/655/506 510/656/510 516/663/516
f 516/663/516 510/656/510 509/657/509 515/664/515
f 515/665/515 509/658/509 508/659/508 514/666/514
f 514/666/514 508/659/508 507/660/507 513/667/513
f 513/667/513 507/660/507 505/661/505 511/668/511
f 518/669/518 512/662/512 516/663/516 522/670/522
f 522/670/522 516/663/516 515/664/515 521/671/521
f 521/672/521 515/665/515 514/666/514 520/673/520
f 520/673/520 514/666/514 513/667/513 519/674/519
f 519/674/519 513/667/513 511/668/511 517/675/517
f 524/676/524 518/669/518 522/670/522 528/677/528
f 528/677/528 522/670/522 521/671/521 527/678/527
f 527/679/527 521/672/521 520/673/520 526/680/526
f 526/680/526 520/673/520 519/674/519 525/681/525
f 525/681/525 519/674/519 517/675/517 523/682/523
f 433/563/433 524/683/524 528/684/528 435/564/435
f 435/564/435 528/684/528 527/685/527 436/566/436
f 436/569/436 527/679/527 526/680/526 437/570/437
f 437/570/437 526/680/526 525/681/525 438/572/438
f 438/572/438 525/681/525 523/682/523 434/574/434
f 439/575/439 434/574/434 523/682/523 517/675/517 511/668/511 505/661/505 499/654/499 493/644/493 487/637/487 481/630/481 475/623/475 469/613/469 463/606/463 457/599/457 451/592/451 445/582/445
f 530/686/530 535/687/535 537/688/537 534/689/534
f 534/689/534 537/688/537 538/690/538 533/691/533
f 533/691/533 538/690/538 539/692/539 532/693/532
f 532/693/532 539/692/539 540/694/540 531/695/531
f 531/695/531 540/694/540 536/696/536 529/697/529
f 535/687/535 541/698/541 543/699/543 537/688/537
f 537/688/537 543/699/543 544/700/544 538/690/538
f 538/690/538 544/700/544 545/701/545 539/692/539
f 539/692/539 545/701/545 546/702/546 540/694/540
f 540/694/540 546/702/546 542/703/542 536/696/536
f 541/698/541 547/704/547 549/705/549 543/699/543
f 543/699/543 549/705/549 550/706/550 544/700/544
f 544/700/544 550/706/550 551/707/551 545/701/545
f 545/701/545 551/707/551 552/708/552 546/702/546
f 546/702/546 552/708/552 548/709/548 542/703/542
f 547/710/547 553/711/553 555/712/555 549/713/549
f 549/713/549 555/712/555 556/714/556 550/715/550
f 550/715/550 556/714/556 557/716/557 551/717/551
f 551/717/551 557/716/557 558/718/558 552/719/552
f 552/719/552 558/718/558 554/720/554 548/721/548
f 553/711/553 559/722/559 561/723/561 555/712/555
f 555/712/555 561/723/561 562/724/562 556/714/556
f 556/714/556 562/724/562 563/725/563 557/716/557
f 557/716/557 563/725/563 564/726/564 558/718/558
f 558/718/558 564/726/564 560/727/560 554/720/554
f 559/722/559 565/728/565 567/729/567 561/723/561
f 561/723/561 567/729/567 568/730/568 562/724/562
f 562/724/562 568/730/568 569/731/569 563/725/563
f 563/725/563 569/731/569 570/732/570 564/726/564
f 564/726/564 570/732/570 566/733/566 560/727/560
f 565/728/565 571/734/571 573/735/573 567/729/567
f 567/729/567 573/735/573 574/736/574 568/730/568
f 568/730/568 574/736/574 575/737/575 569/731/569
f 569/731/569 575/737/575 576/738/576 570/732/570
f 570/732/570 576/738/576 572/739/572 566/733/566
f 571/740/571 577/741/577 579/742/579 573/743/573
f 573/743/573 579/742/579 580/744/580 574/745/574
f 574/745/574 580/744/580 581/746/581 575/747/575
f 575/747/575 581/746/581 582/748/582 576/749/576
f 576/749/576 582/748/582 578/750/578 572/751/572
f 577/741/577 583/752/583 585/753/585 579/742/579
f 579/742/579 585/753/585 586/754/586 580/744/580
f 580/744/580 586/754/586 587/755/587 581/746/581
f 581/746/581 587/755/587 588/756/588 582/748/582
f 582/748/582 588/756/588 584/757/584 578/750/578
f 583/752/583 589/758/589 591/759/591 585/753/585
f 585/753/585 591/759/591 592/760/592 586/754/586
f 586/754/586 592/760/592 593/761/593 587/755/587
f 587/755/587 593/761/593 594/762/594 588/756/588
f 588/756/588 594/762/594 590/763/590 584/757/584
f 589/758/589 595/764/595 597/765/597 591/759/591
f 591/759/591 597/765/597 598/766/598 592/760/592
f 592/760/592 598/766/598 599/767/599 593/761/593
f 593/761/593 599/767/599 600/768/600 594/762/594
f 594/762/594 600/768/600 596/769/596 590/763/590
f 595/770/595 601/771/601 603/772/603 597/773/597
f 597/773/597 603/772/603 604/774/604 598/775/598
f 598/775/598 604/774/604 605/776/605 599/777/599
f 599/777/599 605/776/605 606/778/606 600/779/600
f 600/779/600 606/778/606 602/780/602 596/781/596
f 601/771/601 607/782/607 609/783/609 603/772/603
f 603/772/603 609/783/609 610/784/610 604/774/604
f 604/774/604 610/784/610 611/785/611 605/776/605
f 605/776/605 611/785/611 612/786/612 606/778/606
f 606/778/606 612/786/612 608/787/608 602/780/602
f 607/782/607 613/788/613 615/789/615 609/783/609
f 609/783/609 615/789/615 616/790/616 610/784/610
f 610/784/610 616/790/616 617/791/617 611/785/611
f 611/785/611 617/791/617 618/792/618 612/786/612
f 612/786/612 618/792/618 614/793/614 608/787/608
f 613/794/613 619/795/619 621/796/621 615/797/615
f 615/797/615 621/796/621 622/798/622 616/799/616
f 616/799/616 622/798/622 623/800/623 617/801/617
f 617/801/617 623/800/623 624/802/624 618/803/618
f 618/803/618 624/802/624 620/804/620 614/805/614
f 619/795/619 530/686/530 534/689/534 621/796/621
f 621/796/621 534/689/534 533/691/533 622/798/622
f 622/798/622 533/691/533 532/693/532 623/800/623
f 623/800/623 532/693/532 531/695/531 624/802/624
f 624/802/624 531/695/531 529/697/529 620/804/620
f 145/186/145 152/185/152 535/687/535 530/686/530
f 236/294/236 145/186/145 530/686/530 619/795/619
f 152/185/152 158/192/158 541/698/541 535/687/535
f 158/192/158 164/198/164 547/704/547 541/698/541
f 164/210/164 170/209/170 553/711/553 547/710/547
f 170/209/170 176/216/176 559/722/559 553/711/553
f 176/216/176 182/222/182 565/728/565 559/722/559
f 182/222/182 188/228/188 571/734/571 565/728/565
f 188/240/188 194/239/194 577/741/577 571/740/571
f 194/239/194 200/246/200 583/752/583 577/741/577
f 200/246/200 206/252/206 589/758/589 583/752/583
f 206/264/206 212/263/212 595/770/595 589/806/589
f 212/263/212 218/270/218 601/771/601 595/770/595
f 218/270/218 224/276/224 607/782/607 601/771/601
f 224/276/224 230/282/230 613/788/613 607/782/607
f 230/282/230 236/288/236 619/807/619 613/788/613
f 644/808/644 715/809/715 717/810/717 648/811/648
f 648/811/648 717/810/717 718/812/718 647/813/647
f 647/813/647 718/812/718 719/814/719 646/815/646
f 646/815/646 719/814/719 720/816/720 645/817/645
f 645/817/645 720/816/720 716/818/716 643/819/643
f 632/820/632 709/821/709 711/822/711 636/823/636
f 636/824/636 711/825/711 712/826/712 635/827/635
f 635/827/635 712/826/712 713/828/713 634/829/634
f 634/829/634 713/828/713 714/830/714 633/831/633
f 633/831/633 714/830/714 710/832/710 631/833/631
f 715/809/715 703/834/703 705/835/705 717/810/717
f 717/810/717 705/835/705 706/836/706 718/812/718
f 718/812/718 706/836/706 707/837/707 719/814/719
f 719/814/719 707/837/707 708/838/708 720/816/720
f 720/816/720 708/838/708 704/839/704 716/818/716
f 709/821/709 697/840/697 699/841/699 711/822/711
f 711/822/711 699/841/699 700/842/700 712/843/712
f 712/844/712 700/845/700 701/846/701 713/847/713
f 713/847/713 701/846/701 702/848/702 714/849/714
f 714/849/714 702/848/702 698/850/698 710/851/710
f 703/852/703 691/853/691 693/854/693 705/855/705
f 705/855/705 693/854/693 694/856/694 706/857/706
f 706/858/706 694/859/694 695/860/695 707/861/707
f 707/861/707 695/860/695 696/862/696 708/863/708
f 708/838/708 696/864/696 692/865/692 704/839/704
f 697/866/697 685/867/685 687/868/687 699/869/699
f 699/869/699 687/868/687 688/870/688 700/845/700
f 700/845/700 688/870/688 689/871/689 701/846/701
f 701/846/701 689/871/689 690/872/690 702/848/702
f 702/848/702 690/872/690 686/873/686 698/850/698
f 691/874/691 673/875/673 675/876/675 693/877/693
f 693/877/693 675/876/675 676/878/676 694/859/694
f 694/859/694 676/878/676 677/879/677 695/860/695
f 695/860/695 677/879/677 678/880/678 696/862/696
f 696/862/696 678/880/678 674/881/674 692/882/692
f 685/867/685 667/883/667 669/884/669 687/868/687
f 687/868/687 669/884/669 670/885/670 688/870/688
f 688/870/688 670/885/670 671/886/671 689/871/689
f 689/871/689 671/886/671 672/887/672 690/872/690
f 690/872/690 672/887/672 668/888/668 686/873/686
f 680/889/680 661/890/661 663/891/663 684/892/684
f 684/892/684 663/891/663 664/893/664 683/894/683
f 683/894/683 664/893/664 665/895/665 682/896/682
f 682/896/682 665/895/665 666/897/666 681/898/681
f 681/898/681 666/897/666 662/899/662 679/900/679
f 673/875/673 680/889/680 684/892/684 675/876/675
f 675/876/675 684/892/684 683/894/683 676/878/676
f 676/878/676 683/894/683 682/896/682 677/879/677
f 677/879/677 682/896/682 681/898/681 678/880/678
f 678/880/678 681/898/681 679/900/679 674/881/674
f 667/883/667 655/901/655 657/902/657 669/884/669
f 669/884/669 657/902/657 658/903/658 670/885/670
f 670/885/670 658/903/658 659/904/659 671/886/671
f 671/886/671 659/904/659 660/905/660 672/887/672
f 672/887/672 660/905/660 656/906/656 668/888/668
f 661/907/661 649/908/649 651/909/651 663/910/663
f 663/910/663 651/909/651 652/911/652 664/912/664
f 664/893/664 652/913/652 653/914/653 665/895/665
f 665/895/665 653/914/653 654/915/654 666/897/666
f 666/897/666 654/915/654 650/916/650 662/899/662
f 655/917/655 637/918/637 639/919/639 657/920/657
f 657/920/657 639/919/639 640/921/640 658/922/658
f 658/923/658 640/924/640 641/925/641 659/926/659
f 659/926/659 641/925/641 642/927/642 660/928/660
f 660/928/660 642/927/642 638/929/638 656/930/656
f 649/908/649 625/931/625 627/932/627 651/909/651
f 651/933/651 627/934/627 628/935/628 652/936/652
f 652/936/652 628/935/628 629/937/629 653/938/653
f 653/938/653 629/937/629 630/939/630 654/940/654
f 654/940/654 630/939/630 626/941/626 650/942/650
f 637/943/637 644/808/644 648/811/648 639/944/639
f 639/944/639 648/811/648 647/813/647 640/924/640
f 640/924/640 647/813/647 646/815/646 641/925/641
f 641/925/641 646/815/646 645/817/645 642/927/642
f 642/927/642 645/817/645 643/819/643 638/929/638
f 625/945/625 632/946/632 636/824/636 627/934/627
f 627/934/627 636/824/636 635/827/635 628/935/628
f 628/935/628 635/827/635 634/829/634 629/937/629
f 629/937/629 634/829/634 633/831/633 630/939/630
f 630/939/630 633/831/633 631/833/631 626/941/626
f 608/787/608 614/793/614 650/942/650 626/941/626
f 625/931/625 649/908/649 131/163/131 129/144/129
f 602/780/602 608/787/608 626/941/626 631/833/631
f 632/820/632 625/931/625 129/144/129 142/143/142
f 709/821/709 632/820/632 142/143/142 140/173/140
f 596/781/596 602/780/602 631/833/631 710/832/710
f 566/733/566 572/739/572 656/930/656 638/929/638
f 637/918/637 655/917/655 132/164/132 130/162/130
f 560/727/560 566/733/566 638/929/638 643/819/643
f 644/947/644 637/918/637 130/162/130 143/161/143
f 715/948/715 644/947/644 143/161/143 141/174/141
f 554/720/554 560/727/560 643/819/643 716/818/716
f 614/805/614 620/804/620 662/899/662 650/916/650
f 649/908/649 661/907/661 133/165/133 131/163/131
f 572/751/572 578/750/578 668/888/668 656/906/656
f 655/917/655 667/949/667 134/166/134 132/164/132
f 620/804/620 529/697/529 679/900/679 662/899/662
f 661/907/661 680/950/680 144/167/144 133/165/133
f 578/750/578 584/757/584 686/873/686 668/888/668
f 667/949/667 685/951/685 136/169/136 134/166/134
f 536/696/536 542/703/542 692/882/692 674/881/674
f 673/952/673 691/853/691 137/170/137 135/168/135
f 529/697/529 536/696/536 674/881/674 679/900/679
f 680/950/680 673/952/673 135/168/135 144/167/144
f 584/757/584 590/763/590 698/850/698 686/873/686
f 685/951/685 697/840/697 138/171/138 136/169/136
f 542/703/542 548/709/548 704/953/704 692/882/692
f 691/853/691 703/852/703 139/172/139 137/170/137
f 590/763/590 596/769/596 710/851/710 698/850/698
f 697/840/697 709/821/709 140/173/140 138/171/138
f 548/721/548 554/720/554 716/818/716 704/839/704
f 703/852/703 715/948/715 141/174/141 139/172/139
f 812/954/797 733/955/731 735/956/733 816/957/800
f 816/957/800 735/956/733 736/958/32 815/959/30
f 815/959/30 736/958/32 737/960/734 814/961/799
f 814/962/799 737/963/734 738/964/735 813/965/798
f 813/965/798 738/964/735 734/966/732 811/967/796
f 806/968/792 812/954/797 816/957/800 810/969/795
f 810/969/795 816/957/800 815/959/30 809/970/28
f 809/970/28 815/959/30 814/961/799 808/971/794
f 808/971/794 814/961/799 813/972/798 807/973/793
f 807/973/793 813/972/798 811/974/796 805/975/791
f 800/976/787 806/968/792 810/969/795 804/977/790
f 804/977/790 810/969/795 809/970/28 803/978/26
f 803/978/26 809/970/28 808/971/794 802/979/789
f 802/979/789 808/971/794 807/973/793 801/980/788
f 801/980/788 807/973/793 805/975/791 799/981/786
f 794/982/782 800/976/787 804/977/790 798/983/785
f 798/983/785 804/977/790 803/978/26 797/984/24
f 797/984/24 803/978/26 802/979/789 796/985/784
f 796/985/784 802/979/789 801/980/788 795/986/783
f 795/986/783 801/980/788 799/981/786 793/987/781
f 788/988/777 794/982/782 798/983/785 792/989/780
f 792/989/780 798/983/785 797/984/24 791/990/22
f 791/990/22 797/984/24 796/985/784 790/991/779
f 790/992/779 796/993/784 795/994/783 789/995/778
f 789/995/778 795/994/783 793/996/781 787/997/776
f 782/998/772 788/999/777 792/1000/780 786/1001/775
f 786/1001/775 792/1000/780 791/1002/22 785/1003/20
f 785/1003/20 791/1002/22 790/992/779 784/1004/774
f 784/1004/774 790/992/779 789/995/778 783/1005/773
f 783/1005/773 789/995/778 787/997/776 781/1006/771
f 776/1007/767 782/998/772 786/1001/775 780/1008/770
f 780/1008/770 786/1001/775 785/1003/20 779/1009/18
f 779/1009/18 785/1003/20 784/1004/774 778/1010/769
f 778/1010/769 784/1004/774 783/1005/773 777/1011/768
f 777/1011/768 783/1005/773 781/1006/771 775/1012/766
f 770/1013/762 776/1007/767 780/1008/770 774/1014/765
f 774/1014/765 780/1008/770 779/1009/18 773/1015/16
f 773/1015/16 779/1009/18 778/1010/769 772/1016/764
f 772/1016/764 778/1010/769 777/1011/768 771/1017/763
f 771/1017/763 777/1011/768 775/1012/766 769/1018/761
f 764/1019/757 770/1013/762 774/1014/765 768/1020/760
f 768/1020/760 774/1014/765 773/1015/16 767/1021/14
f 767/1022/14 773/1023/16 772/1024/764 766/1025/759
f 766/1025/759 772/1024/764 771/1026/763 765/1027/758
f 765/1028/758 771/1017/763 769/1018/761 763/1029/756
f 758/1030/752 764/1031/757 768/1032/760 762/1033/755
f 762/1033/755 768/1032/760 767/1022/14 761/1034/12
f 761/1034/12 767/1022/14 766/1025/759 760/1035/754
f 760/1035/754 766/1025/759 765/1027/758 759/1036/753
f 759/1036/753 765/1027/758 763/1037/756 757/1038/751
f 752/1039/747 758/1030/752 762/1033/755 756/1040/750
f 756/1040/750 762/1033/755 761/1034/12 755/1041/10
f 755/1041/10 761/1034/12 760/1035/754 754/1042/749
f 754/1042/749 760/1035/754 759/1036/753 753/1043/748
f 753/1043/748 759/1036/753 757/1038/751 751/1044/746
f 746/1045/742 752/1039/747 756/1040/750 750/1046/745
f 750/1046/745 756/1040/750 755/1041/10 749/1047/8
f 749/1047/8 755/1041/10 754/1042/749 748/1048/744
f 748/1048/744 754/1042/749 753/1043/748 747/1049/743
f 747/1049/743 753/1043/748 751/1044/746 745/1050/741
f 740/1051/737 746/1045/742 750/1046/745 744/1052/740
f 744/1052/740 750/1046/745 749/1047/8 743/1053/6
f 743/1053/6 749/1047/8 748/1048/744 742/1054/739
f 742/1054/739 748/1048/744 747/1049/743 741/1055/738
f 741/1055/738 747/1049/743 745/1050/741 739/1056/736
f 722/1057/722 740/1058/737 744/1059/740 726/1060/725
f 726/1060/725 744/1059/740 743/1061/6 725/1062/4
f 725/1062/4 743/1061/6 742/1063/739 724/1064/724
f 724/1064/724 742/1063/739 741/1065/738 723/1066/723
f 723/1066/723 741/1065/738 739/1067/736 721/1068/721
f 733/1069/731 727/1070/726 729/1071/728 735/1072/733
f 735/1072/733 729/1071/728 730/1073/2 736/1074/32
f 736/1074/32 730/1073/2 731/1075/729 737/963/734
f 737/963/734 731/1075/729 732/1076/730 738/964/735
f 738/964/735 732/1076/730 728/1077/727 734/966/732
f 727/1070/726 722/1057/722 726/1060/725 729/1071/728
f 729/1071/728 726/1060/725 725/1062/4 730/1073/2
f 730/1073/2 725/1062/4 724/1064/724 731/1075/729
f 731/1075/729 724/1064/724 723/1066/723 732/1076/730
f 732/1076/730 723/1066/723 721/1068/721 728/1077/727
f 247/308/247 242/307/242 728/1077/727 721/1068/721
f 740/1058/737 722/1057/722 440/562/440 446/576/446
f 253/316/253 247/308/247 721/1068/721 739/1067/736
f 722/1057/722 727/1070/726 433/563/433 440/562/440
f 727/1070/726 733/1069/731 524/683/524 433/563/433
f 242/307/242 331/426/331 734/966/732 728/1077/727
f 733/955/731 812/954/797 518/669/518 524/676/524
f 331/426/331 325/425/325 811/967/796 734/966/732
f 746/1045/742 740/1051/737 446/584/446 452/583/452
f 259/326/259 253/325/253 739/1056/736 745/1050/741
f 752/1039/747 746/1045/742 452/583/452 458/593/458
f 265/333/265 259/326/259 745/1050/741 751/1044/746
f 758/1030/752 752/1039/747 458/593/458 464/600/464
f 271/341/271 265/333/265 751/1044/746 757/1038/751
f 764/1031/757 758/1030/752 464/600/464 470/607/470
f 277/349/277 271/341/271 757/1038/751 763/1037/756
f 770/1013/762 764/1019/757 470/615/470 476/614/476
f 283/359/283 277/358/277 763/1029/756 769/1018/761
f 776/1007/767 770/1013/762 476/614/476 482/624/482
f 289/367/289 283/359/283 769/1018/761 775/1012/766
f 782/998/772 776/1007/767 482/624/482 488/631/488
f 295/375/295 289/367/289 775/1012/766 781/1006/771
f 788/999/777 782/998/772 488/631/488 494/638/494
f 301/383/301 295/375/295 781/1006/771 787/997/776
f 794/982/782 788/988/777 494/646/494 500/645/500
f 307/390/307 301/383/301 787/997/776 793/996/781
f 800/976/787 794/982/782 500/645/500 506/655/506
f 313/400/313 307/399/307 793/987/781 799/981/786
f 806/968/792 800/976/787 506/655/506 512/662/512
f 319/408/319 313/400/313 799/981/786 805/975/791
f 812/954/797 806/968/792 512/662/512 518/669/518
f 325/416/325 319/408/319 805/975/791 811/974/796
