# Blender 5.0.0
# www.blender.org
mtllib radiator.mtl
o radiator
v -0.027146 0.443683 0.225000
v -0.043000 0.415316 0.225000
v -0.033213 0.439719 0.225000
v -0.038357 0.432490 0.225000
v -0.041793 0.421176 0.225000
v -0.041325 0.415316 0.229375
v -0.040199 0.421176 0.229164
v -0.036993 0.432490 0.228562
v -0.032194 0.439719 0.227662
v -0.026534 0.443683 0.226601
v -0.041325 0.415316 0.220625
v -0.040199 0.421176 0.220836
v -0.036993 0.432490 0.221438
v -0.032194 0.439719 0.222338
v -0.026534 0.443683 0.223399
v -0.018000 0.443683 0.225000
v -0.043000 0.222156 0.225000
v -0.041325 0.222156 0.229375
v -0.041325 0.222156 0.220625
v -0.042763 0.421421 0.225000
v -0.043995 0.415416 0.225000
v -0.041137 0.421415 0.220660
v -0.039259 0.432921 0.225000
v -0.037865 0.432919 0.221274
v -0.033921 0.440425 0.225000
v -0.032875 0.440429 0.222210
v -0.027474 0.444628 0.225000
v -0.026817 0.444639 0.223346
v -0.042287 0.415414 0.229555
v -0.044000 0.222156 0.225000
v -0.041137 0.421415 0.229340
v -0.037865 0.432919 0.228726
v -0.032875 0.440429 0.227790
v -0.026817 0.444639 0.226654
v -0.042291 0.222156 0.229556
v -0.042287 0.415414 0.220445
v -0.042291 0.222156 0.220444
v -0.018000 0.444683 0.225000
v -0.027146 0.000629 0.225000
v -0.043000 0.028997 0.225000
v -0.033213 0.004593 0.225000
v -0.038357 0.011823 0.225000
v -0.041793 0.023137 0.225000
v -0.041325 0.028997 0.229375
v -0.040199 0.023137 0.229164
v -0.036993 0.011823 0.228562
v -0.032194 0.004593 0.227662
v -0.026534 0.000629 0.226601
v -0.041325 0.028997 0.220625
v -0.040199 0.023137 0.220836
v -0.036993 0.011823 0.221438
v -0.032194 0.004593 0.222338
v -0.026534 0.000629 0.223399
v -0.018000 0.000629 0.225000
v -0.042763 0.022892 0.225000
v -0.043995 0.028897 0.225000
v -0.041137 0.022898 0.220660
v -0.039259 0.011392 0.225000
v -0.037865 0.011393 0.221274
v -0.033921 0.003887 0.225000
v -0.032875 0.003884 0.222210
v -0.027474 -0.000315 0.225000
v -0.026817 -0.000327 0.223346
v -0.042287 0.028899 0.229555
v -0.041137 0.022898 0.229340
v -0.037865 0.011393 0.228726
v -0.032875 0.003884 0.227790
v -0.026817 -0.000327 0.226654
v -0.042287 0.028899 0.220445
v -0.018000 -0.000371 0.225000
v 0.027146 0.444425 0.075000
v 0.043000 0.416057 0.075000
v 0.033213 0.440461 0.075000
v 0.038357 0.433231 0.075000
v 0.041793 0.421917 0.075000
v 0.041325 0.416057 0.079375
v 0.040199 0.421917 0.079164
v 0.036993 0.433231 0.078562
v 0.032194 0.440461 0.077662
v 0.026534 0.444425 0.076601
v 0.041325 0.416057 0.070625
v 0.040199 0.421917 0.070836
v 0.036993 0.433231 0.071438
v 0.032194 0.440461 0.072338
v 0.026534 0.444425 0.073399
v 0.018000 0.444425 0.075000
v 0.043000 0.222898 0.075000
v 0.041325 0.222898 0.079375
v 0.041325 0.222898 0.070625
v 0.042763 0.422162 0.075000
v 0.043995 0.416157 0.075000
v 0.041137 0.422156 0.070660
v 0.039259 0.433662 0.075000
v 0.037865 0.433661 0.071274
v 0.033921 0.441167 0.075000
v 0.032875 0.441170 0.072210
v 0.027474 0.445369 0.075000
v 0.026817 0.445381 0.073346
v 0.042287 0.416155 0.079555
v 0.044000 0.222898 0.075000
v 0.041137 0.422156 0.079340
v 0.037865 0.433661 0.078726
v 0.032875 0.441170 0.077790
v 0.026817 0.445381 0.076654
v 0.042291 0.222898 0.079556
v 0.042287 0.416155 0.070445
v 0.042291 0.222898 0.070444
v 0.018000 0.445425 0.075000
v 0.027146 0.001371 0.075000
v 0.043000 0.029738 0.075000
v 0.033213 0.005335 0.075000
v 0.038357 0.012564 0.075000
v 0.041793 0.023878 0.075000
v 0.041325 0.029738 0.079375
v 0.040199 0.023878 0.079164
v 0.036993 0.012564 0.078562
v 0.032194 0.005335 0.077662
v 0.026534 0.001371 0.076601
v 0.041325 0.029738 0.070625
v 0.040199 0.023878 0.070836
v 0.036993 0.012564 0.071438
v 0.032194 0.005335 0.072338
v 0.026534 0.001371 0.073399
v 0.018000 0.001371 0.075000
v 0.042763 0.023633 0.075000
v 0.043995 0.029638 0.075000
v 0.041137 0.023639 0.070660
v 0.039259 0.012133 0.075000
v 0.037865 0.012135 0.071274
v 0.033921 0.004629 0.075000
v 0.032875 0.004625 0.072210
v 0.027474 0.000426 0.075000
v 0.026817 0.000415 0.073346
v 0.042287 0.029640 0.079555
v 0.041137 0.023639 0.079340
v 0.037865 0.012135 0.078726
v 0.032875 0.004625 0.077790
v 0.026817 0.000415 0.076654
v 0.042287 0.029640 0.070445
v 0.018000 0.000371 0.075000
v 0.027146 0.444425 0.225000
v 0.043000 0.416057 0.225000
v 0.033213 0.440461 0.225000
v 0.038357 0.433231 0.225000
v 0.041793 0.421917 0.225000
v 0.041325 0.416057 0.229375
v 0.040199 0.421917 0.229164
v 0.036993 0.433231 0.228562
v 0.032194 0.440461 0.227662
v 0.026534 0.444425 0.226601
v 0.041325 0.416057 0.220625
v 0.040199 0.421917 0.220836
v 0.036993 0.433231 0.221438
v 0.032194 0.440461 0.222338
v 0.026534 0.444425 0.223399
v 0.018000 0.444425 0.225000
v 0.043000 0.222898 0.225000
v 0.041325 0.222898 0.229375
v 0.041325 0.222898 0.220625
v 0.042763 0.422162 0.225000
v 0.043995 0.416157 0.225000
v 0.041137 0.422156 0.220660
v 0.039259 0.433662 0.225000
v 0.037865 0.433661 0.221274
v 0.033921 0.441167 0.225000
v 0.032875 0.441170 0.222210
v 0.027474 0.445369 0.225000
v 0.026817 0.445381 0.223346
v 0.042287 0.416155 0.229555
v 0.044000 0.222898 0.225000
v 0.041137 0.422156 0.229340
v 0.037865 0.433661 0.228726
v 0.032875 0.441170 0.227790
v 0.026817 0.445381 0.226654
v 0.042291 0.222898 0.229556
v 0.042287 0.416155 0.220445
v 0.042291 0.222898 0.220444
v 0.018000 0.445425 0.225000
v 0.027146 0.001371 0.225000
v 0.043000 0.029738 0.225000
v 0.033213 0.005335 0.225000
v 0.038357 0.012564 0.225000
v 0.041793 0.023878 0.225000
v 0.041325 0.029738 0.229375
v 0.040199 0.023878 0.229164
v 0.036993 0.012564 0.228562
v 0.032194 0.005335 0.227662
v 0.026534 0.001371 0.226601
v 0.041325 0.029738 0.220625
v 0.040199 0.023878 0.220836
v 0.036993 0.012564 0.221438
v 0.032194 0.005335 0.222338
v 0.026534 0.001371 0.223399
v 0.018000 0.001371 0.225000
v 0.042763 0.023633 0.225000
v 0.043995 0.029638 0.225000
v 0.041137 0.023639 0.220660
v 0.039259 0.012133 0.225000
v 0.037865 0.012135 0.221274
v 0.033921 0.004629 0.225000
v 0.032875 0.004625 0.222210
v 0.027474 0.000426 0.225000
v 0.026817 0.000415 0.223346
v 0.042287 0.029640 0.229555
v 0.041137 0.023639 0.229340
v 0.037865 0.012135 0.228726
v 0.032875 0.004625 0.227790
v 0.026817 0.000415 0.226654
v 0.042287 0.029640 0.220445
v 0.018000 0.000371 0.225000
v 0.027146 0.444425 -0.075000
v 0.043000 0.416057 -0.075000
v 0.033213 0.440461 -0.075000
v 0.038357 0.433231 -0.075000
v 0.041793 0.421917 -0.075000
v 0.041325 0.416057 -0.070625
v 0.040199 0.421917 -0.070836
v 0.036993 0.433231 -0.071438
v 0.032194 0.440461 -0.072338
v 0.026534 0.444425 -0.073399
v 0.041325 0.416057 -0.079375
v 0.040199 0.421917 -0.079164
v 0.036993 0.433231 -0.078562
v 0.032194 0.440461 -0.077662
v 0.026534 0.444425 -0.076601
v 0.018000 0.444425 -0.075000
v 0.043000 0.222898 -0.075000
v 0.041325 0.222898 -0.070625
v 0.041325 0.222898 -0.079375
v 0.042763 0.422162 -0.075000
v 0.043995 0.416157 -0.075000
v 0.041137 0.422156 -0.079340
v 0.039259 0.433662 -0.075000
v 0.037865 0.433661 -0.078726
v 0.033921 0.441167 -0.075000
v 0.032875 0.441170 -0.077790
v 0.027474 0.445369 -0.075000
v 0.026817 0.445381 -0.076654
v 0.042287 0.416155 -0.070445
v 0.044000 0.222898 -0.075000
v 0.041137 0.422156 -0.070660
v 0.037865 0.433661 -0.071274
v 0.032875 0.441170 -0.072210
v 0.026817 0.445381 -0.073346
v 0.042291 0.222898 -0.070444
v 0.042287 0.416155 -0.079555
v 0.042291 0.222898 -0.079556
v 0.018000 0.445425 -0.075000
v 0.027146 0.001371 -0.075000
v 0.043000 0.029738 -0.075000
v 0.033213 0.005335 -0.075000
v 0.038357 0.012564 -0.075000
v 0.041793 0.023878 -0.075000
v 0.041325 0.029738 -0.070625
v 0.040199 0.023878 -0.070836
v 0.036993 0.012564 -0.071438
v 0.032194 0.005335 -0.072338
v 0.026534 0.001371 -0.073399
v 0.041325 0.029738 -0.079375
v 0.040199 0.023878 -0.079164
v 0.036993 0.012564 -0.078562
v 0.032194 0.005335 -0.077662
v 0.026534 0.001371 -0.076601
v 0.018000 0.001371 -0.075000
v 0.042763 0.023633 -0.075000
v 0.043995 0.029638 -0.075000
v 0.041137 0.023639 -0.079340
v 0.039259 0.012133 -0.075000
v 0.037865 0.012135 -0.078726
v 0.033921 0.004629 -0.075000
v 0.032875 0.004625 -0.077790
v 0.027474 0.000426 -0.075000
v 0.026817 0.000415 -0.076654
v 0.042287 0.029640 -0.070445
v 0.041137 0.023639 -0.070660
v 0.037865 0.012135 -0.071274
v 0.032875 0.004625 -0.072210
v 0.026817 0.000415 -0.073346
v 0.042287 0.029640 -0.079555
v 0.018000 0.000371 -0.075000
v 0.022073 0.444425 -0.232921
v 0.030000 0.416057 -0.246651
v 0.025107 0.440461 -0.238175
v 0.027678 0.433231 -0.242629
v 0.029397 0.421917 -0.245606
v 0.017500 0.416057 -0.250000
v 0.017500 0.444425 -0.234146
v 0.017500 0.421917 -0.248793
v 0.017500 0.433231 -0.245357
v 0.017500 0.440461 -0.240213
v 0.025421 0.444425 -0.229573
v 0.039151 0.416057 -0.237500
v 0.030675 0.440461 -0.232607
v 0.035129 0.433231 -0.235178
v 0.038106 0.421917 -0.236897
v 0.026646 0.444425 -0.225000
v 0.042500 0.416057 -0.225000
v 0.032713 0.440461 -0.225000
v 0.037857 0.433231 -0.225000
v 0.041293 0.421917 -0.225000
v 0.025421 0.444425 -0.220427
v 0.039151 0.416057 -0.212500
v 0.030675 0.440461 -0.217393
v 0.035129 0.433231 -0.214822
v 0.038106 0.421917 -0.213103
v 0.022073 0.444425 -0.217079
v 0.030000 0.416057 -0.203349
v 0.025107 0.440461 -0.211825
v 0.027678 0.433231 -0.207371
v 0.029397 0.421917 -0.204395
v 0.017500 0.444425 -0.215854
v 0.017500 0.416057 -0.200000
v 0.017500 0.440461 -0.209787
v 0.017500 0.433231 -0.204643
v 0.017500 0.421917 -0.201207
v 0.022073 0.001371 -0.232921
v 0.030000 0.029738 -0.246651
v 0.025107 0.005335 -0.238175
v 0.027678 0.012564 -0.242629
v 0.029397 0.023878 -0.245606
v 0.017500 0.029738 -0.250000
v 0.017500 0.001371 -0.234146
v 0.017500 0.023878 -0.248793
v 0.017500 0.012564 -0.245357
v 0.017500 0.005335 -0.240213
v 0.025421 0.001371 -0.229573
v 0.039151 0.029738 -0.237500
v 0.030675 0.005335 -0.232607
v 0.035129 0.012564 -0.235178
v 0.038106 0.023878 -0.236897
v 0.026646 0.001371 -0.225000
v 0.042500 0.029738 -0.225000
v 0.032713 0.005335 -0.225000
v 0.037857 0.012564 -0.225000
v 0.041293 0.023878 -0.225000
v 0.025421 0.001371 -0.220427
v 0.039151 0.029738 -0.212500
v 0.030675 0.005335 -0.217393
v 0.035129 0.012564 -0.214822
v 0.038106 0.023878 -0.213103
v 0.022073 0.001371 -0.217079
v 0.030000 0.029738 -0.203349
v 0.025107 0.005335 -0.211825
v 0.027678 0.012564 -0.207371
v 0.029397 0.023878 -0.204395
v 0.017500 0.001371 -0.215854
v 0.017500 0.029738 -0.200000
v 0.017500 0.005335 -0.209787
v 0.017500 0.012564 -0.204643
v 0.017500 0.023878 -0.201207
v 0.027146 0.444425 -0.225000
v 0.043000 0.416057 -0.225000
v 0.033213 0.440461 -0.225000
v 0.038357 0.433231 -0.225000
v 0.041793 0.421917 -0.225000
v 0.041325 0.416057 -0.220625
v 0.040199 0.421917 -0.220836
v 0.036993 0.433231 -0.221438
v 0.032194 0.440461 -0.222338
v 0.026534 0.444425 -0.223399
v 0.041325 0.416057 -0.229375
v 0.040199 0.421917 -0.229164
v 0.036993 0.433231 -0.228562
v 0.032194 0.440461 -0.227662
v 0.026534 0.444425 -0.226601
v 0.018000 0.444425 -0.225000
v 0.043000 0.222898 -0.225000
v 0.041325 0.222898 -0.220625
v 0.041325 0.222898 -0.229375
v 0.042763 0.422162 -0.225000
v 0.043995 0.416157 -0.225000
v 0.041137 0.422156 -0.229340
v 0.039259 0.433662 -0.225000
v 0.037865 0.433661 -0.228726
v 0.033921 0.441167 -0.225000
v 0.032875 0.441170 -0.227790
v 0.027474 0.445369 -0.225000
v 0.026817 0.445381 -0.226654
v 0.042287 0.416155 -0.220445
v 0.044000 0.222898 -0.225000
v 0.041137 0.422156 -0.220660
v 0.037865 0.433661 -0.221274
v 0.032875 0.441170 -0.222210
v 0.026817 0.445381 -0.223346
v 0.042291 0.222898 -0.220444
v 0.042287 0.416155 -0.229555
v 0.042291 0.222898 -0.229556
v 0.018000 0.445425 -0.225000
v 0.027146 0.001371 -0.225000
v 0.043000 0.029738 -0.225000
v 0.033213 0.005335 -0.225000
v 0.038357 0.012564 -0.225000
v 0.041793 0.023878 -0.225000
v 0.041325 0.029738 -0.220625
v 0.040199 0.023878 -0.220836
v 0.036993 0.012564 -0.221438
v 0.032194 0.005335 -0.222338
v 0.026534 0.001371 -0.223399
v 0.041325 0.029738 -0.229375
v 0.040199 0.023878 -0.229164
v 0.036993 0.012564 -0.228562
v 0.032194 0.005335 -0.227662
v 0.026534 0.001371 -0.226601
v 0.018000 0.001371 -0.225000
v 0.042763 0.023633 -0.225000
v 0.043995 0.029638 -0.225000
v 0.041137 0.023639 -0.229340
v 0.039259 0.012133 -0.225000
v 0.037865 0.012135 -0.228726
v 0.033921 0.004629 -0.225000
v 0.032875 0.004625 -0.227790
v 0.027474 0.000426 -0.225000
v 0.026817 0.000415 -0.226654
v 0.042287 0.029640 -0.220445
v 0.041137 0.023639 -0.220660
v 0.037865 0.012135 -0.221274
v 0.032875 0.004625 -0.222210
v 0.026817 0.000415 -0.223346
v 0.042287 0.029640 -0.229555
v 0.018000 0.000371 -0.225000
v 0.000000 0.420765 -0.275000
v 0.008019 0.417444 -0.275000
v 0.011341 0.409425 -0.275000
v 0.008019 0.401405 -0.275000
v 0.000000 0.398084 -0.275000
v -0.008019 0.401405 -0.275000
v -0.011341 0.409425 -0.275000
v -0.008019 0.417444 -0.275000
v 0.000000 0.416293 -0.280000
v 0.000000 0.420765 -0.278368
v 0.008019 0.417444 -0.278368
v 0.004856 0.414281 -0.280000
v 0.011341 0.409425 -0.278368
v 0.006868 0.409425 -0.280000
v 0.008019 0.401405 -0.278368
v 0.004856 0.404568 -0.280000
v 0.000000 0.398084 -0.278368
v 0.000000 0.402556 -0.280000
v -0.008019 0.401405 -0.278368
v -0.004856 0.404568 -0.280000
v -0.011341 0.409425 -0.278368
v -0.006868 0.409425 -0.280000
v -0.008019 0.417444 -0.278368
v -0.004856 0.414281 -0.280000
v 0.000000 0.420765 0.275000
v 0.008019 0.417444 0.275000
v 0.011341 0.409425 0.275000
v 0.008019 0.401405 0.275000
v 0.000000 0.398084 0.275000
v -0.008019 0.401405 0.275000
v -0.011341 0.409425 0.275000
v -0.008019 0.417444 0.275000
v 0.000000 0.418999 0.280000
v 0.000000 0.420765 0.278368
v 0.008019 0.417444 0.278368
v 0.006770 0.416194 0.280000
v 0.011341 0.409425 0.278368
v 0.009574 0.409425 0.280000
v 0.008019 0.401405 0.278368
v 0.006770 0.402655 0.280000
v 0.000000 0.398084 0.278368
v 0.000000 0.399850 0.280000
v -0.008019 0.401405 0.278368
v -0.006770 0.402655 0.280000
v -0.011341 0.409425 0.278368
v -0.009574 0.409425 0.280000
v -0.008019 0.417444 0.278368
v -0.006770 0.416194 0.280000
v 0.000000 0.426719 -0.275000
v 0.000000 0.429425 -0.272500
v 0.000000 0.428632 -0.274268
v 0.014142 0.423567 -0.272500
v 0.012229 0.421653 -0.275000
v 0.013582 0.423006 -0.274268
v 0.020000 0.409425 -0.272500
v 0.017294 0.409425 -0.275000
v 0.019207 0.409425 -0.274268
v 0.014142 0.395282 -0.272500
v 0.012229 0.397196 -0.275000
v 0.013582 0.395843 -0.274268
v 0.000000 0.389425 -0.272500
v 0.000000 0.392131 -0.275000
v 0.000000 0.390217 -0.274268
v -0.014142 0.395282 -0.272500
v -0.012229 0.397196 -0.275000
v -0.013582 0.395843 -0.274268
v -0.020000 0.409425 -0.272500
v -0.017294 0.409425 -0.275000
v -0.019207 0.409425 -0.274268
v -0.014142 0.423567 -0.272500
v -0.012229 0.421653 -0.275000
v -0.013582 0.423006 -0.274268
v 0.000000 0.429425 0.272500
v 0.000000 0.426719 0.275000
v 0.000000 0.428632 0.274268
v 0.012229 0.421653 0.275000
v 0.014142 0.423567 0.272500
v 0.013582 0.423006 0.274268
v 0.017294 0.409425 0.275000
v 0.020000 0.409425 0.272500
v 0.019207 0.409425 0.274268
v 0.012229 0.397196 0.275000
v 0.014142 0.395282 0.272500
v 0.013582 0.395843 0.274268
v 0.000000 0.392131 0.275000
v 0.000000 0.389425 0.272500
v 0.000000 0.390217 0.274268
v -0.012229 0.397196 0.275000
v -0.014142 0.395282 0.272500
v -0.013582 0.395843 0.274268
v -0.017294 0.409425 0.275000
v -0.020000 0.409425 0.272500
v -0.019207 0.409425 0.274268
v -0.012229 0.421653 0.275000
v -0.014142 0.423567 0.272500
v -0.013582 0.423006 0.274268
v 0.000000 0.060765 -0.275000
v 0.008019 0.057444 -0.275000
v 0.011341 0.049425 -0.275000
v 0.008019 0.041405 -0.275000
v 0.000000 0.038084 -0.275000
v -0.008019 0.041405 -0.275000
v -0.011341 0.049425 -0.275000
v -0.008019 0.057444 -0.275000
v 0.000000 0.058999 -0.280000
v 0.000000 0.060765 -0.278368
v 0.008019 0.057444 -0.278368
v 0.006770 0.056194 -0.280000
v 0.011341 0.049425 -0.278368
v 0.009574 0.049425 -0.280000
v 0.008019 0.041405 -0.278368
v 0.006770 0.042655 -0.280000
v 0.000000 0.038084 -0.278368
v 0.000000 0.039850 -0.280000
v -0.008019 0.041405 -0.278368
v -0.006770 0.042655 -0.280000
v -0.011341 0.049425 -0.278368
v -0.009574 0.049425 -0.280000
v -0.008019 0.057444 -0.278368
v -0.006770 0.056194 -0.280000
v 0.000000 0.060765 0.275000
v 0.008019 0.057444 0.275000
v 0.011341 0.049425 0.275000
v 0.008019 0.041405 0.275000
v 0.000000 0.038084 0.275000
v -0.008019 0.041405 0.275000
v -0.011341 0.049425 0.275000
v -0.008019 0.057444 0.275000
v 0.000000 0.058999 0.280000
v 0.000000 0.060765 0.278368
v 0.008019 0.057444 0.278368
v 0.006770 0.056194 0.280000
v 0.011341 0.049425 0.278368
v 0.009574 0.049425 0.280000
v 0.008019 0.041405 0.278368
v 0.006770 0.042655 0.280000
v 0.000000 0.038084 0.278368
v 0.000000 0.039850 0.280000
v -0.008019 0.041405 0.278368
v -0.006770 0.042655 0.280000
v -0.011341 0.049425 0.278368
v -0.009574 0.049425 0.280000
v -0.008019 0.057444 0.278368
v -0.006770 0.056194 0.280000
v 0.000000 0.066719 -0.275000
v 0.000000 0.069425 -0.272500
v 0.000000 0.068632 -0.274268
v 0.014142 0.063567 -0.272500
v 0.012229 0.061653 -0.275000
v 0.013582 0.063006 -0.274268
v 0.020000 0.049425 -0.272500
v 0.017294 0.049425 -0.275000
v 0.019207 0.049425 -0.274268
v 0.014142 0.035282 -0.272500
v 0.012229 0.037196 -0.275000
v 0.013582 0.035843 -0.274268
v 0.000000 0.029425 -0.272500
v 0.000000 0.032131 -0.275000
v 0.000000 0.030217 -0.274268
v -0.014142 0.035282 -0.272500
v -0.012229 0.037196 -0.275000
v -0.013582 0.035843 -0.274268
v -0.020000 0.049425 -0.272500
v -0.017294 0.049425 -0.275000
v -0.019207 0.049425 -0.274268
v -0.014142 0.063567 -0.272500
v -0.012229 0.061653 -0.275000
v -0.013582 0.063006 -0.274268
v 0.000000 0.069425 0.272500
v 0.000000 0.066719 0.275000
v 0.000000 0.068632 0.274268
v 0.012229 0.061653 0.275000
v 0.014142 0.063567 0.272500
v 0.013582 0.063006 0.274268
v 0.017294 0.049425 0.275000
v 0.020000 0.049425 0.272500
v 0.019207 0.049425 0.274268
v 0.012229 0.037196 0.275000
v 0.014142 0.035282 0.272500
v 0.013582 0.035843 0.274268
v 0.000000 0.032131 0.275000
v 0.000000 0.029425 0.272500
v 0.000000 0.030217 0.274268
v -0.012229 0.037196 0.275000
v -0.014142 0.035282 0.272500
v -0.013582 0.035843 0.274268
v -0.017294 0.049425 0.275000
v -0.020000 0.049425 0.272500
v -0.019207 0.049425 0.274268
v -0.012229 0.061653 0.275000
v -0.014142 0.063567 0.272500
v -0.013582 0.063006 0.274268
v -0.027146 0.443683 0.075000
v -0.043000 0.415316 0.075000
v -0.033213 0.439719 0.075000
v -0.038357 0.432490 0.075000
v -0.041793 0.421176 0.075000
v -0.041325 0.415316 0.079375
v -0.040199 0.421176 0.079164
v -0.036993 0.432490 0.078562
v -0.032194 0.439719 0.077662
v -0.026534 0.443683 0.076601
v -0.041325 0.415316 0.070625
v -0.040199 0.421176 0.070836
v -0.036993 0.432490 0.071438
v -0.032194 0.439719 0.072338
v -0.026534 0.443683 0.073399
v -0.018000 0.443683 0.075000
v -0.043000 0.222156 0.075000
v -0.041325 0.222156 0.079375
v -0.041325 0.222156 0.070625
v -0.042763 0.421421 0.075000
v -0.043995 0.415416 0.075000
v -0.041137 0.421415 0.070660
v -0.039259 0.432921 0.075000
v -0.037865 0.432919 0.071274
v -0.033921 0.440425 0.075000
v -0.032875 0.440429 0.072210
v -0.027474 0.444628 0.075000
v -0.026817 0.444639 0.073346
v -0.042287 0.415414 0.079555
v -0.044000 0.222156 0.075000
v -0.041137 0.421415 0.079340
v -0.037865 0.432919 0.078726
v -0.032875 0.440429 0.077790
v -0.026817 0.444639 0.076654
v -0.042291 0.222156 0.079556
v -0.042287 0.415414 0.070445
v -0.042291 0.222156 0.070444
v -0.018000 0.444683 0.075000
v -0.027146 0.000629 0.075000
v -0.043000 0.028997 0.075000
v -0.033213 0.004593 0.075000
v -0.038357 0.011823 0.075000
v -0.041793 0.023137 0.075000
v -0.041325 0.028997 0.079375
v -0.040199 0.023137 0.079164
v -0.036993 0.011823 0.078562
v -0.032194 0.004593 0.077662
v -0.026534 0.000629 0.076601
v -0.041325 0.028997 0.070625
v -0.040199 0.023137 0.070836
v -0.036993 0.011823 0.071438
v -0.032194 0.004593 0.072338
v -0.026534 0.000629 0.073399
v -0.018000 0.000629 0.075000
v -0.042763 0.022892 0.075000
v -0.043995 0.028897 0.075000
v -0.041137 0.022898 0.070660
v -0.039259 0.011392 0.075000
v -0.037865 0.011393 0.071274
v -0.033921 0.003887 0.075000
v -0.032875 0.003884 0.072210
v -0.027474 -0.000315 0.075000
v -0.026817 -0.000327 0.073346
v -0.042287 0.028899 0.079555
v -0.041137 0.022898 0.079340
v -0.037865 0.011393 0.078726
v -0.032875 0.003884 0.077790
v -0.026817 -0.000327 0.076654
v -0.042287 0.028899 0.070445
v -0.018000 -0.000371 0.075000
v -0.027146 0.443683 -0.075000
v -0.043000 0.415316 -0.075000
v -0.033213 0.439719 -0.075000
v -0.038357 0.432490 -0.075000
v -0.041793 0.421176 -0.075000
v -0.041325 0.415316 -0.070625
v -0.040199 0.421176 -0.070836
v -0.036993 0.432490 -0.071438
v -0.032194 0.439719 -0.072338
v -0.026534 0.443683 -0.073399
v -0.041325 0.415316 -0.079375
v -0.040199 0.421176 -0.079164
v -0.036993 0.432490 -0.078562
v -0.032194 0.439719 -0.077662
v -0.026534 0.443683 -0.076601
v -0.018000 0.443683 -0.075000
v -0.043000 0.222156 -0.075000
v -0.041325 0.222156 -0.070625
v -0.041325 0.222156 -0.079375
v -0.042763 0.421421 -0.075000
v -0.043995 0.415416 -0.075000
v -0.041137 0.421415 -0.079340
v -0.039259 0.432921 -0.075000
v -0.037865 0.432919 -0.078726
v -0.033921 0.440425 -0.075000
v -0.032875 0.440429 -0.077790
v -0.027474 0.444628 -0.075000
v -0.026817 0.444639 -0.076654
v -0.042287 0.415414 -0.070445
v -0.044000 0.222156 -0.075000
v -0.041137 0.421415 -0.070660
v -0.037865 0.432919 -0.071274
v -0.032875 0.440429 -0.072210
v -0.026817 0.444639 -0.073346
v -0.042291 0.222156 -0.070444
v -0.042287 0.415414 -0.079555
v -0.042291 0.222156 -0.079556
v -0.018000 0.444683 -0.075000
v -0.027146 0.000629 -0.075000
v -0.043000 0.028997 -0.075000
v -0.033213 0.004593 -0.075000
v -0.038357 0.011823 -0.075000
v -0.041793 0.023137 -0.075000
v -0.041325 0.028997 -0.070625
v -0.040199 0.023137 -0.070836
v -0.036993 0.011823 -0.071438
v -0.032194 0.004593 -0.072338
v -0.026534 0.000629 -0.073399
v -0.041325 0.028997 -0.079375
v -0.040199 0.023137 -0.079164
v -0.036993 0.011823 -0.078562
v -0.032194 0.004593 -0.077662
v -0.026534 0.000629 -0.076601
v -0.018000 0.000629 -0.075000
v -0.042763 0.022892 -0.075000
v -0.043995 0.028897 -0.075000
v -0.041137 0.022898 -0.079340
v -0.039259 0.011392 -0.075000
v -0.037865 0.011393 -0.078726
v -0.033921 0.003887 -0.075000
v -0.032875 0.003884 -0.077790
v -0.027474 -0.000315 -0.075000
v -0.026817 -0.000327 -0.076654
v -0.042287 0.028899 -0.070445
v -0.041137 0.022898 -0.070660
v -0.037865 0.011393 -0.071274
v -0.032875 0.003884 -0.072210
v -0.026817 -0.000327 -0.073346
v -0.042287 0.028899 -0.079555
v -0.018000 -0.000371 -0.075000
v -0.027146 0.443683 -0.225000
v -0.043000 0.415316 -0.225000
v -0.033213 0.439719 -0.225000
v -0.038357 0.432490 -0.225000
v -0.041793 0.421176 -0.225000
v -0.041325 0.415316 -0.220625
v -0.040199 0.421176 -0.220836
v -0.036993 0.432490 -0.221438
v -0.032194 0.439719 -0.222338
v -0.026534 0.443683 -0.223399
v -0.041325 0.415316 -0.229375
v -0.040199 0.421176 -0.229164
v -0.036993 0.432490 -0.228562
v -0.032194 0.439719 -0.227662
v -0.026534 0.443683 -0.226601
v -0.018000 0.443683 -0.225000
v -0.043000 0.222156 -0.225000
v -0.041325 0.222156 -0.220625
v -0.041325 0.222156 -0.229375
v -0.042763 0.421421 -0.225000
v -0.043995 0.415416 -0.225000
v -0.041137 0.421415 -0.229340
v -0.039259 0.432921 -0.225000
v -0.037865 0.432919 -0.228726
v -0.033921 0.440425 -0.225000
v -0.032875 0.440429 -0.227790
v -0.027474 0.444628 -0.225000
v -0.026817 0.444639 -0.226654
v -0.042287 0.415414 -0.220445
v -0.044000 0.222156 -0.225000
v -0.041137 0.421415 -0.220660
v -0.037865 0.432919 -0.221274
v -0.032875 0.440429 -0.222210
v -0.026817 0.444639 -0.223346
v -0.042291 0.222156 -0.220444
v -0.042287 0.415414 -0.229555
v -0.042291 0.222156 -0.229556
v -0.018000 0.444683 -0.225000
v -0.027146 0.000629 -0.225000
v -0.043000 0.028997 -0.225000
v -0.033213 0.004593 -0.225000
v -0.038357 0.011823 -0.225000
v -0.041793 0.023137 -0.225000
v -0.041325 0.028997 -0.220625
v -0.040199 0.023137 -0.220836
v -0.036993 0.011823 -0.221438
v -0.032194 0.004593 -0.222338
v -0.026534 0.000629 -0.223399
v -0.041325 0.028997 -0.229375
v -0.040199 0.023137 -0.229164
v -0.036993 0.011823 -0.228562
v -0.032194 0.004593 -0.227662
v -0.026534 0.000629 -0.226601
v -0.018000 0.000629 -0.225000
v -0.042763 0.022892 -0.225000
v -0.043995 0.028897 -0.225000
v -0.041137 0.022898 -0.229340
v -0.039259 0.011392 -0.225000
v -0.037865 0.011393 -0.228726
v -0.033921 0.003887 -0.225000
v -0.032875 0.003884 -0.227790
v -0.027474 -0.000315 -0.225000
v -0.026817 -0.000327 -0.226654
v -0.042287 0.028899 -0.220445
v -0.041137 0.022898 -0.220660
v -0.037865 0.011393 -0.221274
v -0.032875 0.003884 -0.222210
v -0.026817 -0.000327 -0.223346
v -0.042287 0.028899 -0.229555
v -0.018000 -0.000371 -0.225000
v 0.022073 0.444425 -0.082921
v 0.030000 0.416057 -0.096651
v 0.025107 0.440461 -0.088175
v 0.027678 0.433231 -0.092629
v 0.029397 0.421917 -0.095606
v 0.017500 0.416057 -0.100000
v 0.017500 0.444425 -0.084146
v 0.017500 0.421917 -0.098793
v 0.017500 0.433231 -0.095357
v 0.017500 0.440461 -0.090213
v 0.025421 0.444425 -0.079573
v 0.039151 0.416057 -0.087500
v 0.030675 0.440461 -0.082607
v 0.035129 0.433231 -0.085178
v 0.038106 0.421917 -0.086897
v 0.026646 0.444425 -0.075000
v 0.042500 0.416057 -0.075000
v 0.032713 0.440461 -0.075000
v 0.037857 0.433231 -0.075000
v 0.041293 0.421917 -0.075000
v 0.025421 0.444425 -0.070427
v 0.039151 0.416057 -0.062500
v 0.030675 0.440461 -0.067393
v 0.035129 0.433231 -0.064822
v 0.038106 0.421917 -0.063103
v 0.022073 0.444425 -0.067079
v 0.030000 0.416057 -0.053349
v 0.025107 0.440461 -0.061825
v 0.027678 0.433231 -0.057371
v 0.029397 0.421917 -0.054394
v 0.017500 0.444425 -0.065854
v 0.017500 0.416057 -0.050000
v 0.017500 0.440461 -0.059787
v 0.017500 0.433231 -0.054643
v 0.017500 0.421917 -0.051207
v 0.022073 0.001371 -0.082921
v 0.030000 0.029738 -0.096651
v 0.025107 0.005335 -0.088175
v 0.027678 0.012564 -0.092629
v 0.029397 0.023878 -0.095606
v 0.017500 0.029738 -0.100000
v 0.017500 0.001371 -0.084146
v 0.017500 0.023878 -0.098793
v 0.017500 0.012564 -0.095357
v 0.017500 0.005335 -0.090213
v 0.025421 0.001371 -0.079573
v 0.039151 0.029738 -0.087500
v 0.030675 0.005335 -0.082607
v 0.035129 0.012564 -0.085178
v 0.038106 0.023878 -0.086897
v 0.026646 0.001371 -0.075000
v 0.042500 0.029738 -0.075000
v 0.032713 0.005335 -0.075000
v 0.037857 0.012564 -0.075000
v 0.041293 0.023878 -0.075000
v 0.025421 0.001371 -0.070427
v 0.039151 0.029738 -0.062500
v 0.030675 0.005335 -0.067393
v 0.035129 0.012564 -0.064822
v 0.038106 0.023878 -0.063103
v 0.022073 0.001371 -0.067079
v 0.030000 0.029738 -0.053349
v 0.025107 0.005335 -0.061825
v 0.027678 0.012564 -0.057371
v 0.029397 0.023878 -0.054394
v 0.017500 0.001371 -0.065854
v 0.017500 0.029738 -0.050000
v 0.017500 0.005335 -0.059787
v 0.017500 0.012564 -0.054643
v 0.017500 0.023878 -0.051207
v 0.022073 0.444425 0.067079
v 0.030000 0.416057 0.053349
v 0.025107 0.440461 0.061825
v 0.027678 0.433231 0.057371
v 0.029397 0.421917 0.054394
v 0.017500 0.416057 0.050000
v 0.017500 0.444425 0.065854
v 0.017500 0.421917 0.051207
v 0.017500 0.433231 0.054643
v 0.017500 0.440461 0.059787
v 0.025421 0.444425 0.070427
v 0.039151 0.416057 0.062500
v 0.030675 0.440461 0.067393
v 0.035129 0.433231 0.064822
v 0.038106 0.421917 0.063103
v 0.026646 0.444425 0.075000
v 0.042500 0.416057 0.075000
v 0.032713 0.440461 0.075000
v 0.037857 0.433231 0.075000
v 0.041293 0.421917 0.075000
v 0.025421 0.444425 0.079573
v 0.039151 0.416057 0.087500
v 0.030675 0.440461 0.082607
v 0.035129 0.433231 0.085178
v 0.038106 0.421917 0.086897
v 0.022073 0.444425 0.082921
v 0.030000 0.416057 0.096651
v 0.025107 0.440461 0.088175
v 0.027678 0.433231 0.092629
v 0.029397 0.421917 0.095606
v 0.017500 0.444425 0.084146
v 0.017500 0.416057 0.100000
v 0.017500 0.440461 0.090213
v 0.017500 0.433231 0.095357
v 0.017500 0.421917 0.098793
v 0.022073 0.001371 0.067079
v 0.030000 0.029738 0.053349
v 0.025107 0.005335 0.061825
v 0.027678 0.012564 0.057371
v 0.029397 0.023878 0.054394
v 0.017500 0.029738 0.050000
v 0.017500 0.001371 0.065854
v 0.017500 0.023878 0.051207
v 0.017500 0.012564 0.054643
v 0.017500 0.005335 0.059787
v 0.025421 0.001371 0.070427
v 0.039151 0.029738 0.062500
v 0.030675 0.005335 0.067393
v 0.035129 0.012564 0.064822
v 0.038106 0.023878 0.063103
v 0.026646 0.001371 0.075000
v 0.042500 0.029738 0.075000
v 0.032713 0.005335 0.075000
v 0.037857 0.012564 0.075000
v 0.041293 0.023878 0.075000
v 0.025421 0.001371 0.079573
v 0.039151 0.029738 0.087500
v 0.030675 0.005335 0.082607
v 0.035129 0.012564 0.085178
v 0.038106 0.023878 0.086897
v 0.022073 0.001371 0.082921
v 0.030000 0.029738 0.096651
v 0.025107 0.005335 0.088175
v 0.027678 0.012564 0.092629
v 0.029397 0.023878 0.095606
v 0.017500 0.001371 0.084146
v 0.017500 0.029738 0.100000
v 0.017500 0.005335 0.090213
v 0.017500 0.012564 0.095357
v 0.017500 0.023878 0.098793
v 0.022073 0.444425 0.217079
v 0.030000 0.416057 0.203349
v 0.025107 0.440461 0.211825
v 0.027679 0.433231 0.207371
v 0.029397 0.421917 0.204395
v 0.017500 0.416057 0.200000
v 0.017500 0.444425 0.215854
v 0.017500 0.421917 0.201207
v 0.017500 0.433231 0.204643
v 0.017500 0.440461 0.209787
v 0.025421 0.444425 0.220427
v 0.039151 0.416057 0.212500
v 0.030675 0.440461 0.217393
v 0.035130 0.433231 0.214822
v 0.038106 0.421917 0.213103
v 0.026646 0.444425 0.225000
v 0.042500 0.416057 0.225000
v 0.032713 0.440461 0.225000
v 0.037857 0.433231 0.225000
v 0.041293 0.421917 0.225000
v 0.025421 0.444425 0.229573
v 0.039151 0.416057 0.237500
v 0.030675 0.440461 0.232607
v 0.035130 0.433231 0.235178
v 0.038106 0.421917 0.236897
v 0.022073 0.444425 0.232921
v 0.030000 0.416057 0.246651
v 0.025107 0.440461 0.238175
v 0.027679 0.433231 0.242629
v 0.029397 0.421917 0.245606
v 0.017500 0.444425 0.234146
v 0.017500 0.416057 0.250000
v 0.017500 0.440461 0.240213
v 0.017500 0.433231 0.245357
v 0.017500 0.421917 0.248793
v 0.022073 0.001371 0.217079
v 0.030000 0.029738 0.203349
v 0.025107 0.005335 0.211825
v 0.027679 0.012564 0.207371
v 0.029397 0.023878 0.204395
v 0.017500 0.029738 0.200000
v 0.017500 0.001371 0.215854
v 0.017500 0.023878 0.201207
v 0.017500 0.012564 0.204643
v 0.017500 0.005335 0.209787
v 0.025421 0.001371 0.220427
v 0.039151 0.029738 0.212500
v 0.030675 0.005335 0.217393
v 0.035130 0.012564 0.214822
v 0.038106 0.023878 0.213103
v 0.026646 0.001371 0.225000
v 0.042500 0.029738 0.225000
v 0.032713 0.005335 0.225000
v 0.037857 0.012564 0.225000
v 0.041293 0.023878 0.225000
v 0.025421 0.001371 0.229573
v 0.039151 0.029738 0.237500
v 0.030675 0.005335 0.232607
v 0.035130 0.012564 0.235178
v 0.038106 0.023878 0.236897
v 0.022073 0.001371 0.232921
v 0.030000 0.029738 0.246651
v 0.025107 0.005335 0.238175
v 0.027679 0.012564 0.242629
v 0.029397 0.023878 0.245606
v 0.017500 0.001371 0.234146
v 0.017500 0.029738 0.250000
v 0.017500 0.005335 0.240213
v 0.017500 0.012564 0.245357
v 0.017500 0.023878 0.248793
v -0.022073 0.444425 0.217079
v -0.030000 0.416057 0.203349
v -0.025107 0.440461 0.211825
v -0.027679 0.433231 0.207371
v -0.029397 0.421917 0.204395
v -0.017500 0.416057 0.200000
v -0.017500 0.444425 0.215854
v -0.017500 0.421917 0.201207
v -0.017500 0.433231 0.204643
v -0.017500 0.440461 0.209787
v -0.025421 0.444425 0.220427
v -0.039151 0.416057 0.212500
v -0.030675 0.440461 0.217393
v -0.035130 0.433231 0.214822
v -0.038106 0.421917 0.213103
v -0.026646 0.444425 0.225000
v -0.042500 0.416057 0.225000
v -0.032713 0.440461 0.225000
v -0.037857 0.433231 0.225000
v -0.041293 0.421917 0.225000
v -0.025421 0.444425 0.229573
v -0.039151 0.416057 0.237500
v -0.030675 0.440461 0.232607
v -0.035130 0.433231 0.235178
v -0.038106 0.421917 0.236897
v -0.022073 0.444425 0.232921
v -0.030000 0.416057 0.246651
v -0.025107 0.440461 0.238175
v -0.027679 0.433231 0.242629
v -0.029397 0.421917 0.245606
v -0.017500 0.444425 0.234146
v -0.017500 0.416057 0.250000
v -0.017500 0.440461 0.240213
v -0.017500 0.433231 0.245357
v -0.017500 0.421917 0.248793
v -0.022073 0.001371 0.217079
v -0.030000 0.029738 0.203349
v -0.025107 0.005335 0.211825
v -0.027679 0.012564 0.207371
v -0.029397 0.023878 0.204395
v -0.017500 0.029738 0.200000
v -0.017500 0.001371 0.215854
v -0.017500 0.023878 0.201207
v -0.017500 0.012564 0.204643
v -0.017500 0.005335 0.209787
v -0.025421 0.001371 0.220427
v -0.039151 0.029738 0.212500
v -0.030675 0.005335 0.217393
v -0.035130 0.012564 0.214822
v -0.038106 0.023878 0.213103
v -0.026646 0.001371 0.225000
v -0.042500 0.029738 0.225000
v -0.032713 0.005335 0.225000
v -0.037857 0.012564 0.225000
v -0.041293 0.023878 0.225000
v -0.025421 0.001371 0.229573
v -0.039151 0.029738 0.237500
v -0.030675 0.005335 0.232607
v -0.035130 0.012564 0.235178
v -0.038106 0.023878 0.236897
v -0.022073 0.001371 0.232921
v -0.030000 0.029738 0.246651
v -0.025107 0.005335 0.238175
v -0.027679 0.012564 0.242629
v -0.029397 0.023878 0.245606
v -0.017500 0.001371 0.234146
v -0.017500 0.029738 0.250000
v -0.017500 0.005335 0.240213
v -0.017500 0.012564 0.245357
v -0.017500 0.023878 0.248793
v -0.022073 0.444425 0.067079
v -0.030000 0.416057 0.053349
v -0.025107 0.440461 0.061825
v -0.027679 0.433231 0.057371
v -0.029397 0.421917 0.054394
v -0.017500 0.416057 0.050000
v -0.017500 0.444425 0.065854
v -0.017500 0.421917 0.051207
v -0.017500 0.433231 0.054643
v -0.017500 0.440461 0.059787
v -0.025421 0.444425 0.070427
v -0.039151 0.416057 0.062500
v -0.030675 0.440461 0.067393
v -0.035130 0.433231 0.064822
v -0.038106 0.421917 0.063103
v -0.026646 0.444425 0.075000
v -0.042500 0.416057 0.075000
v -0.032713 0.440461 0.075000
v -0.037857 0.433231 0.075000
v -0.041293 0.421917 0.075000
v -0.025421 0.444425 0.079573
v -0.039151 0.416057 0.087500
v -0.030675 0.440461 0.082607
v -0.035130 0.433231 0.085178
v -0.038106 0.421917 0.086897
v -0.022073 0.444425 0.082921
v -0.030000 0.416057 0.096651
v -0.025107 0.440461 0.088175
v -0.027679 0.433231 0.092629
v -0.029397 0.421917 0.095606
v -0.017500 0.444425 0.084146
v -0.017500 0.416057 0.100000
v -0.017500 0.440461 0.090213
v -0.017500 0.433231 0.095357
v -0.017500 0.421917 0.098793
v -0.022073 0.001371 0.067079
v -0.030000 0.029738 0.053349
v -0.025107 0.005335 0.061825
v -0.027679 0.012564 0.057371
v -0.029397 0.023878 0.054394
v -0.017500 0.029738 0.050000
v -0.017500 0.001371 0.065854
v -0.017500 0.023878 0.051207
v -0.017500 0.012564 0.054643
v -0.017500 0.005335 0.059787
v -0.025421 0.001371 0.070427
v -0.039151 0.029738 0.062500
v -0.030675 0.005335 0.067393
v -0.035130 0.012564 0.064822
v -0.038106 0.023878 0.063103
v -0.026646 0.001371 0.075000
v -0.042500 0.029738 0.075000
v -0.032713 0.005335 0.075000
v -0.037857 0.012564 0.075000
v -0.041293 0.023878 0.075000
v -0.025421 0.001371 0.079573
v -0.039151 0.029738 0.087500
v -0.030675 0.005335 0.082607
v -0.035130 0.012564 0.085178
v -0.038106 0.023878 0.086897
v -0.022073 0.001371 0.082921
v -0.030000 0.029738 0.096651
v -0.025107 0.005335 0.088175
v -0.027679 0.012564 0.092629
v -0.029397 0.023878 0.095606
v -0.017500 0.001371 0.084146
v -0.017500 0.029738 0.100000
v -0.017500 0.005335 0.090213
v -0.017500 0.012564 0.095357
v -0.017500 0.023878 0.098793
v -0.022073 0.444425 -0.082921
v -0.030000 0.416057 -0.096651
v -0.025107 0.440461 -0.088175
v -0.027679 0.433231 -0.092629
v -0.029397 0.421917 -0.095606
v -0.017500 0.416057 -0.100000
v -0.017500 0.444425 -0.084146
v -0.017500 0.421917 -0.098793
v -0.017500 0.433231 -0.095357
v -0.017500 0.440461 -0.090213
v -0.025421 0.444425 -0.079573
v -0.039151 0.416057 -0.087500
v -0.030675 0.440461 -0.082607
v -0.035130 0.433231 -0.085178
v -0.038106 0.421917 -0.086897
v -0.026646 0.444425 -0.075000
v -0.042500 0.416057 -0.075000
v -0.032713 0.440461 -0.075000
v -0.037857 0.433231 -0.075000
v -0.041293 0.421917 -0.075000
v -0.025421 0.444425 -0.070427
v -0.039151 0.416057 -0.062500
v -0.030675 0.440461 -0.067393
v -0.035130 0.433231 -0.064822
v -0.038106 0.421917 -0.063103
v -0.022073 0.444425 -0.067079
v -0.030000 0.416057 -0.053349
v -0.025107 0.440461 -0.061825
v -0.027679 0.433231 -0.057371
v -0.029397 0.421917 -0.054394
v -0.017500 0.444425 -0.065854
v -0.017500 0.416057 -0.050000
v -0.017500 0.440461 -0.059787
v -0.017500 0.433231 -0.054643
v -0.017500 0.421917 -0.051207
v -0.022073 0.001371 -0.082921
v -0.030000 0.029738 -0.096651
v -0.025107 0.005335 -0.088175
v -0.027679 0.012564 -0.092629
v -0.029397 0.023878 -0.095606
v -0.017500 0.029738 -0.100000
v -0.017500 0.001371 -0.084146
v -0.017500 0.023878 -0.098793
v -0.017500 0.012564 -0.095357
v -0.017500 0.005335 -0.090213
v -0.025421 0.001371 -0.079573
v -0.039151 0.029738 -0.087500
v -0.030675 0.005335 -0.082607
v -0.035130 0.012564 -0.085178
v -0.038106 0.023878 -0.086897
v -0.026646 0.001371 -0.075000
v -0.042500 0.029738 -0.075000
v -0.032713 0.005335 -0.075000
v -0.037857 0.012564 -0.075000
v -0.041293 0.023878 -0.075000
v -0.025421 0.001371 -0.070427
v -0.039151 0.029738 -0.062500
v -0.030675 0.005335 -0.067393
v -0.035130 0.012564 -0.064822
v -0.038106 0.023878 -0.063103
v -0.022073 0.001371 -0.067079
v -0.030000 0.029738 -0.053349
v -0.025107 0.005335 -0.061825
v -0.027679 0.012564 -0.057371
v -0.029397 0.023878 -0.054394
v -0.017500 0.001371 -0.065854
v -0.017500 0.029738 -0.050000
v -0.017500 0.005335 -0.059787
v -0.017500 0.012564 -0.054643
v -0.017500 0.023878 -0.051207
v -0.022073 0.444425 -0.232921
v -0.030000 0.416057 -0.246651
v -0.025107 0.440461 -0.238175
v -0.027679 0.433231 -0.242629
v -0.029397 0.421917 -0.245606
v -0.017500 0.416057 -0.250000
v -0.017500 0.444425 -0.234146
v -0.017500 0.421917 -0.248793
v -0.017500 0.433231 -0.245357
v -0.017500 0.440461 -0.240213
v -0.025421 0.444425 -0.229573
v -0.039151 0.416057 -0.237500
v -0.030675 0.440461 -0.232607
v -0.035130 0.433231 -0.235178
v -0.038106 0.421917 -0.236897
v -0.026646 0.444425 -0.225000
v -0.042500 0.416057 -0.225000
v -0.032713 0.440461 -0.225000
v -0.037857 0.433231 -0.225000
v -0.041293 0.421917 -0.225000
v -0.025421 0.444425 -0.220427
v -0.039151 0.416057 -0.212500
v -0.030675 0.440461 -0.217393
v -0.035130 0.433231 -0.214822
v -0.038106 0.421917 -0.213103
v -0.022073 0.444425 -0.217079
v -0.030000 0.416057 -0.203349
v -0.025107 0.440461 -0.211825
v -0.027679 0.433231 -0.207371
v -0.029397 0.421917 -0.204395
v -0.017500 0.444425 -0.215854
v -0.017500 0.416057 -0.200000
v -0.017500 0.440461 -0.209787
v -0.017500 0.433231 -0.204643
v -0.017500 0.421917 -0.201207
v -0.022073 0.001371 -0.232921
v -0.030000 0.029738 -0.246651
v -0.025107 0.005335 -0.238175
v -0.027679 0.012564 -0.242629
v -0.029397 0.023878 -0.245606
v -0.017500 0.029738 -0.250000
v -0.017500 0.001371 -0.234146
v -0.017500 0.023878 -0.248793
v -0.017500 0.012564 -0.245357
v -0.017500 0.005335 -0.240213
v -0.025421 0.001371 -0.229573
v -0.039151 0.029738 -0.237500
v -0.030675 0.005335 -0.232607
v -0.035130 0.012564 -0.235178
v -0.038106 0.023878 -0.236897
v -0.026646 0.001371 -0.225000
v -0.042500 0.029738 -0.225000
v -0.032713 0.005335 -0.225000
v -0.037857 0.012564 -0.225000
v -0.041293 0.023878 -0.225000
v -0.025421 0.001371 -0.220427
v -0.039151 0.029738 -0.212500
v -0.030675 0.005335 -0.217393
v -0.035130 0.012564 -0.214822
v -0.038106 0.023878 -0.213103
v -0.022073 0.001371 -0.217079
v -0.030000 0.029738 -0.203349
v -0.025107 0.005335 -0.211825
v -0.027679 0.012564 -0.207371
v -0.029397 0.023878 -0.204395
v -0.017500 0.001371 -0.215854
v -0.017500 0.029738 -0.200000
v -0.017500 0.005335 -0.209787
v -0.017500 0.012564 -0.204643
v -0.017500 0.023878 -0.201207
v 0.006770 0.416194 -0.280000
v 0.000000 0.418999 -0.280000
v 0.009574 0.409425 -0.280000
v 0.006770 0.402655 -0.280000
v 0.000000 0.399850 -0.280000
v -0.006770 0.402655 -0.280000
v -0.009574 0.409425 -0.280000
v -0.006770 0.416194 -0.280000
v 0.004856 0.414281 -0.355000
v 0.000000 0.416293 -0.355000
v 0.006868 0.409424 -0.355000
v 0.004856 0.404568 -0.355000
v 0.000000 0.402556 -0.355000
v -0.004856 0.404568 -0.355000
v -0.006868 0.409424 -0.355000
v -0.004856 0.414281 -0.355000
v 0.004856 0.415828 -0.366752
v 0.000000 0.417771 -0.366231
v 0.006868 0.411137 -0.368009
v 0.004856 0.406446 -0.369266
v 0.000000 0.404503 -0.369786
v -0.004856 0.406446 -0.369266
v -0.006868 0.411137 -0.368009
v -0.004856 0.415828 -0.366752
v 0.004856 0.420364 -0.377703
v 0.000000 0.422106 -0.376697
v 0.006868 0.416158 -0.380131
v 0.004856 0.411952 -0.382559
v 0.000000 0.410210 -0.383565
v -0.004856 0.411952 -0.382559
v -0.006868 0.416158 -0.380131
v -0.004856 0.420364 -0.377703
v 0.004856 0.427580 -0.387106
v 0.000000 0.429002 -0.385684
v 0.006868 0.424146 -0.390540
v 0.004856 0.420712 -0.393974
v 0.000000 0.419289 -0.395397
v -0.004856 0.420712 -0.393974
v -0.006868 0.424146 -0.390540
v -0.004856 0.427580 -0.387106
v 0.004856 0.436983 -0.394322
v 0.000000 0.437989 -0.392580
v 0.006868 0.434555 -0.398528
v 0.004856 0.432127 -0.402734
v 0.000000 0.431121 -0.404476
v -0.004856 0.432127 -0.402734
v -0.006868 0.434555 -0.398528
v -0.004856 0.436983 -0.394322
v 0.004856 0.447934 -0.398858
v 0.000000 0.448455 -0.396915
v 0.006868 0.446677 -0.403549
v 0.004856 0.445420 -0.408240
v 0.000000 0.444900 -0.410183
v -0.004856 0.445420 -0.408240
v -0.006868 0.446677 -0.403549
v -0.004856 0.447934 -0.398858
v 0.004856 0.459686 -0.400405
v 0.000000 0.459686 -0.398393
v 0.006868 0.459686 -0.405262
v 0.004856 0.459686 -0.410118
v 0.000000 0.459686 -0.412130
v -0.004856 0.459686 -0.410118
v -0.006868 0.459686 -0.405262
v -0.004856 0.459686 -0.400405
v 0.004857 1.278080 -0.400408
v 0.000001 1.278080 -0.398396
v 0.006869 1.278080 -0.405264
v 0.004857 1.278080 -0.410121
v 0.000001 1.278080 -0.412132
v -0.004856 1.278080 -0.410121
v -0.006868 1.278080 -0.405264
v -0.004856 1.278080 -0.400408
vn 0.9296 -0.0959 -0.3558
vn 0.9951 -0.0991 -0.0000
vn 0.9698 -0.2440 -0.0000
vn 0.9084 -0.2322 -0.3477
vn 0.9043 -0.4270 -0.0000
vn 0.8454 -0.4248 -0.3236
vn 0.7139 -0.7002 -0.0000
vn 0.6586 -0.7090 -0.2521
vn 0.3438 -0.9390 -0.0000
vn 0.2515 -0.9631 -0.0963
vn 0.6586 -0.7090 0.2521
vn 0.2515 -0.9631 0.0963
vn 0.8454 -0.4248 0.3236
vn 0.9084 -0.2322 0.3477
vn 0.9296 -0.0959 0.3558
vn -0.0000 -1.0000 -0.0000
vn 1.0000 -0.0000 -0.0000
vn 0.9339 -0.0000 0.3575
vn 0.9339 -0.0000 -0.3575
vn -0.9320 0.0957 0.3495
vn -0.9107 0.2327 0.3413
vn -0.9698 0.2440 -0.0000
vn -0.9951 0.0988 -0.0000
vn -0.8474 0.4257 0.3173
vn -0.9040 0.4276 -0.0000
vn -0.6589 0.7102 0.2478
vn -0.7131 0.7010 -0.0000
vn -0.2515 0.9635 0.0912
vn -0.3472 0.9378 -0.0000
vn -0.2515 0.9635 -0.0912
vn -0.6589 0.7102 -0.2478
vn -0.8474 0.4257 -0.3173
vn -0.9107 0.2327 -0.3413
vn -0.9320 0.0957 -0.3495
vn -0.0058 1.0000 -0.0000
vn -0.9363 -0.0000 -0.3512
vn -1.0000 -0.0000 -0.0000
vn -0.9363 -0.0000 0.3512
vn 0.1844 -0.0000 -0.9829
vn 0.1843 -0.0000 0.9829
vn 0.1844 -0.0000 0.9829
vn 0.1843 -0.0000 -0.9829
vn 0.9296 0.0959 -0.3558
vn 0.9084 0.2322 -0.3477
vn 0.9698 0.2440 -0.0000
vn 0.9951 0.0991 -0.0000
vn 0.8454 0.4248 -0.3236
vn 0.9043 0.4270 -0.0000
vn 0.6586 0.7090 -0.2521
vn 0.7139 0.7002 -0.0000
vn 0.2515 0.9631 -0.0963
vn 0.3438 0.9390 -0.0000
vn 0.2515 0.9631 0.0963
vn 0.6586 0.7090 0.2521
vn 0.8454 0.4248 0.3236
vn 0.9084 0.2322 0.3477
vn 0.9296 0.0959 0.3558
vn -0.0000 1.0000 -0.0000
vn -0.9320 -0.0957 0.3495
vn -0.9951 -0.0988 -0.0000
vn -0.9698 -0.2440 -0.0000
vn -0.9107 -0.2327 0.3413
vn -0.9040 -0.4276 -0.0000
vn -0.8474 -0.4257 0.3173
vn -0.7131 -0.7010 -0.0000
vn -0.6589 -0.7102 0.2478
vn -0.3472 -0.9378 -0.0000
vn -0.2515 -0.9635 0.0912
vn -0.6589 -0.7102 -0.2478
vn -0.2515 -0.9635 -0.0912
vn -0.8474 -0.4257 -0.3173
vn -0.9107 -0.2327 -0.3413
vn -0.9320 -0.0957 -0.3495
vn -0.0058 -1.0000 -0.0000
vn -0.9296 -0.0959 -0.3558
vn -0.9084 -0.2322 -0.3477
vn -0.9951 -0.0991 -0.0000
vn -0.8454 -0.4248 -0.3236
vn -0.9043 -0.4270 -0.0000
vn -0.6586 -0.7090 -0.2521
vn -0.7139 -0.7002 -0.0000
vn -0.2515 -0.9631 -0.0963
vn -0.3438 -0.9390 -0.0000
vn -0.2515 -0.9631 0.0963
vn -0.6586 -0.7090 0.2521
vn -0.8454 -0.4248 0.3236
vn -0.9084 -0.2322 0.3477
vn -0.9296 -0.0959 0.3558
vn -0.9339 -0.0000 0.3575
vn -0.9339 -0.0000 -0.3575
vn 0.9320 0.0957 0.3495
vn 0.9951 0.0988 -0.0000
vn 0.9107 0.2327 0.3413
vn 0.9040 0.4276 -0.0000
vn 0.8474 0.4257 0.3173
vn 0.7131 0.7010 -0.0000
vn 0.6589 0.7102 0.2478
vn 0.3472 0.9378 -0.0000
vn 0.2515 0.9635 0.0912
vn 0.6589 0.7102 -0.2478
vn 0.2515 0.9635 -0.0912
vn 0.8474 0.4257 -0.3173
vn 0.9107 0.2327 -0.3413
vn 0.9320 0.0957 -0.3495
vn 0.0058 1.0000 -0.0000
vn 0.9363 -0.0000 -0.3512
vn 0.9363 -0.0000 0.3512
vn -0.1843 -0.0000 -0.9829
vn -0.1843 -0.0000 0.9829
vn -0.1844 -0.0000 0.9829
vn -0.1844 -0.0000 -0.9829
vn -0.9296 0.0959 -0.3558
vn -0.9951 0.0991 -0.0000
vn -0.9084 0.2322 -0.3477
vn -0.9043 0.4270 -0.0000
vn -0.8454 0.4248 -0.3236
vn -0.7139 0.7002 -0.0000
vn -0.6586 0.7090 -0.2521
vn -0.3438 0.9390 -0.0000
vn -0.2515 0.9631 -0.0963
vn -0.6586 0.7090 0.2521
vn -0.2515 0.9631 0.0963
vn -0.8454 0.4248 0.3236
vn -0.9084 0.2322 0.3477
vn -0.9296 0.0959 0.3558
vn 0.9320 -0.0957 0.3495
vn 0.9107 -0.2327 0.3413
vn 0.9951 -0.0988 -0.0000
vn 0.8474 -0.4257 0.3173
vn 0.9040 -0.4276 -0.0000
vn 0.6589 -0.7102 0.2478
vn 0.7131 -0.7010 -0.0000
vn 0.2515 -0.9635 0.0912
vn 0.3472 -0.9378 -0.0000
vn 0.2515 -0.9635 -0.0912
vn 0.6589 -0.7102 -0.2478
vn 0.8474 -0.4257 -0.3173
vn 0.9107 -0.2327 -0.3413
vn 0.9320 -0.0957 -0.3495
vn 0.0058 -1.0000 -0.0000
vn 0.1639 0.9448 -0.2839
vn 0.0875 0.9411 -0.3265
vn 0.0875 0.9411 0.3265
vn 0.1639 0.9448 0.2839
vn 0.2839 0.9448 0.1639
vn 0.3278 0.9448 -0.0000
vn 0.2839 0.9448 -0.1639
vn 0.4975 0.0997 -0.8617
vn 0.2576 0.0964 -0.9614
vn 0.2515 0.2368 -0.9385
vn 0.4848 0.2446 -0.8397
vn 0.2350 0.4187 -0.8772
vn 0.4512 0.4307 -0.7816
vn 0.1865 0.6935 -0.6959
vn 0.3542 0.7059 -0.6134
vn 0.8617 0.0997 -0.4975
vn 0.8397 0.2446 -0.4848
vn 0.7816 0.4307 -0.4512
vn 0.6134 0.7059 -0.3542
vn 0.9950 0.0997 -0.0000
vn 0.9696 0.2446 -0.0000
vn 0.9025 0.4307 -0.0000
vn 0.7083 0.7059 -0.0000
vn 0.8617 0.0997 0.4975
vn 0.8397 0.2446 0.4848
vn 0.7816 0.4307 0.4512
vn 0.6134 0.7059 0.3542
vn 0.4975 0.0997 0.8617
vn 0.4848 0.2446 0.8397
vn 0.4512 0.4307 0.7816
vn 0.3542 0.7059 0.6134
vn 0.2576 0.0964 0.9614
vn 0.2515 0.2368 0.9385
vn 0.2350 0.4187 0.8772
vn 0.1865 0.6935 0.6959
vn 0.2576 -0.0964 0.9614
vn 0.4975 -0.0997 0.8617
vn 0.8617 -0.0997 0.4975
vn 0.9950 -0.0997 -0.0000
vn 0.8617 -0.0997 -0.4975
vn 0.4975 -0.0997 -0.8617
vn 0.2576 -0.0964 -0.9614
vn 0.1639 -0.9448 -0.2839
vn 0.2839 -0.9448 -0.1639
vn 0.3278 -0.9448 -0.0000
vn 0.2839 -0.9448 0.1639
vn 0.1639 -0.9448 0.2839
vn 0.0875 -0.9411 0.3265
vn 0.0875 -0.9411 -0.3265
vn 0.4848 -0.2446 -0.8397
vn 0.2515 -0.2368 -0.9385
vn 0.4512 -0.4307 -0.7816
vn 0.2350 -0.4187 -0.8772
vn 0.3542 -0.7059 -0.6134
vn 0.1865 -0.6935 -0.6959
vn 0.8397 -0.2446 -0.4848
vn 0.7816 -0.4307 -0.4512
vn 0.6134 -0.7059 -0.3542
vn 0.9696 -0.2446 -0.0000
vn 0.9025 -0.4307 -0.0000
vn 0.7083 -0.7059 -0.0000
vn 0.8397 -0.2446 0.4848
vn 0.7816 -0.4307 0.4512
vn 0.6134 -0.7059 0.3542
vn 0.4848 -0.2446 0.8397
vn 0.4512 -0.4307 0.7816
vn 0.3542 -0.7059 0.6134
vn 0.2515 -0.2368 0.9385
vn 0.2350 -0.4187 0.8772
vn 0.1865 -0.6935 0.6959
vn -0.0000 0.9295 -0.3688
vn 0.6572 0.6572 -0.3688
vn 0.3095 0.3095 -0.8991
vn -0.0000 0.4377 -0.8991
vn 0.9295 -0.0000 -0.3689
vn 0.4377 -0.0000 -0.8991
vn 0.6572 -0.6572 -0.3689
vn 0.3095 -0.3095 -0.8991
vn -0.0000 -0.9295 -0.3689
vn -0.0000 -0.4377 -0.8991
vn -0.6572 -0.6572 -0.3689
vn -0.3095 -0.3095 -0.8991
vn -0.9295 -0.0000 -0.3689
vn -0.4377 -0.0000 -0.8991
vn -0.6572 0.6572 -0.3688
vn -0.3095 0.3095 -0.8991
vn 0.7071 0.7071 -0.0000
vn 0.5944 -0.0000 -0.8042
vn 0.4203 -0.4203 -0.8042
vn 0.6987 -0.7139 -0.0469
vn 0.9999 -0.0159 -0.0021
vn -0.7071 0.7071 -0.0000
vn 0.7071 -0.7071 -0.0000
vn -0.7071 -0.7071 -0.0000
vn -0.0000 0.9295 0.3688
vn -0.0000 0.4377 0.8991
vn 0.3095 0.3095 0.8991
vn 0.6572 0.6573 0.3688
vn 0.4377 -0.0000 0.8991
vn 0.9295 -0.0000 0.3688
vn 0.3095 -0.3095 0.8991
vn 0.6572 -0.6573 0.3688
vn -0.0000 -0.4377 0.8991
vn -0.0000 -0.9295 0.3688
vn -0.3095 -0.3095 0.8991
vn -0.6572 -0.6573 0.3688
vn -0.4377 -0.0000 0.8991
vn -0.9295 -0.0000 0.3688
vn -0.3095 0.3095 0.8991
vn -0.6572 0.6573 0.3688
vn -0.0000 0.9799 -0.1995
vn 0.6929 0.6929 -0.1995
vn 0.5169 0.5169 -0.6824
vn -0.0000 0.7310 -0.6824
vn 0.1590 0.1590 -0.9744
vn -0.0000 0.2248 -0.9744
vn 0.9799 -0.0000 -0.1995
vn 0.7310 -0.0000 -0.6824
vn 0.2248 -0.0000 -0.9744
vn 0.6929 -0.6929 -0.1995
vn 0.5169 -0.5169 -0.6824
vn 0.1590 -0.1590 -0.9744
vn -0.0000 -0.9799 -0.1995
vn -0.0000 -0.7310 -0.6824
vn -0.0000 -0.2248 -0.9744
vn -0.6929 -0.6929 -0.1995
vn -0.5169 -0.5169 -0.6824
vn -0.1590 -0.1590 -0.9744
vn -0.9799 -0.0000 -0.1995
vn -0.7310 -0.0000 -0.6824
vn -0.2248 -0.0000 -0.9744
vn -0.6929 0.6929 -0.1995
vn -0.5169 0.5169 -0.6824
vn -0.1590 0.1590 -0.9744
vn -0.0000 0.2248 0.9744
vn 0.1590 0.1590 0.9744
vn 0.5169 0.5169 0.6824
vn -0.0000 0.7310 0.6824
vn 0.6929 0.6929 0.1994
vn -0.0000 0.9799 0.1995
vn 0.2248 -0.0000 0.9744
vn 0.7310 -0.0000 0.6824
vn 0.9799 -0.0000 0.1994
vn 0.1590 -0.1590 0.9744
vn 0.5169 -0.5169 0.6824
vn 0.6929 -0.6929 0.1994
vn -0.0000 -0.2248 0.9744
vn -0.0000 -0.7310 0.6824
vn -0.0000 -0.9799 0.1995
vn -0.1590 -0.1590 0.9744
vn -0.5169 -0.5169 0.6824
vn -0.6929 -0.6929 0.1995
vn -0.2248 -0.0000 0.9744
vn -0.7310 -0.0000 0.6824
vn -0.9799 -0.0000 0.1995
vn -0.1590 0.1590 0.9744
vn -0.5169 0.5169 0.6824
vn -0.6929 0.6929 0.1995
vn -0.0000 -0.0000 -1.0000
vn -0.0000 -0.0000 1.0000
vn -0.0000 -0.9295 -0.3688
vn -0.6572 -0.6572 -0.3688
vn 0.6572 0.6572 0.3688
vn -0.6572 0.6572 0.3688
vn -0.0000 0.9799 0.1994
vn 0.6929 -0.6929 0.1995
vn -0.9799 -0.0000 0.1994
vn -0.6929 0.6929 0.1994
vn -0.1639 0.9448 -0.2839
vn -0.2839 0.9448 -0.1639
vn -0.3278 0.9448 -0.0000
vn -0.2839 0.9448 0.1639
vn -0.1639 0.9448 0.2839
vn -0.0875 0.9411 0.3265
vn -0.0875 0.9411 -0.3265
vn -0.4975 0.0997 -0.8617
vn -0.4848 0.2446 -0.8397
vn -0.2515 0.2368 -0.9385
vn -0.2576 0.0964 -0.9614
vn -0.4512 0.4307 -0.7816
vn -0.2350 0.4187 -0.8772
vn -0.3542 0.7059 -0.6134
vn -0.1865 0.6935 -0.6959
vn -0.8617 0.0997 -0.4975
vn -0.8397 0.2446 -0.4848
vn -0.7816 0.4307 -0.4512
vn -0.6134 0.7059 -0.3542
vn -0.9950 0.0997 -0.0000
vn -0.9696 0.2446 -0.0000
vn -0.9025 0.4307 -0.0000
vn -0.7083 0.7059 -0.0000
vn -0.8617 0.0997 0.4975
vn -0.8397 0.2446 0.4848
vn -0.7816 0.4307 0.4512
vn -0.6134 0.7059 0.3542
vn -0.4975 0.0997 0.8617
vn -0.4848 0.2446 0.8397
vn -0.4512 0.4307 0.7816
vn -0.3542 0.7059 0.6134
vn -0.2576 0.0964 0.9614
vn -0.2515 0.2368 0.9385
vn -0.2350 0.4187 0.8772
vn -0.1865 0.6935 0.6959
vn -0.2576 -0.0964 0.9614
vn -0.4975 -0.0997 0.8617
vn -0.8617 -0.0997 0.4975
vn -0.9950 -0.0997 -0.0000
vn -0.8617 -0.0997 -0.4975
vn -0.4975 -0.0997 -0.8617
vn -0.2576 -0.0964 -0.9614
vn -0.1639 -0.9448 -0.2839
vn -0.0875 -0.9411 -0.3265
vn -0.0875 -0.9411 0.3265
vn -0.1639 -0.9448 0.2839
vn -0.2839 -0.9448 0.1639
vn -0.3278 -0.9448 -0.0000
vn -0.2839 -0.9448 -0.1639
vn -0.2515 -0.2368 -0.9385
vn -0.4848 -0.2446 -0.8397
vn -0.2350 -0.4187 -0.8772
vn -0.4512 -0.4307 -0.7816
vn -0.1865 -0.6935 -0.6959
vn -0.3542 -0.7059 -0.6134
vn -0.8397 -0.2446 -0.4848
vn -0.7816 -0.4307 -0.4512
vn -0.6134 -0.7059 -0.3542
vn -0.9696 -0.2446 -0.0000
vn -0.9025 -0.4307 -0.0000
vn -0.7083 -0.7059 -0.0000
vn -0.8397 -0.2446 0.4848
vn -0.7816 -0.4307 0.4512
vn -0.6134 -0.7059 0.3542
vn -0.4848 -0.2446 0.8397
vn -0.4512 -0.4307 0.7816
vn -0.3542 -0.7059 0.6134
vn -0.2515 -0.2368 0.9385
vn -0.2350 -0.4187 0.8772
vn -0.1865 -0.6935 0.6959
vn 0.4203 0.4203 -0.8042
vn -0.0000 0.5944 -0.8042
vn -0.0000 -0.5944 -0.8042
vn -0.4203 -0.4203 -0.8042
vn -0.5944 -0.0000 -0.8042
vn -0.4203 0.4203 -0.8042
vn -0.0000 -0.9979 -0.0644
vn -0.6987 -0.7139 -0.0469
vn -0.6915 -0.6977 -0.1870
vn -0.0000 -0.9659 -0.2588
vn 0.7146 0.6980 0.0458
vn -0.0000 0.9978 0.0665
vn -0.7146 0.6980 0.0458
vn -0.9999 -0.0159 -0.0021
vn -0.7234 0.6669 0.1787
vn -0.0000 0.9659 0.2588
vn -0.0000 0.8660 0.5000
vn -0.7234 0.5980 0.3452
vn 0.6915 -0.6977 -0.1870
vn 0.9995 -0.0308 -0.0082
vn 0.7234 0.6669 0.1787
vn -0.9995 -0.0308 -0.0082
vn -0.0000 -0.8660 -0.5000
vn -0.6915 -0.6256 -0.3612
vn -0.6915 -0.5108 -0.5108
vn -0.0000 -0.7071 -0.7071
vn -0.9995 -0.0276 -0.0159
vn 0.6915 -0.6256 -0.3612
vn 0.9995 -0.0276 -0.0159
vn 0.7234 0.5980 0.3452
vn -0.9995 -0.0225 -0.0225
vn -0.7234 0.4882 0.4882
vn -0.7234 0.3452 0.5980
vn -0.9995 -0.0159 -0.0276
vn 0.6915 -0.5108 -0.5108
vn 0.9995 -0.0225 -0.0225
vn 0.7234 0.4882 0.4882
vn -0.0000 0.7071 0.7071
vn -0.6915 -0.3612 -0.6256
vn -0.9995 -0.0082 -0.0308
vn -0.6915 -0.1870 -0.6977
vn -0.0000 -0.5000 -0.8660
vn 0.6915 -0.3612 -0.6256
vn 0.9995 -0.0159 -0.0276
vn 0.7234 0.3452 0.5980
vn -0.0000 0.5000 0.8660
vn -0.0000 0.2588 0.9659
vn 0.7234 0.1787 0.6669
vn 0.7146 0.0458 0.6980
vn -0.0000 0.0665 0.9978
vn -0.0000 -0.2588 -0.9659
vn 0.6915 -0.1870 -0.6977
vn 0.9995 -0.0082 -0.0308
vn -0.7234 0.1787 0.6669
vn 0.5490 0.6303 0.5490
vn -0.0000 0.6303 0.7764
vn -0.7146 0.0458 0.6980
vn -0.9999 -0.0021 -0.0159
vn -0.6987 -0.0469 -0.7139
vn -0.0000 -0.0644 -0.9979
vn 0.6987 -0.0469 -0.7139
vn 0.9999 -0.0021 -0.0159
vn 0.7764 0.6302 -0.0000
vn 0.5490 0.6303 -0.5490
vn -0.0000 0.6302 -0.7764
vn -0.5490 0.6303 -0.5490
vn -0.7764 0.6303 -0.0000
vn -0.5490 0.6303 0.5490
vt 0.829908 0.017339
vt 0.826799 0.017339
vt 0.826799 0.013175
vt 0.829758 0.013175
vt 0.826799 0.005137
vt 0.829330 0.005137
vt 0.826799 0.000000
vt 0.828691 0.000000
vt 0.298216 0.641279
vt 0.296222 0.641634
vt 0.296993 0.637393
vt 0.298192 0.637179
vt 0.294500 0.640567
vt 0.295958 0.636751
vt 0.824268 0.005137
vt 0.824908 0.000000
vt 0.823841 0.013175
vt 0.823691 0.017339
vt 0.298216 0.631010
vt 0.826799 0.154582
vt 0.823691 0.154582
vt 0.829908 0.154582
vt 0.643184 0.407535
vt 0.643337 0.403272
vt 0.646420 0.403267
vt 0.646420 0.407534
vt 0.643773 0.395097
vt 0.646420 0.395096
vt 0.644438 0.389762
vt 0.646420 0.389764
vt 0.194475 0.641771
vt 0.194499 0.637384
vt 0.195741 0.637622
vt 0.196562 0.642129
vt 0.196807 0.636942
vt 0.198369 0.641025
vt 0.648403 0.389762
vt 0.649068 0.395097
vt 0.649504 0.403272
vt 0.649657 0.407535
vt 0.194475 0.631010
vt 0.649658 0.544848
vt 0.646420 0.544848
vt 0.643183 0.544848
vt 0.246940 0.472887
vt 0.246253 0.472886
vt 0.246257 0.335576
vt 0.246940 0.335646
vt 0.367781 0.331515
vt 0.368448 0.331347
vt 0.369264 0.335611
vt 0.368581 0.335680
vt 0.257450 0.315501
vt 0.257248 0.314822
vt 0.263513 0.314797
vt 0.263513 0.315507
vt 0.369267 0.472921
vt 0.368581 0.472921
vt 0.352008 0.315507
vt 0.352008 0.314797
vt 0.358272 0.314835
vt 0.358071 0.315514
vt 0.253428 0.318314
vt 0.252944 0.317809
vt 0.250018 0.323447
vt 0.249398 0.323141
vt 0.362577 0.317831
vt 0.362093 0.318334
vt 0.247740 0.331483
vt 0.247073 0.331313
vt 0.366123 0.323170
vt 0.365503 0.323474
vt 0.829908 0.291825
vt 0.829758 0.295989
vt 0.826799 0.295989
vt 0.826799 0.291825
vt 0.829330 0.304028
vt 0.826799 0.304028
vt 0.828691 0.309164
vt 0.826799 0.309164
vt 0.246253 0.632077
vt 0.244795 0.635893
vt 0.243759 0.635252
vt 0.244532 0.631010
vt 0.242561 0.635465
vt 0.242538 0.631366
vt 0.824908 0.309164
vt 0.824268 0.304028
vt 0.823841 0.295989
vt 0.823691 0.291825
vt 0.242538 0.641634
vt 0.643184 0.682160
vt 0.646420 0.682162
vt 0.646420 0.686428
vt 0.643337 0.686424
vt 0.646420 0.694599
vt 0.643773 0.694598
vt 0.646420 0.699932
vt 0.644438 0.699934
vt 0.211735 0.632114
vt 0.213542 0.631010
vt 0.214362 0.635518
vt 0.213296 0.636197
vt 0.215628 0.631368
vt 0.215603 0.635755
vt 0.649068 0.694598
vt 0.648403 0.699934
vt 0.649504 0.686424
vt 0.649657 0.682160
vt 0.215628 0.642129
vt 0.246940 0.610128
vt 0.246257 0.610197
vt 0.367781 0.614324
vt 0.368581 0.610162
vt 0.369264 0.610232
vt 0.368448 0.614495
vt 0.257450 0.630294
vt 0.263513 0.630300
vt 0.263513 0.631010
vt 0.257248 0.630973
vt 0.352008 0.630299
vt 0.358071 0.630306
vt 0.358272 0.630985
vt 0.352008 0.631010
vt 0.253428 0.627473
vt 0.252944 0.627977
vt 0.250018 0.622333
vt 0.249398 0.622638
vt 0.362093 0.627494
vt 0.362577 0.627998
vt 0.247740 0.614293
vt 0.247073 0.614461
vt 0.365503 0.622361
vt 0.366123 0.622666
vt 0.238822 0.643829
vt 0.238136 0.643958
vt 0.236922 0.640721
vt 0.238136 0.637484
vt 0.238822 0.637613
vt 0.237633 0.640721
vt 0.824142 0.407100
vt 0.824292 0.402936
vt 0.827250 0.402936
vt 0.827250 0.407100
vt 0.824719 0.394897
vt 0.827250 0.394897
vt 0.825358 0.389761
vt 0.827250 0.389761
vt 0.269811 0.641279
vt 0.269834 0.637179
vt 0.271033 0.637393
vt 0.271804 0.641634
vt 0.272068 0.636751
vt 0.273526 0.640567
vt 0.829142 0.389761
vt 0.829781 0.394897
vt 0.830209 0.402936
vt 0.830359 0.407100
vt 0.269811 0.631010
vt 0.830359 0.544343
vt 0.827250 0.544343
vt 0.824142 0.544343
vt 0.817473 0.017774
vt 0.814237 0.017772
vt 0.814237 0.013506
vt 0.817320 0.013510
vt 0.814237 0.005335
vt 0.816884 0.005336
vt 0.814237 0.000003
vt 0.816219 0.000000
vt 0.202262 0.641771
vt 0.200176 0.642129
vt 0.200997 0.637622
vt 0.202239 0.637384
vt 0.198369 0.641025
vt 0.199931 0.636942
vt 0.811589 0.005336
vt 0.812254 0.000000
vt 0.811153 0.013510
vt 0.811000 0.017774
vt 0.202262 0.631010
vt 0.814237 0.155086
vt 0.810999 0.155086
vt 0.817474 0.155086
vt 0.228308 0.472887
vt 0.228308 0.335646
vt 0.228991 0.335576
vt 0.228994 0.472886
vt 0.424546 0.331515
vt 0.423746 0.335680
vt 0.423063 0.335611
vt 0.423880 0.331347
vt 0.217798 0.315501
vt 0.211735 0.315507
vt 0.211735 0.314797
vt 0.217999 0.314822
vt 0.423746 0.472921
vt 0.423060 0.472922
vt 0.440319 0.315507
vt 0.434256 0.315514
vt 0.434055 0.314835
vt 0.440319 0.314797
vt 0.221820 0.318314
vt 0.222303 0.317809
vt 0.225230 0.323447
vt 0.225849 0.323141
vt 0.430234 0.318334
vt 0.429750 0.317831
vt 0.227508 0.331483
vt 0.228174 0.331313
vt 0.426824 0.323474
vt 0.426204 0.323170
vt 0.824142 0.681586
vt 0.827250 0.681586
vt 0.827250 0.685749
vt 0.824292 0.685749
vt 0.827250 0.693788
vt 0.824719 0.693788
vt 0.827250 0.698925
vt 0.825358 0.698925
vt 0.261293 0.632077
vt 0.263015 0.631010
vt 0.263787 0.635251
vt 0.262752 0.635893
vt 0.265009 0.631366
vt 0.264986 0.635465
vt 0.829781 0.693788
vt 0.829142 0.698925
vt 0.830209 0.685749
vt 0.830359 0.681586
vt 0.265009 0.641634
vt 0.817473 0.292399
vt 0.817320 0.296663
vt 0.814237 0.296667
vt 0.814237 0.292400
vt 0.816884 0.304837
vt 0.814237 0.304838
vt 0.816219 0.310173
vt 0.814237 0.310170
vt 0.250147 0.632114
vt 0.248586 0.636197
vt 0.247520 0.635518
vt 0.248340 0.631010
vt 0.246278 0.635755
vt 0.246253 0.631368
vt 0.812254 0.310173
vt 0.811589 0.304837
vt 0.811153 0.296663
vt 0.811000 0.292399
vt 0.246253 0.642129
vt 0.228991 0.610197
vt 0.228308 0.610128
vt 0.424546 0.614325
vt 0.423880 0.614495
vt 0.423063 0.610232
vt 0.423746 0.610162
vt 0.217798 0.630294
vt 0.217999 0.630973
vt 0.211735 0.631010
vt 0.211735 0.630300
vt 0.440319 0.630300
vt 0.440319 0.631010
vt 0.434055 0.630985
vt 0.434256 0.630306
vt 0.221820 0.627473
vt 0.222303 0.627977
vt 0.225230 0.622333
vt 0.225849 0.622638
vt 0.429750 0.627998
vt 0.430234 0.627494
vt 0.227508 0.614293
vt 0.228174 0.614461
vt 0.426204 0.622666
vt 0.426824 0.622361
vt 0.322762 0.643829
vt 0.323952 0.640721
vt 0.322762 0.637613
vt 0.323449 0.637484
vt 0.324663 0.640721
vt 0.323449 0.643958
vt 0.830058 0.013175
vt 0.833016 0.013175
vt 0.833016 0.017339
vt 0.830485 0.005137
vt 0.833016 0.005137
vt 0.831125 0.000000
vt 0.833016 0.000000
vt 0.287070 0.641279
vt 0.287094 0.637179
vt 0.288292 0.637393
vt 0.289064 0.641634
vt 0.289327 0.636751
vt 0.290785 0.640567
vt 0.834908 0.000000
vt 0.835547 0.005137
vt 0.835975 0.013175
vt 0.836125 0.017339
vt 0.287070 0.631010
vt 0.836125 0.154582
vt 0.833016 0.154582
vt 0.656132 0.407535
vt 0.652895 0.407534
vt 0.652895 0.403267
vt 0.655978 0.403272
vt 0.652895 0.395096
vt 0.655542 0.395097
vt 0.652895 0.389764
vt 0.654877 0.389762
vt 0.452542 0.641770
vt 0.450455 0.642128
vt 0.451277 0.637621
vt 0.452518 0.637383
vt 0.448648 0.641025
vt 0.450210 0.636942
vt 0.650247 0.395097
vt 0.650913 0.389762
vt 0.649811 0.403272
vt 0.649658 0.407535
vt 0.452542 0.631010
vt 0.652895 0.544848
vt 0.656132 0.544848
vt 0.245567 0.472887
vt 0.245567 0.335646
vt 0.246250 0.335576
vt 0.246253 0.472886
vt 0.407287 0.331515
vt 0.406487 0.335680
vt 0.405804 0.335611
vt 0.406620 0.331347
vt 0.235057 0.315501
vt 0.228994 0.315507
vt 0.228994 0.314797
vt 0.235258 0.314822
vt 0.406487 0.472921
vt 0.405800 0.472922
vt 0.423060 0.315507
vt 0.416997 0.315514
vt 0.416795 0.314835
vt 0.423060 0.314797
vt 0.239079 0.318314
vt 0.239563 0.317809
vt 0.242489 0.323447
vt 0.243109 0.323141
vt 0.412975 0.318334
vt 0.412491 0.317831
vt 0.244767 0.331483
vt 0.245434 0.331313
vt 0.409565 0.323474
vt 0.408945 0.323170
vt 0.833016 0.291825
vt 0.833016 0.295989
vt 0.830058 0.295989
vt 0.833016 0.304028
vt 0.830485 0.304028
vt 0.833016 0.309164
vt 0.831125 0.309164
vt 0.250147 0.632077
vt 0.251868 0.631010
vt 0.252641 0.635251
vt 0.251606 0.635893
vt 0.253862 0.631366
vt 0.253839 0.635465
vt 0.835547 0.304028
vt 0.834908 0.309164
vt 0.835975 0.295989
vt 0.836125 0.291825
vt 0.253862 0.641634
vt 0.656132 0.682160
vt 0.655978 0.686424
vt 0.652895 0.686428
vt 0.652895 0.682162
vt 0.655542 0.694598
vt 0.652895 0.694599
vt 0.654877 0.699934
vt 0.652895 0.699932
vt 0.228994 0.632114
vt 0.227433 0.636198
vt 0.226367 0.635518
vt 0.227187 0.631010
vt 0.225126 0.635755
vt 0.225101 0.631368
vt 0.650913 0.699934
vt 0.650247 0.694598
vt 0.649811 0.686424
vt 0.649658 0.682160
vt 0.225101 0.642129
vt 0.246250 0.610197
vt 0.245567 0.610128
vt 0.407287 0.614325
vt 0.406620 0.614495
vt 0.405804 0.610232
vt 0.406487 0.610162
vt 0.235057 0.630294
vt 0.235258 0.630973
vt 0.228994 0.631010
vt 0.228994 0.630300
vt 0.423060 0.630299
vt 0.423060 0.631010
vt 0.416795 0.630985
vt 0.416997 0.630306
vt 0.239079 0.627473
vt 0.239563 0.627977
vt 0.242489 0.622333
vt 0.243109 0.622638
vt 0.412491 0.627998
vt 0.412975 0.627494
vt 0.244767 0.614293
vt 0.245434 0.614461
vt 0.408945 0.622666
vt 0.409565 0.622361
vt 0.238823 0.637356
vt 0.238136 0.637484
vt 0.236922 0.634247
vt 0.238136 0.631010
vt 0.238823 0.631139
vt 0.237633 0.634247
vt 0.830359 0.407100
vt 0.830509 0.402936
vt 0.833467 0.402936
vt 0.833467 0.407100
vt 0.830936 0.394897
vt 0.833467 0.394897
vt 0.831575 0.389761
vt 0.833467 0.389761
vt 0.280956 0.641279
vt 0.280980 0.637179
vt 0.282179 0.637393
vt 0.282950 0.641634
vt 0.283214 0.636751
vt 0.284672 0.640567
vt 0.835359 0.389761
vt 0.835998 0.394897
vt 0.836425 0.402936
vt 0.836576 0.407100
vt 0.280956 0.631010
vt 0.836576 0.544343
vt 0.833467 0.544343
vt 0.830359 0.544343
vt 0.791575 0.017774
vt 0.788339 0.017772
vt 0.788339 0.013506
vt 0.791422 0.013510
vt 0.788339 0.005335
vt 0.790986 0.005336
vt 0.788339 0.000003
vt 0.790321 0.000000
vt 0.340192 0.641771
vt 0.338105 0.642128
vt 0.338926 0.637621
vt 0.340168 0.637384
vt 0.336298 0.641025
vt 0.337860 0.636942
vt 0.785691 0.005336
vt 0.786356 0.000000
vt 0.785255 0.013510
vt 0.785102 0.017774
vt 0.340192 0.631010
vt 0.788339 0.155086
vt 0.785101 0.155086
vt 0.791576 0.155086
vt 0.297529 0.472887
vt 0.297530 0.335646
vt 0.298213 0.335576
vt 0.298216 0.472886
vt 0.674192 0.406479
vt 0.673392 0.410644
vt 0.672709 0.410575
vt 0.673526 0.406310
vt 0.287020 0.315501
vt 0.280957 0.315507
vt 0.280957 0.314797
vt 0.287221 0.314822
vt 0.673392 0.547885
vt 0.672706 0.547885
vt 0.689965 0.390471
vt 0.683902 0.390478
vt 0.683701 0.389798
vt 0.689965 0.389761
vt 0.291042 0.318314
vt 0.291525 0.317809
vt 0.294451 0.323447
vt 0.295071 0.323141
vt 0.679880 0.393298
vt 0.679397 0.392794
vt 0.296730 0.331483
vt 0.297396 0.331313
vt 0.676471 0.398438
vt 0.675851 0.398134
vt 0.830359 0.681586
vt 0.833467 0.681586
vt 0.833467 0.685749
vt 0.830509 0.685749
vt 0.833467 0.693788
vt 0.830936 0.693788
vt 0.833467 0.698925
vt 0.831575 0.698925
vt 0.257578 0.632077
vt 0.259299 0.631010
vt 0.260072 0.635251
vt 0.259037 0.635893
vt 0.261293 0.631366
vt 0.261270 0.635465
vt 0.835998 0.693788
vt 0.835359 0.698925
vt 0.836425 0.685749
vt 0.836576 0.681586
vt 0.261293 0.641634
vt 0.791575 0.292399
vt 0.791422 0.296663
vt 0.788339 0.296667
vt 0.788339 0.292400
vt 0.790986 0.304837
vt 0.788339 0.304838
vt 0.790321 0.310173
vt 0.788339 0.310170
vt 0.206156 0.632114
vt 0.204595 0.636198
vt 0.203529 0.635518
vt 0.204349 0.631010
vt 0.202287 0.635755
vt 0.202263 0.631368
vt 0.786356 0.310173
vt 0.785691 0.304837
vt 0.785255 0.296663
vt 0.785102 0.292399
vt 0.202263 0.642129
vt 0.298212 0.610197
vt 0.297529 0.610128
vt 0.674192 0.689288
vt 0.673526 0.689458
vt 0.672709 0.685196
vt 0.673392 0.685125
vt 0.287020 0.630294
vt 0.287221 0.630973
vt 0.280956 0.631010
vt 0.280956 0.630300
vt 0.689965 0.705263
vt 0.689965 0.705974
vt 0.683701 0.705949
vt 0.683902 0.705270
vt 0.291042 0.627473
vt 0.291525 0.627977
vt 0.294451 0.622333
vt 0.295071 0.622638
vt 0.679397 0.702962
vt 0.679880 0.702457
vt 0.296729 0.614292
vt 0.297396 0.614461
vt 0.675851 0.697630
vt 0.676471 0.697324
vt 0.324554 0.637356
vt 0.323868 0.637484
vt 0.322654 0.634247
vt 0.323868 0.631010
vt 0.324554 0.631139
vt 0.323364 0.634247
vt 0.043586 0.632607
vt 0.046835 0.631736
vt 0.046835 0.644732
vt 0.043586 0.643862
vt 0.041207 0.641483
vt 0.040336 0.638234
vt 0.041207 0.634985
vt 0.732450 0.017314
vt 0.723569 0.017302
vt 0.723569 0.013142
vt 0.732022 0.013155
vt 0.723569 0.005117
vt 0.730801 0.005127
vt 0.723569 -0.000000
vt 0.728973 0.000008
vt 0.041430 0.628913
vt 0.046835 0.627465
vt 0.526620 0.017339
vt 0.520118 0.017339
vt 0.520861 0.013175
vt 0.527048 0.013175
vt 0.522975 0.005137
vt 0.528269 0.005137
vt 0.526140 0.000000
vt 0.530097 0.000000
vt 0.037474 0.632869
vt 0.535501 0.017339
vt 0.535501 0.013175
vt 0.535501 0.005137
vt 0.535501 0.000000
vt 0.036026 0.638273
vt 0.544383 0.017339
vt 0.543954 0.013175
vt 0.542733 0.005137
vt 0.540906 0.000000
vt 0.037474 0.643677
vt 0.699304 0.017394
vt 0.692802 0.017358
vt 0.693545 0.013192
vt 0.699733 0.013227
vt 0.695660 0.005147
vt 0.700954 0.005176
vt 0.698825 0.000000
vt 0.702781 0.000022
vt 0.041430 0.647633
vt 0.708186 0.017408
vt 0.708186 0.013239
vt 0.708186 0.005187
vt 0.708186 0.000030
vt 0.046835 0.649081
vt 0.708186 0.291889
vt 0.699304 0.291876
vt 0.550884 0.291825
vt 0.544383 0.291825
vt 0.550884 0.017339
vt 0.535501 0.291825
vt 0.526620 0.291825
vt 0.520118 0.291825
vt 0.732450 0.291796
vt 0.723569 0.291784
vt 0.144485 0.632686
vt 0.146864 0.635064
vt 0.147734 0.638313
vt 0.146864 0.641562
vt 0.144485 0.643940
vt 0.141236 0.644811
vt 0.141236 0.631815
vt 0.732022 0.295964
vt 0.723569 0.295952
vt 0.730801 0.304014
vt 0.723569 0.304004
vt 0.728973 0.309167
vt 0.723569 0.309160
vt 0.146640 0.628913
vt 0.141236 0.627465
vt 0.738952 0.291831
vt 0.738209 0.295997
vt 0.736095 0.304042
vt 0.732930 0.309189
vt 0.150597 0.632869
vt 0.535501 0.295989
vt 0.527048 0.295989
vt 0.535501 0.304028
vt 0.528269 0.304028
vt 0.535501 0.309164
vt 0.530097 0.309164
vt 0.152045 0.638273
vt 0.543954 0.295989
vt 0.542733 0.304028
vt 0.540906 0.309164
vt 0.150597 0.643677
vt 0.550142 0.295989
vt 0.548027 0.304028
vt 0.544862 0.309164
vt 0.146640 0.647633
vt 0.708186 0.296048
vt 0.699733 0.296036
vt 0.708186 0.304073
vt 0.700954 0.304062
vt 0.708186 0.309189
vt 0.702781 0.309181
vt 0.141236 0.649081
vt 0.185643 0.314797
vt 0.181333 0.311981
vt 0.177678 0.306844
vt 0.175236 0.298805
vt 0.174379 0.294641
vt 0.174379 0.020156
vt 0.175236 0.015992
vt 0.177678 0.007953
vt 0.181333 0.002816
vt 0.185643 0.000000
vt 0.198640 0.000000
vt 0.202951 0.002816
vt 0.206606 0.007953
vt 0.209047 0.015992
vt 0.209905 0.020156
vt 0.209905 0.294641
vt 0.209047 0.298805
vt 0.206606 0.306844
vt 0.202951 0.311981
vt 0.198640 0.314797
vt 0.817924 0.407100
vt 0.818074 0.402936
vt 0.821033 0.402936
vt 0.821033 0.407100
vt 0.818502 0.394897
vt 0.821033 0.394897
vt 0.819141 0.389761
vt 0.821033 0.389761
vt 0.277241 0.641279
vt 0.277265 0.637179
vt 0.278464 0.637393
vt 0.279235 0.641634
vt 0.279499 0.636751
vt 0.280956 0.640567
vt 0.822925 0.389761
vt 0.823564 0.394897
vt 0.823991 0.402936
vt 0.824141 0.407100
vt 0.277241 0.631010
vt 0.824141 0.544343
vt 0.821033 0.544343
vt 0.817924 0.544343
vt 0.798050 0.017774
vt 0.794813 0.017772
vt 0.794813 0.013506
vt 0.797897 0.013510
vt 0.794813 0.005335
vt 0.797461 0.005336
vt 0.794813 0.000003
vt 0.796795 0.000000
vt 0.369267 0.641771
vt 0.367181 0.642128
vt 0.368002 0.637621
vt 0.369244 0.637383
vt 0.365374 0.641025
vt 0.366936 0.636942
vt 0.792166 0.005336
vt 0.792831 0.000000
vt 0.791730 0.013510
vt 0.791577 0.017774
vt 0.369267 0.631010
vt 0.794813 0.155086
vt 0.798050 0.155086
vt 0.211049 0.472887
vt 0.211049 0.335646
vt 0.211732 0.335576
vt 0.211735 0.472886
vt 0.441805 0.331515
vt 0.441005 0.335680
vt 0.440322 0.335611
vt 0.441139 0.331347
vt 0.200539 0.315501
vt 0.194476 0.315507
vt 0.194476 0.314797
vt 0.200740 0.314822
vt 0.441005 0.472921
vt 0.440319 0.472922
vt 0.457578 0.315507
vt 0.451515 0.315514
vt 0.451314 0.314835
vt 0.457578 0.314797
vt 0.204561 0.318314
vt 0.205044 0.317809
vt 0.207970 0.323447
vt 0.208590 0.323141
vt 0.447493 0.318334
vt 0.447010 0.317831
vt 0.210249 0.331483
vt 0.210915 0.331313
vt 0.444084 0.323474
vt 0.443464 0.323170
vt 0.817924 0.681586
vt 0.821033 0.681586
vt 0.821033 0.685749
vt 0.818074 0.685749
vt 0.821033 0.693788
vt 0.818502 0.693788
vt 0.821033 0.698925
vt 0.819141 0.698925
vt 0.238823 0.632077
vt 0.240544 0.631010
vt 0.241316 0.635251
vt 0.240281 0.635893
vt 0.242538 0.631366
vt 0.242515 0.635465
vt 0.823564 0.693788
vt 0.822925 0.698925
vt 0.823991 0.685749
vt 0.824141 0.681586
vt 0.242538 0.641634
vt 0.798050 0.292399
vt 0.797897 0.296663
vt 0.794813 0.296667
vt 0.794813 0.292400
vt 0.797461 0.304837
vt 0.794813 0.304838
vt 0.796795 0.310173
vt 0.794813 0.310170
vt 0.225101 0.632114
vt 0.223540 0.636198
vt 0.222474 0.635518
vt 0.223294 0.631010
vt 0.221232 0.635755
vt 0.221207 0.631368
vt 0.792831 0.310173
vt 0.792166 0.304837
vt 0.791730 0.296663
vt 0.791577 0.292399
vt 0.221207 0.642129
vt 0.211732 0.610197
vt 0.211048 0.610128
vt 0.441805 0.614325
vt 0.441139 0.614495
vt 0.440322 0.610232
vt 0.441005 0.610162
vt 0.200539 0.630294
vt 0.200740 0.630973
vt 0.194475 0.631010
vt 0.194475 0.630300
vt 0.457578 0.630300
vt 0.457578 0.631010
vt 0.451314 0.630985
vt 0.451515 0.630306
vt 0.204561 0.627473
vt 0.205044 0.627977
vt 0.207970 0.622333
vt 0.208590 0.622638
vt 0.447010 0.627998
vt 0.447493 0.627494
vt 0.210248 0.614293
vt 0.210915 0.614461
vt 0.443464 0.622666
vt 0.444084 0.622361
vt 0.324663 0.643829
vt 0.325853 0.640721
vt 0.324663 0.637613
vt 0.325349 0.637484
vt 0.326563 0.640721
vt 0.325349 0.643958
vt 0.380077 0.635371
vt 0.384438 0.631010
vt 0.384912 0.632167
vt 0.381231 0.635849
vt 0.390605 0.631010
vt 0.390119 0.632167
vt 0.394965 0.635371
vt 0.393800 0.635849
vt 0.394965 0.641538
vt 0.393800 0.641055
vt 0.390605 0.645899
vt 0.390119 0.644737
vt 0.384438 0.645899
vt 0.384912 0.644737
vt 0.380077 0.641538
vt 0.381231 0.641055
vt 0.304324 0.636708
vt 0.304356 0.642406
vt 0.301964 0.642406
vt 0.301931 0.636708
vt 0.173903 0.624047
vt 0.173426 0.627465
vt 0.120648 0.620108
vt 0.121124 0.616690
vt 0.304356 0.631010
vt 0.301964 0.631010
vt 0.287070 0.631010
vt 0.287070 0.636708
vt 0.284677 0.636708
vt 0.284677 0.631010
vt 0.287070 0.642406
vt 0.284677 0.642406
vt 0.543949 0.618328
vt 0.543983 0.624026
vt 0.541591 0.624026
vt 0.541557 0.618328
vt 0.543949 0.629724
vt 0.541557 0.629724
vt 0.315475 0.642406
vt 0.315475 0.636708
vt 0.317868 0.636708
vt 0.317868 0.642406
vt 0.315475 0.631010
vt 0.317868 0.631010
vt 0.424743 0.635371
vt 0.425909 0.635854
vt 0.425909 0.641060
vt 0.424743 0.641538
vt 0.429590 0.644742
vt 0.429104 0.645899
vt 0.434797 0.644742
vt 0.435271 0.645899
vt 0.438478 0.641060
vt 0.439632 0.641538
vt 0.438478 0.635854
vt 0.439632 0.635371
vt 0.434797 0.632172
vt 0.435271 0.631010
vt 0.429590 0.632172
vt 0.429104 0.631010
vt 0.304356 0.636708
vt 0.306749 0.636708
vt 0.306781 0.642406
vt 0.304389 0.642406
vt 0.304389 0.631010
vt 0.306781 0.631010
vt 0.317868 0.631010
vt 0.320261 0.631010
vt 0.320261 0.636708
vt 0.317868 0.636708
vt 0.320261 0.642406
vt 0.317868 0.642406
vt 0.333872 0.631010
vt 0.336264 0.631010
vt 0.336298 0.636708
vt 0.333906 0.636708
vt 0.336264 0.642405
vt 0.333872 0.642405
vt 0.331349 0.642406
vt 0.328956 0.642406
vt 0.328956 0.636708
vt 0.331349 0.636708
vt 0.328956 0.631010
vt 0.331349 0.631010
vt 0.622465 0.001248
vt 0.612417 0.001305
vt 0.612815 0.000055
vt 0.622465 -0.000000
vt 0.458586 0.625714
vt 0.465971 0.618328
vt 0.466489 0.619583
vt 0.459839 0.626233
vt 0.592320 0.697651
vt 0.602369 0.697651
vt 0.602369 0.698907
vt 0.592718 0.698907
vt 0.476416 0.618328
vt 0.475894 0.619583
vt 0.612417 0.697651
vt 0.612019 0.698907
vt 0.483802 0.625714
vt 0.482543 0.626233
vt 0.672706 0.001262
vt 0.662658 0.001321
vt 0.662658 0.000057
vt 0.672308 0.000000
vt 0.483802 0.636159
vt 0.482543 0.635638
vt 0.652610 0.001262
vt 0.653008 0.000000
vt 0.476416 0.643545
vt 0.475893 0.642288
vt 0.570981 0.310420
vt 0.560933 0.310420
vt 0.560933 0.309164
vt 0.570583 0.309164
vt 0.465971 0.643545
vt 0.466489 0.642288
vt 0.550884 0.310420
vt 0.551282 0.309164
vt 0.458586 0.636159
vt 0.459839 0.635638
vt 0.632513 0.001305
vt 0.632115 0.000055
vt 0.001259 0.635372
vt 0.001259 0.644776
vt 0.000000 0.645295
vt 0.000000 0.634850
vt 0.622465 0.389707
vt 0.612815 0.389762
vt 0.612417 0.388500
vt 0.622465 0.388443
vt 0.007909 0.651426
vt 0.007386 0.652681
vt 0.592719 0.309164
vt 0.602369 0.309164
vt 0.602369 0.310420
vt 0.592320 0.310420
vt 0.017313 0.651426
vt 0.017831 0.652681
vt 0.612019 0.309164
vt 0.612417 0.310420
vt 0.023963 0.644776
vt 0.025216 0.645296
vt 0.672308 0.389703
vt 0.662658 0.389761
vt 0.662658 0.388513
vt 0.672706 0.388453
vt 0.023963 0.635372
vt 0.025217 0.634850
vt 0.653008 0.389703
vt 0.652610 0.388453
vt 0.017313 0.628722
vt 0.017831 0.627465
vt 0.570582 0.698907
vt 0.560932 0.698907
vt 0.560932 0.697651
vt 0.570981 0.697651
vt 0.007909 0.628722
vt 0.007386 0.627465
vt 0.551282 0.698907
vt 0.550884 0.697651
vt 0.632115 0.389762
vt 0.632513 0.388500
vt 0.468108 0.623491
vt 0.463747 0.627852
vt 0.463747 0.634019
vt 0.474275 0.623491
vt 0.478636 0.627852
vt 0.478636 0.634019
vt 0.474275 0.638380
vt 0.468108 0.638380
vt 0.005167 0.643158
vt 0.005167 0.636990
vt 0.009527 0.632630
vt 0.009527 0.647519
vt 0.015694 0.647519
vt 0.020055 0.643158
vt 0.020055 0.636990
vt 0.015695 0.632630
vt 0.394965 0.635371
vt 0.399326 0.631010
vt 0.399801 0.632167
vt 0.396120 0.635849
vt 0.405494 0.631010
vt 0.405007 0.632167
vt 0.409854 0.635371
vt 0.408689 0.635849
vt 0.409854 0.641538
vt 0.408689 0.641055
vt 0.405493 0.645899
vt 0.405007 0.644737
vt 0.399326 0.645899
vt 0.399801 0.644737
vt 0.394965 0.641538
vt 0.396119 0.641055
vt 0.309174 0.636708
vt 0.309206 0.642406
vt 0.306813 0.642406
vt 0.306781 0.636708
vt 0.309206 0.631010
vt 0.306813 0.631010
vt 0.315475 0.631010
vt 0.315475 0.636708
vt 0.313082 0.636708
vt 0.313082 0.631010
vt 0.315475 0.642406
vt 0.313082 0.642406
vt 0.543949 0.629724
vt 0.543983 0.635422
vt 0.541591 0.635422
vt 0.541557 0.629724
vt 0.543949 0.641119
vt 0.541557 0.641119
vt 0.331349 0.642406
vt 0.331349 0.636708
vt 0.333742 0.636708
vt 0.333742 0.642406
vt 0.331349 0.631010
vt 0.333742 0.631010
vt 0.424743 0.635371
vt 0.423577 0.635854
vt 0.419896 0.632172
vt 0.420382 0.631010
vt 0.414690 0.632172
vt 0.414215 0.631010
vt 0.411008 0.635854
vt 0.409854 0.635371
vt 0.411008 0.641060
vt 0.409854 0.641538
vt 0.414690 0.644742
vt 0.414215 0.645899
vt 0.419896 0.644742
vt 0.420382 0.645899
vt 0.423577 0.641060
vt 0.424743 0.641538
vt 0.309206 0.636708
vt 0.311599 0.636708
vt 0.311631 0.642406
vt 0.309238 0.642406
vt 0.309238 0.631010
vt 0.311631 0.631010
vt 0.326563 0.631010
vt 0.328956 0.631010
vt 0.328956 0.636708
vt 0.326563 0.636708
vt 0.328956 0.642406
vt 0.326563 0.642406
vt 0.361810 0.631010
vt 0.364203 0.631010
vt 0.364236 0.636708
vt 0.361844 0.636708
vt 0.364203 0.642406
vt 0.361810 0.642406
vt 0.322654 0.642406
vt 0.320261 0.642406
vt 0.322654 0.636708
vt 0.322654 0.631010
vt 0.642561 0.001248
vt 0.632513 0.001305
vt 0.632912 0.000055
vt 0.642561 0.000000
vt 0.509018 0.625714
vt 0.509018 0.636159
vt 0.507765 0.635638
vt 0.507765 0.626233
vt 0.572224 0.697652
vt 0.582272 0.697652
vt 0.582272 0.698907
vt 0.572622 0.698907
vt 0.501633 0.643545
vt 0.501115 0.642288
vt 0.592320 0.697652
vt 0.591922 0.698907
vt 0.491188 0.643545
vt 0.491711 0.642288
vt 0.692803 0.001262
vt 0.682754 0.001321
vt 0.682754 0.000057
vt 0.692404 0.000000
vt 0.483802 0.636159
vt 0.485061 0.635638
vt 0.673104 0.000000
vt 0.483802 0.625714
vt 0.485061 0.626233
vt 0.194475 0.316053
vt 0.184427 0.316053
vt 0.184427 0.314797
vt 0.194077 0.314797
vt 0.491188 0.618328
vt 0.491711 0.619583
vt 0.174379 0.316053
vt 0.174777 0.314797
vt 0.501633 0.618328
vt 0.501115 0.619583
vt 0.652610 0.001305
vt 0.652212 0.000055
vt 0.510277 0.626235
vt 0.510277 0.635640
vt 0.509018 0.636159
vt 0.509019 0.625714
vt 0.642561 0.389707
vt 0.632912 0.389762
vt 0.642561 0.388443
vt 0.516927 0.642290
vt 0.516404 0.643545
vt 0.572622 0.309164
vt 0.582272 0.309164
vt 0.582272 0.310420
vt 0.572224 0.310420
vt 0.526331 0.642290
vt 0.526849 0.643545
vt 0.591922 0.309164
vt 0.592320 0.310420
vt 0.532982 0.635640
vt 0.534235 0.636159
vt 0.692404 0.389703
vt 0.682754 0.389761
vt 0.682754 0.388513
vt 0.692803 0.388453
vt 0.532982 0.626235
vt 0.534235 0.625714
vt 0.673104 0.389703
vt 0.526332 0.619585
vt 0.526849 0.618328
vt 0.194077 0.704540
vt 0.184427 0.704540
vt 0.184427 0.703284
vt 0.194475 0.703284
vt 0.516927 0.619585
vt 0.516404 0.618328
vt 0.174777 0.704540
vt 0.174379 0.703284
vt 0.652212 0.389762
vt 0.652610 0.388500
vt 0.503857 0.634019
vt 0.503857 0.627852
vt 0.499496 0.623491
vt 0.499496 0.638380
vt 0.493329 0.638380
vt 0.488968 0.634019
vt 0.488968 0.627852
vt 0.493329 0.623491
vt 0.514185 0.634021
vt 0.514185 0.627854
vt 0.518546 0.623493
vt 0.518546 0.638382
vt 0.524713 0.638382
vt 0.529074 0.634021
vt 0.529074 0.627854
vt 0.524713 0.623493
vt 0.842342 0.017339
vt 0.839233 0.017339
vt 0.839233 0.013175
vt 0.842192 0.013175
vt 0.839233 0.005137
vt 0.841764 0.005137
vt 0.839233 0.000000
vt 0.841125 0.000000
vt 0.277241 0.641279
vt 0.275247 0.641634
vt 0.276019 0.637393
vt 0.277217 0.637179
vt 0.273526 0.640567
vt 0.274984 0.636751
vt 0.836702 0.005137
vt 0.837342 0.000000
vt 0.836275 0.013175
vt 0.836125 0.017339
vt 0.277241 0.631010
vt 0.839233 0.154582
vt 0.836125 0.154582
vt 0.842342 0.154582
vt 0.811451 0.407534
vt 0.811604 0.403271
vt 0.814687 0.403266
vt 0.814687 0.407533
vt 0.812040 0.395096
vt 0.814687 0.395095
vt 0.812705 0.389761
vt 0.814687 0.389763
vt 0.452542 0.641771
vt 0.452566 0.637383
vt 0.453807 0.637621
vt 0.454628 0.642128
vt 0.454873 0.636942
vt 0.456435 0.641025
vt 0.816670 0.389761
vt 0.817335 0.395096
vt 0.817771 0.403271
vt 0.817924 0.407534
vt 0.452542 0.631010
vt 0.817924 0.544847
vt 0.814687 0.544847
vt 0.811450 0.544847
vt 0.264383 0.472887
vt 0.263697 0.472886
vt 0.263700 0.335576
vt 0.264383 0.335646
vt 0.386048 0.331515
vt 0.386714 0.331347
vt 0.387531 0.335611
vt 0.386848 0.335680
vt 0.274893 0.315501
vt 0.274692 0.314822
vt 0.280956 0.314797
vt 0.280956 0.315507
vt 0.387534 0.472922
vt 0.386848 0.472921
vt 0.370275 0.315507
vt 0.370275 0.314797
vt 0.376539 0.314835
vt 0.376338 0.315514
vt 0.270871 0.318314
vt 0.270388 0.317809
vt 0.267462 0.323447
vt 0.266842 0.323141
vt 0.380843 0.317831
vt 0.380360 0.318334
vt 0.265183 0.331483
vt 0.264517 0.331313
vt 0.384389 0.323170
vt 0.383769 0.323474
vt 0.842342 0.291825
vt 0.842192 0.295989
vt 0.839233 0.295989
vt 0.839233 0.291825
vt 0.841764 0.304028
vt 0.839233 0.304028
vt 0.841125 0.309164
vt 0.839233 0.309164
vt 0.301931 0.632077
vt 0.300472 0.635893
vt 0.299437 0.635251
vt 0.300210 0.631010
vt 0.298239 0.635465
vt 0.298216 0.631366
vt 0.837342 0.309164
vt 0.836702 0.304028
vt 0.836275 0.295989
vt 0.836125 0.291825
vt 0.298216 0.641634
vt 0.811451 0.682160
vt 0.814687 0.682161
vt 0.814687 0.686428
vt 0.811604 0.686423
vt 0.814687 0.694599
vt 0.812040 0.694598
vt 0.814687 0.699931
vt 0.812705 0.699933
vt 0.217314 0.632114
vt 0.219121 0.631010
vt 0.219941 0.635518
vt 0.218875 0.636198
vt 0.221207 0.631368
vt 0.221183 0.635755
vt 0.817335 0.694598
vt 0.816670 0.699933
vt 0.817771 0.686423
vt 0.817924 0.682160
vt 0.221207 0.642129
vt 0.264383 0.610128
vt 0.263700 0.610197
vt 0.386048 0.614325
vt 0.386848 0.610162
vt 0.387531 0.610232
vt 0.386714 0.614495
vt 0.274893 0.630294
vt 0.280956 0.630300
vt 0.274692 0.630973
vt 0.370275 0.630299
vt 0.376338 0.630306
vt 0.376539 0.630985
vt 0.370275 0.631010
vt 0.270871 0.627473
vt 0.270388 0.627977
vt 0.267462 0.622333
vt 0.266842 0.622638
vt 0.380360 0.627494
vt 0.380843 0.627998
vt 0.265183 0.614293
vt 0.264517 0.614461
vt 0.383769 0.622361
vt 0.384389 0.622666
vt 0.456435 0.643829
vt 0.457625 0.640721
vt 0.456435 0.637613
vt 0.457122 0.637484
vt 0.458336 0.640721
vt 0.457122 0.643958
vt 0.842793 0.407100
vt 0.839684 0.407100
vt 0.839684 0.402936
vt 0.842642 0.402936
vt 0.839684 0.394897
vt 0.842215 0.394897
vt 0.839684 0.389761
vt 0.841576 0.389761
vt 0.268724 0.641279
vt 0.266730 0.641634
vt 0.267501 0.637393
vt 0.268700 0.637179
vt 0.265009 0.640567
vt 0.266466 0.636751
vt 0.837153 0.394897
vt 0.837792 0.389761
vt 0.836726 0.402936
vt 0.836576 0.407100
vt 0.268724 0.631010
vt 0.839684 0.544343
vt 0.842793 0.544343
vt 0.798051 0.017774
vt 0.798204 0.013510
vt 0.801288 0.013506
vt 0.801288 0.017772
vt 0.798640 0.005336
vt 0.801288 0.005335
vt 0.799305 0.000000
vt 0.801288 0.000003
vt 0.083296 0.638225
vt 0.083320 0.633838
vt 0.084561 0.634076
vt 0.085383 0.638583
vt 0.085627 0.633396
vt 0.087190 0.637480
vt 0.803270 0.000000
vt 0.803935 0.005336
vt 0.804371 0.013510
vt 0.804524 0.017774
vt 0.083296 0.627465
vt 0.804525 0.155086
vt 0.801288 0.155086
vt 0.798050 0.155086
vt 0.298902 0.472887
vt 0.298216 0.472886
vt 0.298219 0.335576
vt 0.298902 0.335646
vt 0.349515 0.331515
vt 0.350181 0.331347
vt 0.350998 0.335611
vt 0.350315 0.335680
vt 0.309412 0.315501
vt 0.309211 0.314822
vt 0.315475 0.314797
vt 0.315475 0.315507
vt 0.351001 0.472921
vt 0.350315 0.472921
vt 0.333742 0.315507
vt 0.333742 0.314797
vt 0.340006 0.314835
vt 0.339805 0.315514
vt 0.305390 0.318314
vt 0.304906 0.317809
vt 0.301980 0.323447
vt 0.301360 0.323141
vt 0.344310 0.317831
vt 0.343827 0.318334
vt 0.299702 0.331483
vt 0.299036 0.331313
vt 0.347856 0.323170
vt 0.347236 0.323474
vt 0.842793 0.681586
vt 0.842642 0.685749
vt 0.839684 0.685749
vt 0.839684 0.681586
vt 0.842215 0.693788
vt 0.839684 0.693788
vt 0.841576 0.698925
vt 0.839684 0.698925
vt 0.256119 0.635893
vt 0.255084 0.635251
vt 0.255856 0.631010
vt 0.253885 0.635465
vt 0.837792 0.698925
vt 0.837153 0.693788
vt 0.836726 0.685749
vt 0.798051 0.292399
vt 0.801288 0.292400
vt 0.801288 0.296667
vt 0.798204 0.296663
vt 0.801288 0.304838
vt 0.798640 0.304837
vt 0.801288 0.310170
vt 0.799305 0.310173
vt 0.207841 0.632114
vt 0.209648 0.631010
vt 0.210468 0.635517
vt 0.209402 0.636197
vt 0.211735 0.631368
vt 0.211710 0.635755
vt 0.803935 0.304837
vt 0.803270 0.310173
vt 0.804371 0.296663
vt 0.804524 0.292399
vt 0.211735 0.642129
vt 0.298902 0.610128
vt 0.298219 0.610197
vt 0.349515 0.614324
vt 0.350315 0.610162
vt 0.350998 0.610232
vt 0.350181 0.614495
vt 0.309412 0.630294
vt 0.315475 0.630300
vt 0.315475 0.631010
vt 0.309211 0.630973
vt 0.333742 0.630299
vt 0.339805 0.630306
vt 0.340006 0.630985
vt 0.333742 0.631010
vt 0.305390 0.627473
vt 0.304906 0.627977
vt 0.301980 0.622333
vt 0.301360 0.622638
vt 0.343827 0.627494
vt 0.344310 0.627998
vt 0.299702 0.614293
vt 0.299036 0.614461
vt 0.347236 0.622361
vt 0.347856 0.622666
vt 0.456435 0.637355
vt 0.457625 0.634247
vt 0.456435 0.631139
vt 0.457122 0.631010
vt 0.458336 0.634247
vt 0.457122 0.637484
vt 0.820582 0.017339
vt 0.820582 0.013175
vt 0.823541 0.013175
vt 0.820582 0.005137
vt 0.823113 0.005137
vt 0.820582 0.000000
vt 0.822474 0.000000
vt 0.294500 0.641279
vt 0.292507 0.641634
vt 0.293278 0.637393
vt 0.294477 0.637179
vt 0.292243 0.636751
vt 0.818051 0.005137
vt 0.818691 0.000000
vt 0.817624 0.013175
vt 0.817474 0.017339
vt 0.294500 0.631010
vt 0.820582 0.154582
vt 0.817474 0.154582
vt 0.804525 0.017774
vt 0.804679 0.013510
vt 0.807762 0.013506
vt 0.807762 0.017772
vt 0.805115 0.005336
vt 0.807762 0.005335
vt 0.805780 0.000000
vt 0.807762 0.000003
vt 0.079402 0.638225
vt 0.079426 0.633838
vt 0.080668 0.634076
vt 0.081489 0.638583
vt 0.081734 0.633396
vt 0.083296 0.637480
vt 0.809744 0.000000
vt 0.810409 0.005336
vt 0.810846 0.013510
vt 0.810999 0.017774
vt 0.079402 0.627465
vt 0.810999 0.155086
vt 0.807762 0.155086
vt 0.804525 0.155086
vt 0.317169 0.472887
vt 0.316482 0.472886
vt 0.316486 0.335576
vt 0.317169 0.335646
vt 0.403307 0.331515
vt 0.403973 0.331347
vt 0.404790 0.335611
vt 0.404107 0.335680
vt 0.327678 0.315501
vt 0.327477 0.314822
vt 0.333742 0.314797
vt 0.333742 0.315507
vt 0.404793 0.472921
vt 0.404107 0.472921
vt 0.387534 0.315507
vt 0.387534 0.314797
vt 0.393798 0.314835
vt 0.393597 0.315514
vt 0.323656 0.318314
vt 0.323173 0.317809
vt 0.320247 0.323447
vt 0.319627 0.323141
vt 0.398103 0.317831
vt 0.397619 0.318334
vt 0.317969 0.331483
vt 0.317302 0.331313
vt 0.401649 0.323170
vt 0.401029 0.323474
vt 0.823541 0.295989
vt 0.820582 0.295989
vt 0.820582 0.291825
vt 0.823113 0.304028
vt 0.820582 0.304028
vt 0.822474 0.309164
vt 0.820582 0.309164
vt 0.236603 0.632077
vt 0.235144 0.635893
vt 0.234109 0.635251
vt 0.234881 0.631010
vt 0.232910 0.635465
vt 0.232887 0.631366
vt 0.818691 0.309164
vt 0.818051 0.304028
vt 0.817624 0.295989
vt 0.817474 0.291825
vt 0.232887 0.641634
vt 0.804525 0.292399
vt 0.807762 0.292400
vt 0.807762 0.296667
vt 0.804679 0.296663
vt 0.807762 0.304838
vt 0.805115 0.304837
vt 0.807762 0.310170
vt 0.805780 0.310173
vt 0.228994 0.632114
vt 0.230801 0.631010
vt 0.231621 0.635518
vt 0.230555 0.636197
vt 0.232887 0.631368
vt 0.232863 0.635755
vt 0.810409 0.304837
vt 0.809744 0.310173
vt 0.810846 0.296663
vt 0.810999 0.292399
vt 0.232887 0.642129
vt 0.317169 0.610128
vt 0.316486 0.610197
vt 0.403307 0.614324
vt 0.404107 0.610162
vt 0.404790 0.610232
vt 0.403973 0.614495
vt 0.327678 0.630294
vt 0.333742 0.630300
vt 0.327477 0.630973
vt 0.387534 0.630299
vt 0.393597 0.630306
vt 0.393798 0.630985
vt 0.387534 0.631010
vt 0.323656 0.627473
vt 0.323173 0.627977
vt 0.320247 0.622333
vt 0.319627 0.622638
vt 0.397619 0.627494
vt 0.398103 0.627998
vt 0.317969 0.614293
vt 0.317302 0.614461
vt 0.401029 0.622361
vt 0.401649 0.622666
vt 0.324663 0.637356
vt 0.325853 0.634247
vt 0.324663 0.631139
vt 0.325349 0.631010
vt 0.326563 0.634247
vt 0.076013 0.632607
vt 0.079263 0.631736
vt 0.079263 0.644732
vt 0.076013 0.643862
vt 0.073635 0.641483
vt 0.072764 0.638234
vt 0.073635 0.634985
vt 0.744996 0.407075
vt 0.736115 0.407062
vt 0.736115 0.402903
vt 0.744568 0.402915
vt 0.736115 0.394878
vt 0.743347 0.394888
vt 0.736115 0.389761
vt 0.741519 0.389769
vt 0.073858 0.628913
vt 0.079263 0.627465
vt 0.588152 0.017339
vt 0.581651 0.017339
vt 0.582393 0.013175
vt 0.588581 0.013175
vt 0.584508 0.005137
vt 0.589802 0.005137
vt 0.587673 0.000000
vt 0.591629 0.000000
vt 0.069902 0.632869
vt 0.597034 0.017339
vt 0.597034 0.013175
vt 0.597034 0.005137
vt 0.597034 0.000000
vt 0.068453 0.638273
vt 0.605915 0.017339
vt 0.605486 0.013175
vt 0.604266 0.005137
vt 0.602438 0.000000
vt 0.069902 0.643677
vt 0.711850 0.407155
vt 0.705349 0.407119
vt 0.706091 0.402953
vt 0.712279 0.402987
vt 0.708206 0.394907
vt 0.713500 0.394937
vt 0.711371 0.389761
vt 0.715327 0.389783
vt 0.073858 0.647633
vt 0.720732 0.407168
vt 0.720732 0.403000
vt 0.720732 0.394948
vt 0.720732 0.389791
vt 0.079263 0.649081
vt 0.720732 0.681650
vt 0.711850 0.681637
vt 0.612417 0.291825
vt 0.605915 0.291825
vt 0.612417 0.017339
vt 0.597034 0.291825
vt 0.588152 0.291825
vt 0.581651 0.291825
vt 0.744996 0.681557
vt 0.736115 0.681544
vt 0.155294 0.632686
vt 0.157673 0.635064
vt 0.158543 0.638313
vt 0.157673 0.641562
vt 0.155294 0.643940
vt 0.152045 0.644811
vt 0.152045 0.631815
vt 0.744568 0.685725
vt 0.736115 0.685713
vt 0.743347 0.693775
vt 0.736115 0.693764
vt 0.741519 0.698928
vt 0.736115 0.698920
vt 0.157449 0.628913
vt 0.152045 0.627465
vt 0.751498 0.681592
vt 0.750755 0.685758
vt 0.748641 0.693803
vt 0.745476 0.698949
vt 0.161406 0.632869
vt 0.597034 0.295989
vt 0.588581 0.295989
vt 0.597034 0.304028
vt 0.589802 0.304028
vt 0.597034 0.309164
vt 0.591629 0.309164
vt 0.162854 0.638273
vt 0.605486 0.295989
vt 0.604266 0.304028
vt 0.602438 0.309164
vt 0.161406 0.643677
vt 0.611674 0.295989
vt 0.609560 0.304028
vt 0.606395 0.309164
vt 0.157449 0.647633
vt 0.720732 0.685809
vt 0.712279 0.685796
vt 0.720732 0.693834
vt 0.713500 0.693823
vt 0.720732 0.698950
vt 0.715327 0.698942
vt 0.152045 0.649081
vt 0.256695 0.314797
vt 0.252384 0.311981
vt 0.248730 0.306844
vt 0.246288 0.298805
vt 0.245431 0.294641
vt 0.245431 0.020156
vt 0.246288 0.015992
vt 0.248730 0.007953
vt 0.252384 0.002816
vt 0.256695 0.000000
vt 0.269692 0.000000
vt 0.274003 0.002816
vt 0.277657 0.007953
vt 0.280099 0.015992
vt 0.280956 0.020156
vt 0.280956 0.294641
vt 0.280099 0.298805
vt 0.277657 0.306844
vt 0.274003 0.311981
vt 0.269692 0.314797
vt 0.054395 0.632607
vt 0.057644 0.631736
vt 0.057644 0.644732
vt 0.054395 0.643862
vt 0.052016 0.641483
vt 0.051146 0.638234
vt 0.052016 0.634985
vt 0.747833 0.017314
vt 0.738952 0.017302
vt 0.738952 0.013142
vt 0.747405 0.013155
vt 0.738952 0.005117
vt 0.746184 0.005127
vt 0.738952 0.000000
vt 0.744357 0.000008
vt 0.052240 0.628913
vt 0.057644 0.627465
vt 0.495853 0.326503
vt 0.489352 0.326503
vt 0.490094 0.322339
vt 0.496282 0.322339
vt 0.492209 0.314301
vt 0.497503 0.314301
vt 0.495374 0.309164
vt 0.499330 0.309164
vt 0.048283 0.632869
vt 0.504735 0.326503
vt 0.504735 0.322339
vt 0.504735 0.314301
vt 0.504735 0.309164
vt 0.046835 0.638273
vt 0.513616 0.326503
vt 0.513188 0.322339
vt 0.511967 0.314301
vt 0.510140 0.309164
vt 0.048283 0.643677
vt 0.714687 0.017394
vt 0.708186 0.017358
vt 0.708928 0.013192
vt 0.715116 0.013227
vt 0.711043 0.005147
vt 0.716337 0.005176
vt 0.714208 0.000000
vt 0.718164 0.000022
vt 0.052240 0.647633
vt 0.723569 0.017408
vt 0.723569 0.013239
vt 0.723569 0.005187
vt 0.723569 0.000030
vt 0.057644 0.649081
vt 0.723569 0.291889
vt 0.714687 0.291876
vt 0.520118 0.600989
vt 0.513616 0.600989
vt 0.520118 0.326503
vt 0.504735 0.600989
vt 0.495853 0.600989
vt 0.489352 0.600989
vt 0.747833 0.291796
vt 0.738952 0.291784
vt 0.122866 0.632686
vt 0.125245 0.635064
vt 0.126116 0.638313
vt 0.125245 0.641562
vt 0.122866 0.643940
vt 0.119617 0.644811
vt 0.119617 0.631815
vt 0.747405 0.295964
vt 0.738952 0.295952
vt 0.746184 0.304014
vt 0.738952 0.304004
vt 0.744356 0.309167
vt 0.738952 0.309160
vt 0.125022 0.628913
vt 0.119617 0.627465
vt 0.754335 0.291831
vt 0.753592 0.295997
vt 0.751478 0.304042
vt 0.748313 0.309189
vt 0.128978 0.632869
vt 0.504735 0.605153
vt 0.496282 0.605153
vt 0.504735 0.613192
vt 0.497503 0.613192
vt 0.504735 0.618328
vt 0.499330 0.618328
vt 0.130426 0.638273
vt 0.513188 0.605153
vt 0.511967 0.613192
vt 0.510140 0.618328
vt 0.128978 0.643677
vt 0.519375 0.605153
vt 0.517261 0.613192
vt 0.514096 0.618328
vt 0.125022 0.647633
vt 0.723569 0.296048
vt 0.715116 0.296036
vt 0.723569 0.304073
vt 0.716337 0.304062
vt 0.723569 0.309189
vt 0.718164 0.309181
vt 0.119617 0.649081
vt 0.327747 0.314797
vt 0.323436 0.311981
vt 0.319782 0.306844
vt 0.317340 0.298805
vt 0.316482 0.294641
vt 0.316482 0.020156
vt 0.317340 0.015992
vt 0.319782 0.007953
vt 0.323436 0.002816
vt 0.327747 0.000000
vt 0.340744 0.000000
vt 0.345054 0.002816
vt 0.348709 0.007953
vt 0.351151 0.015992
vt 0.352008 0.020156
vt 0.352008 0.294641
vt 0.351151 0.298805
vt 0.348709 0.306844
vt 0.345054 0.311981
vt 0.340744 0.314797
vt 0.105559 0.632607
vt 0.108808 0.631736
vt 0.108808 0.644732
vt 0.105559 0.643862
vt 0.103180 0.641483
vt 0.102309 0.638234
vt 0.103180 0.634985
vt 0.763216 0.017314
vt 0.754335 0.017302
vt 0.754335 0.013142
vt 0.762788 0.013155
vt 0.754335 0.005117
vt 0.761567 0.005127
vt 0.754335 0.000000
vt 0.759740 0.000008
vt 0.103403 0.628913
vt 0.108808 0.627465
vt 0.465087 0.017339
vt 0.458586 0.017339
vt 0.459328 0.013175
vt 0.465516 0.013175
vt 0.461443 0.005137
vt 0.466737 0.005137
vt 0.464608 0.000000
vt 0.468564 0.000000
vt 0.099447 0.632869
vt 0.473969 0.017339
vt 0.473969 0.013175
vt 0.473969 0.005137
vt 0.473969 0.000000
vt 0.097999 0.638273
vt 0.482850 0.017339
vt 0.482421 0.013175
vt 0.481201 0.005137
vt 0.479373 0.000000
vt 0.099447 0.643677
vt 0.727233 0.407155
vt 0.720732 0.407119
vt 0.721474 0.402953
vt 0.727662 0.402987
vt 0.723589 0.394907
vt 0.728883 0.394937
vt 0.726754 0.389761
vt 0.730710 0.389783
vt 0.103403 0.647633
vt 0.736115 0.407168
vt 0.736115 0.403000
vt 0.736115 0.394948
vt 0.736115 0.389791
vt 0.108808 0.649081
vt 0.736115 0.681650
vt 0.727233 0.681637
vt 0.489352 0.291825
vt 0.482850 0.291825
vt 0.489352 0.017339
vt 0.473969 0.291825
vt 0.465087 0.291825
vt 0.458586 0.291825
vt 0.763216 0.291796
vt 0.754335 0.291784
vt 0.372517 0.636231
vt 0.374895 0.638609
vt 0.375766 0.641858
vt 0.374895 0.645107
vt 0.372517 0.647486
vt 0.369267 0.648356
vt 0.369267 0.635361
vt 0.762788 0.295964
vt 0.754335 0.295952
vt 0.761567 0.304014
vt 0.754335 0.304004
vt 0.759740 0.309167
vt 0.754335 0.309160
vt 0.374672 0.632458
vt 0.369267 0.631010
vt 0.769718 0.291831
vt 0.768976 0.295997
vt 0.766861 0.304042
vt 0.763696 0.309189
vt 0.378628 0.636414
vt 0.473969 0.295989
vt 0.465516 0.295989
vt 0.473969 0.304028
vt 0.466737 0.304028
vt 0.473969 0.309164
vt 0.468564 0.309164
vt 0.380077 0.641818
vt 0.482421 0.295989
vt 0.481201 0.304028
vt 0.479373 0.309164
vt 0.378628 0.647222
vt 0.488609 0.295989
vt 0.486495 0.304028
vt 0.483330 0.309164
vt 0.374672 0.651178
vt 0.736115 0.685809
vt 0.727662 0.685796
vt 0.736115 0.693834
vt 0.728883 0.693823
vt 0.736115 0.698950
vt 0.730710 0.698942
vt 0.369267 0.652626
vt 0.363272 0.314797
vt 0.358962 0.311981
vt 0.355307 0.306844
vt 0.352866 0.298805
vt 0.352008 0.294641
vt 0.352008 0.020156
vt 0.352866 0.015992
vt 0.355307 0.007953
vt 0.358962 0.002816
vt 0.363272 0.000000
vt 0.376269 0.000000
vt 0.380580 0.002816
vt 0.384235 0.007953
vt 0.386676 0.015992
vt 0.387534 0.020156
vt 0.387534 0.294641
vt 0.386676 0.298805
vt 0.384235 0.306844
vt 0.380580 0.311981
vt 0.376269 0.314797
vt 0.112057 0.632607
vt 0.114436 0.634985
vt 0.115306 0.638234
vt 0.114436 0.641483
vt 0.112057 0.643862
vt 0.758000 0.407075
vt 0.758428 0.402915
vt 0.766881 0.402903
vt 0.766881 0.407062
vt 0.759649 0.394888
vt 0.766881 0.394878
vt 0.761476 0.389768
vt 0.766881 0.389761
vt 0.114213 0.628913
vt 0.108808 0.627465
vt 0.513616 0.017339
vt 0.513188 0.013175
vt 0.519375 0.013175
vt 0.520118 0.017339
vt 0.511967 0.005137
vt 0.517261 0.005137
vt 0.510140 0.000000
vt 0.514096 0.000000
vt 0.118169 0.632869
vt 0.504735 0.017339
vt 0.504735 0.013175
vt 0.504735 0.005137
vt 0.504735 0.000000
vt 0.119617 0.638273
vt 0.495853 0.017339
vt 0.496282 0.013175
vt 0.497503 0.005137
vt 0.499330 0.000000
vt 0.118169 0.643677
vt 0.666204 0.407155
vt 0.665776 0.402987
vt 0.671964 0.402953
vt 0.672706 0.407119
vt 0.664555 0.394937
vt 0.669849 0.394907
vt 0.662728 0.389783
vt 0.666684 0.389761
vt 0.114213 0.647633
vt 0.657323 0.407168
vt 0.657323 0.403000
vt 0.657323 0.394948
vt 0.657323 0.389791
vt 0.108808 0.649081
vt 0.657323 0.681650
vt 0.666204 0.681637
vt 0.489352 0.291825
vt 0.489352 0.017339
vt 0.495853 0.291825
vt 0.504735 0.291825
vt 0.513616 0.291825
vt 0.520118 0.291825
vt 0.758000 0.681557
vt 0.766881 0.681544
vt 0.347752 0.636231
vt 0.351001 0.635361
vt 0.351001 0.648356
vt 0.347752 0.647486
vt 0.345373 0.645107
vt 0.344502 0.641858
vt 0.345373 0.638609
vt 0.766881 0.685713
vt 0.758428 0.685725
vt 0.766881 0.693764
vt 0.759649 0.693775
vt 0.766881 0.698920
vt 0.761476 0.698928
vt 0.345596 0.632458
vt 0.351001 0.631010
vt 0.751498 0.681592
vt 0.752240 0.685758
vt 0.754355 0.693803
vt 0.757520 0.698949
vt 0.341640 0.636414
vt 0.513188 0.295989
vt 0.504735 0.295989
vt 0.511967 0.304028
vt 0.504735 0.304028
vt 0.510140 0.309164
vt 0.504735 0.309164
vt 0.340192 0.641818
vt 0.496282 0.295989
vt 0.497503 0.304028
vt 0.499330 0.309164
vt 0.341640 0.647222
vt 0.490094 0.295989
vt 0.492209 0.304028
vt 0.495374 0.309164
vt 0.345596 0.651178
vt 0.665776 0.685796
vt 0.657323 0.685809
vt 0.664555 0.693823
vt 0.657323 0.693834
vt 0.662728 0.698942
vt 0.657323 0.698950
vt 0.351001 0.652626
vt 0.411795 0.314797
vt 0.398798 0.314797
vt 0.394488 0.311981
vt 0.390833 0.306844
vt 0.388391 0.298805
vt 0.387534 0.294641
vt 0.387534 0.020156
vt 0.388391 0.015992
vt 0.390833 0.007953
vt 0.394488 0.002816
vt 0.398798 0.000000
vt 0.411795 0.000000
vt 0.416106 0.002816
vt 0.419760 0.007953
vt 0.422202 0.015992
vt 0.423060 0.020156
vt 0.423060 0.294641
vt 0.422202 0.298805
vt 0.419760 0.306844
vt 0.416106 0.311981
vt 0.090439 0.632607
vt 0.092817 0.634985
vt 0.093688 0.638234
vt 0.092817 0.641483
vt 0.090439 0.643862
vt 0.087190 0.644732
vt 0.087190 0.631736
vt 0.773383 0.407075
vt 0.773811 0.402915
vt 0.782264 0.402903
vt 0.782264 0.407062
vt 0.775032 0.394888
vt 0.782264 0.394878
vt 0.776860 0.389768
vt 0.782264 0.389761
vt 0.092594 0.628913
vt 0.087190 0.627465
vt 0.544383 0.326503
vt 0.543954 0.322339
vt 0.550142 0.322339
vt 0.550884 0.326503
vt 0.542733 0.314301
vt 0.548027 0.314301
vt 0.540906 0.309164
vt 0.544862 0.309164
vt 0.096551 0.632869
vt 0.535501 0.326503
vt 0.535501 0.322339
vt 0.535501 0.314301
vt 0.535501 0.309164
vt 0.526620 0.326503
vt 0.527048 0.322339
vt 0.528269 0.314301
vt 0.530097 0.309164
vt 0.096551 0.643677
vt 0.621298 0.407156
vt 0.620870 0.402988
vt 0.627057 0.402954
vt 0.627800 0.407120
vt 0.619649 0.394938
vt 0.624943 0.394908
vt 0.617821 0.389784
vt 0.621778 0.389762
vt 0.092594 0.647633
vt 0.612417 0.407169
vt 0.612417 0.403001
vt 0.612417 0.394949
vt 0.612417 0.389792
vt 0.087190 0.649081
vt 0.612417 0.681651
vt 0.621298 0.681638
vt 0.526620 0.600989
vt 0.535501 0.600989
vt 0.544383 0.600989
vt 0.550884 0.600989
vt 0.773383 0.681557
vt 0.782264 0.681544
vt 0.358561 0.636231
vt 0.361810 0.635360
vt 0.361810 0.648356
vt 0.358561 0.647486
vt 0.356182 0.645107
vt 0.355312 0.641858
vt 0.356182 0.638609
vt 0.782264 0.685713
vt 0.773811 0.685725
vt 0.782264 0.693764
vt 0.775032 0.693775
vt 0.782264 0.698920
vt 0.776860 0.698928
vt 0.356405 0.632458
vt 0.766881 0.681592
vt 0.767624 0.685758
vt 0.769738 0.693803
vt 0.772903 0.698949
vt 0.352449 0.636414
vt 0.543954 0.605153
vt 0.535501 0.605153
vt 0.542733 0.613192
vt 0.535501 0.613192
vt 0.540906 0.618328
vt 0.535501 0.618328
vt 0.351001 0.641818
vt 0.527048 0.605153
vt 0.528269 0.613192
vt 0.530097 0.618328
vt 0.352449 0.647222
vt 0.520861 0.605153
vt 0.522975 0.613192
vt 0.526140 0.618328
vt 0.356405 0.651178
vt 0.620870 0.685797
vt 0.612417 0.685810
vt 0.619649 0.693824
vt 0.612417 0.693835
vt 0.617821 0.698943
vt 0.612417 0.698951
vt 0.361810 0.652626
vt 0.447321 0.314797
vt 0.434324 0.314797
vt 0.430013 0.311981
vt 0.426359 0.306844
vt 0.423917 0.298805
vt 0.423060 0.294641
vt 0.423060 0.020156
vt 0.423917 0.015992
vt 0.426359 0.007953
vt 0.430013 0.002816
vt 0.434324 0.000000
vt 0.447321 0.000000
vt 0.451632 0.002816
vt 0.455286 0.007953
vt 0.457728 0.015992
vt 0.458586 0.020156
vt 0.458586 0.294641
vt 0.457728 0.298805
vt 0.455286 0.306844
vt 0.451632 0.311981
vt 0.060893 0.632607
vt 0.063272 0.634985
vt 0.064143 0.638234
vt 0.063272 0.641483
vt 0.060893 0.643862
vt 0.057644 0.631736
vt 0.776220 0.017314
vt 0.776649 0.013155
vt 0.785101 0.013142
vt 0.785101 0.017302
vt 0.777870 0.005127
vt 0.785101 0.005117
vt 0.779697 0.000008
vt 0.785101 0.000000
vt 0.063049 0.628913
vt 0.057644 0.627465
vt 0.482850 0.326503
vt 0.482421 0.322339
vt 0.488609 0.322339
vt 0.481200 0.314301
vt 0.486495 0.314301
vt 0.479373 0.309164
vt 0.483330 0.309164
vt 0.067005 0.632869
vt 0.473969 0.326503
vt 0.473969 0.322339
vt 0.473969 0.314301
vt 0.473969 0.309164
vt 0.465087 0.326503
vt 0.465516 0.322339
vt 0.466737 0.314301
vt 0.468564 0.309164
vt 0.067005 0.643677
vt 0.636681 0.407156
vt 0.636253 0.402988
vt 0.642441 0.402954
vt 0.643183 0.407120
vt 0.635032 0.394938
vt 0.640326 0.394908
vt 0.633205 0.389784
vt 0.637161 0.389762
vt 0.063049 0.647633
vt 0.627800 0.407169
vt 0.627800 0.403001
vt 0.627800 0.394949
vt 0.627800 0.389792
vt 0.057644 0.649081
vt 0.627800 0.681651
vt 0.636681 0.681638
vt 0.458586 0.600989
vt 0.458586 0.326503
vt 0.465087 0.600989
vt 0.473969 0.600989
vt 0.482850 0.600989
vt 0.776220 0.291796
vt 0.785101 0.291784
vt 0.137986 0.632686
vt 0.141236 0.631815
vt 0.141236 0.644811
vt 0.137986 0.643940
vt 0.135608 0.641562
vt 0.134737 0.638313
vt 0.135608 0.635064
vt 0.785101 0.295952
vt 0.776649 0.295964
vt 0.785101 0.304004
vt 0.777870 0.304014
vt 0.785101 0.309160
vt 0.779697 0.309167
vt 0.135831 0.628913
vt 0.769718 0.291831
vt 0.770461 0.295997
vt 0.772575 0.304042
vt 0.775740 0.309189
vt 0.131875 0.632869
vt 0.482421 0.605153
vt 0.473969 0.605153
vt 0.481200 0.613192
vt 0.473969 0.613192
vt 0.479373 0.618328
vt 0.473969 0.618328
vt 0.465516 0.605153
vt 0.466737 0.613192
vt 0.468564 0.618328
vt 0.131875 0.643677
vt 0.459328 0.605153
vt 0.461443 0.613192
vt 0.464608 0.618328
vt 0.135831 0.647633
vt 0.636253 0.685797
vt 0.627800 0.685810
vt 0.635032 0.693824
vt 0.627800 0.693835
vt 0.633205 0.698943
vt 0.627800 0.698951
vt 0.305218 0.314797
vt 0.292221 0.314797
vt 0.287910 0.311981
vt 0.284256 0.306844
vt 0.281814 0.298805
vt 0.280956 0.294641
vt 0.280956 0.020156
vt 0.281814 0.015992
vt 0.284256 0.007953
vt 0.287910 0.002816
vt 0.292221 0.000000
vt 0.305218 0.000000
vt 0.309529 0.002816
vt 0.313183 0.007953
vt 0.315625 0.015992
vt 0.315625 0.298805
vt 0.313183 0.306844
vt 0.309529 0.311981
vt 0.028466 0.632607
vt 0.030844 0.634985
vt 0.031715 0.638234
vt 0.030844 0.641483
vt 0.028466 0.643862
vt 0.025216 0.644732
vt 0.025216 0.631736
vt 0.788766 0.407075
vt 0.789195 0.402915
vt 0.797647 0.402903
vt 0.797647 0.407062
vt 0.790416 0.394888
vt 0.797647 0.394878
vt 0.792243 0.389768
vt 0.797647 0.389761
vt 0.030621 0.628913
vt 0.025216 0.627465
vt 0.575149 0.017339
vt 0.574720 0.013175
vt 0.580908 0.013175
vt 0.573499 0.005137
vt 0.578793 0.005137
vt 0.571672 0.000000
vt 0.575629 0.000000
vt 0.034578 0.632869
vt 0.566267 0.017339
vt 0.566267 0.013175
vt 0.566267 0.005137
vt 0.566267 0.000000
vt 0.557386 0.017339
vt 0.557815 0.013175
vt 0.559036 0.005137
vt 0.560863 0.000000
vt 0.034578 0.643677
vt 0.698847 0.407155
vt 0.698418 0.402987
vt 0.704606 0.402953
vt 0.705349 0.407119
vt 0.697197 0.394937
vt 0.702491 0.394907
vt 0.695370 0.389783
vt 0.699326 0.389761
vt 0.030621 0.647633
vt 0.689965 0.407168
vt 0.689965 0.403000
vt 0.689965 0.394948
vt 0.689965 0.389791
vt 0.025216 0.649081
vt 0.689965 0.681650
vt 0.698847 0.681637
vt 0.550884 0.291825
vt 0.550884 0.017339
vt 0.557386 0.291825
vt 0.566267 0.291825
vt 0.575149 0.291825
vt 0.788766 0.681557
vt 0.797647 0.681544
vt 0.170414 0.632686
vt 0.173663 0.631815
vt 0.173663 0.644811
vt 0.170414 0.643940
vt 0.168035 0.641562
vt 0.167165 0.638313
vt 0.168035 0.635064
vt 0.797647 0.685713
vt 0.789195 0.685725
vt 0.797647 0.693764
vt 0.790416 0.693775
vt 0.797647 0.698920
vt 0.792243 0.698928
vt 0.168259 0.628913
vt 0.173663 0.627465
vt 0.782264 0.681592
vt 0.783007 0.685758
vt 0.785122 0.693803
vt 0.788286 0.698949
vt 0.164302 0.632869
vt 0.574720 0.295989
vt 0.566267 0.295989
vt 0.573499 0.304028
vt 0.566267 0.304028
vt 0.571672 0.309164
vt 0.566267 0.309164
vt 0.162854 0.638273
vt 0.557815 0.295989
vt 0.559036 0.304028
vt 0.560863 0.309164
vt 0.164302 0.643677
vt 0.551627 0.295989
vt 0.553742 0.304028
vt 0.556906 0.309164
vt 0.168259 0.647633
vt 0.698418 0.685796
vt 0.689965 0.685809
vt 0.697197 0.693823
vt 0.689965 0.693834
vt 0.695370 0.698942
vt 0.689965 0.698950
vt 0.173663 0.649081
vt 0.234166 0.314797
vt 0.221169 0.314797
vt 0.216859 0.311981
vt 0.213204 0.306844
vt 0.210762 0.298805
vt 0.209905 0.294641
vt 0.209905 0.020156
vt 0.210762 0.015992
vt 0.213204 0.007953
vt 0.216859 0.002816
vt 0.221169 0.000000
vt 0.234166 0.000000
vt 0.238477 0.002816
vt 0.242131 0.007953
vt 0.244573 0.015992
vt 0.245431 0.020156
vt 0.245431 0.294641
vt 0.244573 0.298805
vt 0.242131 0.306844
vt 0.238477 0.311981
vt 0.385648 0.633944
vt 0.383007 0.636585
vt 0.389383 0.633944
vt 0.392024 0.636584
vt 0.392024 0.640319
vt 0.389383 0.642960
vt 0.385648 0.642960
vt 0.383007 0.640319
vt 0.547434 0.647198
vt 0.543983 0.647178
vt 0.543983 0.637024
vt 0.547434 0.636673
vt 0.537686 0.694532
vt 0.534235 0.694551
vt 0.534235 0.641267
vt 0.537686 0.641248
vt 0.541136 0.694551
vt 0.541136 0.641267
vt 0.000953 0.627465
vt 0.000476 0.624047
vt 0.053255 0.616690
vt 0.053731 0.620108
vt 0.550884 0.700461
vt 0.547434 0.700481
vt 0.550884 0.647178
vt 0.174379 0.620630
vt 0.121601 0.613273
vt 0.000000 0.620630
vt 0.052778 0.613273
vt 0.543983 0.700461
vt 0.541136 0.632903
vt 0.537686 0.633254
vt 0.537686 0.625777
vt 0.541136 0.625079
vt 0.110793 0.617387
vt 0.112138 0.614209
vt 0.534235 0.632903
vt 0.062241 0.614209
vt 0.063586 0.617387
vt 0.550884 0.637024
vt 0.113482 0.611031
vt 0.060897 0.611031
vt 0.547434 0.626826
vt 0.543983 0.627523
vt 0.543983 0.619324
vt 0.547434 0.618328
vt 0.070279 0.609486
vt 0.072400 0.612208
vt 0.550884 0.627523
vt 0.104100 0.609486
vt 0.106221 0.606765
vt 0.068158 0.606765
vt 0.101979 0.612208
vt 0.534235 0.625079
vt 0.076821 0.602845
vt 0.074068 0.600765
vt 0.078223 0.593439
vt 0.081421 0.594736
vt 0.094805 0.604924
vt 0.097558 0.602845
vt 0.534235 0.618328
vt 0.537686 0.619325
vt 0.541136 0.618328
vt 0.079574 0.604924
vt 0.550884 0.619324
vt 0.100311 0.600765
vt 0.084619 0.596032
vt 0.083765 0.585713
vt 0.087190 0.586137
vt 0.801098 1.000000
vt 0.797647 0.998995
vt 0.797647 0.990851
vt 0.801098 0.991559
vt 0.089760 0.596032
vt 0.092958 0.594736
vt 0.807999 0.993093
vt 0.804549 0.994098
vt 0.804549 0.987388
vt 0.807999 0.986680
vt 0.811450 0.994098
vt 0.811450 0.987388
vt 0.804549 0.998995
vt 0.804549 0.990851
vt 0.096156 0.593439
vt 0.807999 0.979227
vt 0.804549 0.979589
vt 0.804549 0.971234
vt 0.807999 0.971242
vt 0.801098 0.981747
vt 0.804549 0.981385
vt 0.090614 0.585713
vt 0.094038 0.585288
vt 0.080341 0.585288
vt 0.797647 0.981385
vt 0.087189 0.586137
vt 0.811450 0.979589
vt 0.804549 0.389761
vt 0.807999 0.389769
vt 0.811450 0.971234
vt 0.083694 0.576390
vt 0.087112 0.575914
vt 0.801098 0.971234
vt 0.804549 0.971242
vt 0.090685 0.576390
vt 0.094102 0.576867
vt 0.080277 0.576867
vt 0.797647 0.971242
vt 0.087267 0.575914
vt 0.448648 0.637386
vt 0.446007 0.640027
vt 0.442273 0.640027
vt 0.439632 0.637386
vt 0.439632 0.633651
vt 0.442273 0.631010
vt 0.446008 0.631010
vt 0.448648 0.633651
vt 0.811450 0.389761
vt 0.003418 0.000476
vt 0.006835 0.000000
vt 0.801098 0.389761
vt 0.804549 0.389768
vt 0.170961 0.000476
vt 0.174379 0.000953
vt 0.000000 0.000953
vt 0.797647 0.389768
vt 0.167544 0.000000
s 1
usemtl radiator
f 6/1/1 2/2/2 5/3/3 7/4/4
f 7/4/4 5/3/3 4/5/5 8/6/6
f 8/6/6 4/5/5 3/7/7 9/8/8
f 9/9/8 3/10/7 1/11/9 10/12/10
f 3/10/7 14/13/11 15/14/12 1/11/9
f 4/5/5 13/15/13 14/16/11 3/7/7
f 5/3/3 12/17/14 13/15/13 4/5/5
f 2/2/2 11/18/15 12/17/14 5/3/3
f 1/11/9 16/19/16 10/12/10
f 1/11/9 15/14/12 16/19/16
f 2/2/2 17/20/17 19/21/18 11/18/15
f 6/1/1 18/22/19 17/20/17 2/2/2
f 29/23/20 31/24/21 20/25/22 21/26/23
f 31/24/21 32/27/24 23/28/25 20/25/22
f 32/27/24 33/29/26 25/30/27 23/28/25
f 33/31/26 34/32/28 27/33/29 25/34/27
f 25/34/27 27/33/29 28/35/30 26/36/31
f 23/28/25 25/30/27 26/37/31 24/38/32
f 20/25/22 23/28/25 24/38/32 22/39/33
f 21/26/23 20/25/22 22/39/33 36/40/34
f 27/33/29 34/32/28 38/41/35
f 27/33/29 38/41/35 28/35/30
f 21/26/23 36/40/34 37/42/36 30/43/37
f 29/23/20 21/26/23 30/43/37 35/44/38
f 19/45/39 37/46/39 36/47/39 11/48/39
f 7/49/40 31/50/40 29/51/41 6/52/41
f 15/53/42 28/54/42 38/55/42 16/56/42
f 6/52/41 29/51/41 35/57/41 18/58/41
f 16/59/40 38/60/40 34/61/40 10/62/40
f 14/63/42 26/64/42 28/54/42 15/53/42
f 13/65/42 24/66/42 26/64/42 14/63/42
f 10/62/40 34/61/40 33/67/40 9/68/40
f 12/69/42 22/70/42 24/66/42 13/65/42
f 9/68/40 33/67/40 32/71/40 8/72/40
f 11/48/39 36/47/39 22/70/42 12/69/42
f 8/72/40 32/71/40 31/50/40 7/49/40
f 44/73/43 45/74/44 43/75/45 40/76/46
f 45/74/44 46/77/47 42/78/48 43/75/45
f 46/77/47 47/79/49 41/80/50 42/78/48
f 47/81/49 48/82/51 39/83/52 41/84/50
f 41/84/50 39/83/52 53/85/53 52/86/54
f 42/78/48 41/80/50 52/87/54 51/88/55
f 43/75/45 42/78/48 51/88/55 50/89/56
f 40/76/46 43/75/45 50/89/56 49/90/57
f 39/83/52 48/82/51 54/91/58
f 39/83/52 54/91/58 53/85/53
f 40/76/46 49/90/57 19/21/18 17/20/17
f 44/73/43 40/76/46 17/20/17 18/22/19
f 64/92/59 56/93/60 55/94/61 65/95/62
f 65/95/62 55/94/61 58/96/63 66/97/64
f 66/97/64 58/96/63 60/98/65 67/99/66
f 67/100/66 60/101/65 62/102/67 68/103/68
f 60/101/65 61/104/69 63/105/70 62/102/67
f 58/96/63 59/106/71 61/107/69 60/98/65
f 55/94/61 57/108/72 59/106/71 58/96/63
f 56/93/60 69/109/73 57/108/72 55/94/61
f 62/102/67 70/110/74 68/103/68
f 62/102/67 63/105/70 70/110/74
f 56/93/60 30/43/37 37/42/36 69/109/73
f 64/92/59 35/44/38 30/43/37 56/93/60
f 19/45/39 49/111/39 69/112/39 37/46/39
f 45/113/40 44/114/41 64/115/41 65/116/40
f 53/117/39 54/118/39 70/119/39 63/120/39
f 44/114/41 18/58/41 35/57/41 64/115/41
f 54/121/41 48/122/41 68/123/41 70/124/41
f 52/125/42 53/117/39 63/120/39 61/126/42
f 51/127/42 52/125/42 61/126/42 59/128/42
f 48/122/41 47/129/40 67/130/40 68/123/41
f 50/131/42 51/127/42 59/128/42 57/132/42
f 47/129/40 46/133/40 66/134/40 67/130/40
f 49/111/39 50/131/42 57/132/42 69/112/39
f 46/133/40 45/113/40 65/116/40 66/134/40
f 18/135/16 35/136/16 30/137/16 37/138/16 19/139/16 17/140/16
f 76/141/75 77/142/76 75/143/61 72/144/77
f 77/142/76 78/145/78 74/146/79 75/143/61
f 78/145/78 79/147/80 73/148/81 74/146/79
f 79/149/80 80/150/82 71/151/83 73/152/81
f 73/152/81 71/151/83 85/153/84 84/154/85
f 74/146/79 73/148/81 84/155/85 83/156/86
f 75/143/61 74/146/79 83/156/86 82/157/87
f 72/144/77 75/143/61 82/157/87 81/158/88
f 71/151/83 80/150/82 86/159/16
f 71/151/83 86/159/16 85/153/84
f 72/144/77 81/158/88 89/160/89 87/161/37
f 76/141/75 72/144/77 87/161/37 88/162/90
f 99/163/91 91/164/92 90/165/45 101/166/93
f 101/166/93 90/165/45 93/167/94 102/168/95
f 102/168/95 93/167/94 95/169/96 103/170/97
f 103/171/97 95/172/96 97/173/98 104/174/99
f 95/172/96 96/175/100 98/176/101 97/173/98
f 93/167/94 94/177/102 96/178/100 95/169/96
f 90/165/45 92/179/103 94/177/102 93/167/94
f 91/164/92 106/180/104 92/179/103 90/165/45
f 97/173/98 108/181/105 104/174/99
f 97/173/98 98/176/101 108/181/105
f 91/164/92 100/182/17 107/183/106 106/180/104
f 99/163/91 105/184/107 100/182/17 91/164/92
f 89/185/108 81/186/108 106/187/108 107/188/108
f 77/189/109 76/190/110 99/191/110 101/192/109
f 85/193/108 86/194/108 108/195/108 98/196/108
f 76/190/110 88/197/110 105/198/110 99/191/110
f 86/199/109 80/200/110 104/201/109 108/202/109
f 84/203/108 85/193/108 98/196/108 96/204/108
f 83/205/108 84/203/108 96/204/108 94/206/108
f 80/200/110 79/207/110 103/208/110 104/201/109
f 82/209/111 83/205/108 94/206/108 92/210/111
f 79/207/110 78/211/109 102/212/109 103/208/110
f 81/186/108 82/209/111 92/210/111 106/187/108
f 78/211/109 77/189/109 101/192/109 102/212/109
f 114/213/112 110/214/113 113/215/22 115/216/114
f 115/216/114 113/215/22 112/217/115 116/218/116
f 116/218/116 112/217/115 111/219/117 117/220/118
f 117/221/118 111/222/117 109/223/119 118/224/120
f 111/222/117 122/225/121 123/226/122 109/223/119
f 112/217/115 121/227/123 122/228/121 111/219/117
f 113/215/22 120/229/124 121/227/123 112/217/115
f 110/214/113 119/230/125 120/229/124 113/215/22
f 109/223/119 124/231/58 118/224/120
f 109/223/119 123/226/122 124/231/58
f 110/214/113 87/161/37 89/160/89 119/230/125
f 114/213/112 88/162/90 87/161/37 110/214/113
f 134/232/126 135/233/127 125/234/3 126/235/128
f 135/233/127 136/236/129 128/237/130 125/234/3
f 136/236/129 137/238/131 130/239/132 128/237/130
f 137/240/131 138/241/133 132/242/134 130/243/132
f 130/243/132 132/242/134 133/244/135 131/245/136
f 128/237/130 130/239/132 131/246/136 129/247/137
f 125/234/3 128/237/130 129/247/137 127/248/138
f 126/235/128 125/234/3 127/248/138 139/249/139
f 132/242/134 138/241/133 140/250/140
f 132/242/134 140/250/140 133/244/135
f 126/235/128 139/249/139 107/183/106 100/182/17
f 134/232/126 126/235/128 100/182/17 105/184/107
f 89/185/108 107/188/108 139/251/108 119/252/108
f 115/253/109 135/254/109 134/255/110 114/256/110
f 123/257/108 133/258/108 140/259/108 124/260/108
f 114/256/110 134/255/110 105/198/110 88/197/110
f 124/261/109 140/262/109 138/263/110 118/264/110
f 122/265/108 131/266/108 133/258/108 123/257/108
f 121/267/108 129/268/108 131/266/108 122/265/108
f 118/264/110 138/263/110 137/269/109 117/270/109
f 120/271/108 127/272/108 129/268/108 121/267/108
f 117/270/109 137/269/109 136/273/109 116/274/109
f 119/252/108 139/251/108 127/272/108 120/271/108
f 116/274/109 136/273/109 135/254/109 115/253/109
f 88/275/16 87/276/16 89/277/16 107/278/16 100/279/16 105/280/16
f 146/1/75 147/281/76 145/282/61 142/283/77
f 147/281/76 148/284/78 144/285/79 145/282/61
f 148/284/78 149/286/80 143/287/81 144/285/79
f 149/288/80 150/289/82 141/290/83 143/291/81
f 143/291/81 141/290/83 155/292/84 154/293/85
f 144/285/79 143/287/81 154/294/85 153/295/86
f 145/282/61 144/285/79 153/295/86 152/296/87
f 142/283/77 145/282/61 152/296/87 151/297/88
f 141/290/83 150/289/82 156/298/16
f 141/290/83 156/298/16 155/292/84
f 142/283/77 151/297/88 159/299/89 157/300/37
f 146/1/75 142/283/77 157/300/37 158/22/90
f 169/301/91 161/302/92 160/303/45 171/304/93
f 171/304/93 160/303/45 163/305/94 172/306/95
f 172/306/95 163/305/94 165/307/96 173/308/97
f 173/309/97 165/310/96 167/311/98 174/312/99
f 165/310/96 166/313/100 168/314/101 167/311/98
f 163/305/94 164/315/102 166/316/100 165/307/96
f 160/303/45 162/317/103 164/315/102 163/305/94
f 161/302/92 176/318/104 162/317/103 160/303/45
f 167/311/98 178/319/105 174/312/99
f 167/311/98 168/314/101 178/319/105
f 161/302/92 170/320/17 177/42/106 176/318/104
f 169/301/91 175/321/107 170/320/17 161/302/92
f 159/322/111 151/323/111 176/324/111 177/325/111
f 147/326/110 146/327/110 169/328/110 171/329/110
f 155/330/111 156/331/108 178/332/108 168/333/111
f 146/327/110 158/334/110 175/335/110 169/328/110
f 156/336/109 150/337/110 174/338/110 178/339/109
f 154/340/108 155/330/111 168/333/111 166/341/108
f 153/342/108 154/340/108 166/341/108 164/343/108
f 150/337/110 149/344/109 173/345/109 174/338/110
f 152/346/111 153/342/108 164/343/108 162/347/111
f 149/344/109 148/348/109 172/349/109 173/345/109
f 151/323/111 152/346/111 162/347/111 176/324/111
f 148/348/109 147/326/110 171/329/110 172/349/109
f 184/73/112 180/350/113 183/351/22 185/352/114
f 185/352/114 183/351/22 182/353/115 186/354/116
f 186/354/116 182/353/115 181/355/117 187/356/118
f 187/357/118 181/358/117 179/359/119 188/360/120
f 181/358/117 192/361/121 193/362/122 179/359/119
f 182/353/115 191/363/123 192/364/121 181/355/117
f 183/351/22 190/365/124 191/363/123 182/353/115
f 180/350/113 189/366/125 190/365/124 183/351/22
f 179/359/119 194/367/58 188/360/120
f 179/359/119 193/362/122 194/367/58
f 180/350/113 157/300/37 159/299/89 189/366/125
f 184/73/112 158/22/90 157/300/37 180/350/113
f 204/368/126 205/369/127 195/370/3 196/371/128
f 205/369/127 206/372/129 198/373/130 195/370/3
f 206/372/129 207/374/131 200/375/132 198/373/130
f 207/376/131 208/377/133 202/378/134 200/379/132
f 200/379/132 202/378/134 203/380/135 201/381/136
f 198/373/130 200/375/132 201/382/136 199/383/137
f 195/370/3 198/373/130 199/383/137 197/384/138
f 196/371/128 195/370/3 197/384/138 209/385/139
f 202/378/134 208/377/133 210/386/140
f 202/378/134 210/386/140 203/380/135
f 196/371/128 209/385/139 177/42/106 170/320/17
f 204/368/126 196/371/128 170/320/17 175/321/107
f 159/322/111 177/325/111 209/387/111 189/388/111
f 185/389/110 205/390/110 204/391/110 184/392/110
f 193/393/111 203/394/111 210/395/108 194/396/108
f 184/392/110 204/391/110 175/335/110 158/334/110
f 194/397/110 210/398/110 208/399/110 188/400/110
f 192/401/108 201/402/108 203/394/111 193/393/111
f 191/403/108 199/404/108 201/402/108 192/401/108
f 188/400/110 208/399/110 207/405/109 187/406/109
f 190/407/111 197/408/111 199/404/108 191/403/108
f 187/406/109 207/405/109 206/409/109 186/410/109
f 189/388/111 209/387/111 197/408/111 190/407/111
f 186/410/109 206/409/109 205/390/110 185/389/110
f 158/411/58 175/412/58 170/413/58 177/414/58 159/415/58 157/416/58
f 216/417/75 217/418/76 215/419/61 212/420/77
f 217/418/76 218/421/78 214/422/79 215/419/61
f 218/421/78 219/423/80 213/424/81 214/422/79
f 219/425/80 220/426/82 211/427/83 213/428/81
f 213/428/81 211/427/83 225/429/84 224/430/85
f 214/422/79 213/424/81 224/431/85 223/432/86
f 215/419/61 214/422/79 223/432/86 222/433/87
f 212/420/77 215/419/61 222/433/87 221/434/88
f 211/427/83 220/426/82 226/435/16
f 211/427/83 226/435/16 225/429/84
f 212/420/77 221/434/88 229/436/89 227/437/37
f 216/417/75 212/420/77 227/437/37 228/438/90
f 239/439/91 231/440/92 230/441/45 241/442/93
f 241/442/93 230/441/45 233/443/94 242/444/95
f 242/444/95 233/443/94 235/445/96 243/446/97
f 243/447/97 235/448/96 237/449/98 244/450/99
f 235/448/96 236/451/100 238/452/101 237/449/98
f 233/443/94 234/453/102 236/454/100 235/445/96
f 230/441/45 232/455/103 234/453/102 233/443/94
f 231/440/92 246/456/104 232/455/103 230/441/45
f 237/449/98 248/457/105 244/450/99
f 237/449/98 238/452/101 248/457/105
f 231/440/92 240/458/17 247/459/106 246/456/104
f 239/439/91 245/460/107 240/458/17 231/440/92
f 229/461/111 221/462/111 246/463/111 247/464/111
f 217/465/110 216/466/110 239/467/110 241/468/110
f 225/469/111 226/470/108 248/471/108 238/472/111
f 216/466/110 228/473/110 245/474/110 239/467/110
f 226/475/109 220/476/110 244/477/109 248/478/109
f 224/479/108 225/469/111 238/472/111 236/480/108
f 223/481/108 224/479/108 236/480/108 234/482/108
f 220/476/110 219/483/109 243/484/109 244/477/109
f 222/485/111 223/481/108 234/482/108 232/486/111
f 219/483/109 218/487/110 242/488/110 243/484/109
f 221/462/111 222/485/111 232/486/111 246/463/111
f 218/487/110 217/465/110 241/468/110 242/488/110
f 254/489/112 250/490/113 253/491/22 255/492/114
f 255/492/114 253/491/22 252/493/115 256/494/116
f 256/494/116 252/493/115 251/495/117 257/496/118
f 257/497/118 251/498/117 249/499/119 258/500/120
f 251/498/117 262/501/121 263/502/122 249/499/119
f 252/493/115 261/503/123 262/504/121 251/495/117
f 253/491/22 260/505/124 261/503/123 252/493/115
f 250/490/113 259/506/125 260/505/124 253/491/22
f 249/499/119 264/507/58 258/500/120
f 249/499/119 263/502/122 264/507/58
f 250/490/113 227/437/37 229/436/89 259/506/125
f 254/489/112 228/438/90 227/437/37 250/490/113
f 274/508/126 275/509/127 265/510/3 266/511/128
f 275/509/127 276/512/129 268/513/130 265/510/3
f 276/512/129 277/514/131 270/515/132 268/513/130
f 277/516/131 278/517/133 272/518/134 270/519/132
f 270/519/132 272/518/134 273/520/135 271/521/136
f 268/513/130 270/515/132 271/522/136 269/523/137
f 265/510/3 268/513/130 269/523/137 267/524/138
f 266/511/128 265/510/3 267/524/138 279/525/139
f 272/518/134 278/517/133 280/526/140
f 272/518/134 280/526/140 273/520/135
f 266/511/128 279/525/139 247/459/106 240/458/17
f 274/508/126 266/511/128 240/458/17 245/460/107
f 229/461/111 247/464/111 279/527/111 259/528/111
f 255/529/110 275/530/110 274/531/110 254/532/110
f 263/533/111 273/534/111 280/535/111 264/536/111
f 254/532/110 274/531/110 245/474/110 228/473/110
f 264/537/110 280/538/110 278/539/110 258/540/110
f 262/541/108 271/542/108 273/534/111 263/533/111
f 261/543/108 269/544/108 271/542/108 262/541/108
f 258/540/110 278/539/110 277/545/110 257/546/110
f 260/547/111 267/548/111 269/544/108 261/543/108
f 257/546/110 277/545/110 276/549/109 256/550/109
f 259/528/111 279/527/111 267/548/111 260/547/111
f 256/550/109 276/549/109 275/530/110 255/529/110
f 228/551/58 245/552/58 240/553/58 247/554/58 229/555/58 227/556/58
f 281/557/141 287/558/142 311/559/143 306/560/144 301/561/145 296/562/146 291/563/147
f 282/564/148 286/565/149 288/566/150 285/567/151
f 285/567/151 288/566/150 289/568/152 284/569/153
f 284/569/153 289/568/152 290/570/154 283/571/155
f 283/572/155 290/573/154 287/558/142 281/557/141
f 292/574/156 282/575/148 285/576/151 295/577/157
f 295/577/157 285/576/151 284/578/153 294/579/158
f 294/579/158 284/578/153 283/580/155 293/581/159
f 293/582/159 283/572/155 281/557/141 291/563/147
f 297/583/160 292/574/156 295/577/157 300/584/161
f 300/584/161 295/577/157 294/579/158 299/585/162
f 299/585/162 294/579/158 293/581/159 298/586/163
f 298/587/163 293/582/159 291/563/147 296/562/146
f 302/588/164 297/583/160 300/584/161 305/589/165
f 305/589/165 300/584/161 299/585/162 304/590/166
f 304/590/166 299/585/162 298/586/163 303/591/167
f 303/592/167 298/587/163 296/562/146 301/561/145
f 307/593/168 302/594/164 305/595/165 310/596/169
f 310/596/169 305/595/165 304/597/166 309/598/170
f 309/598/170 304/597/166 303/599/167 308/600/171
f 308/601/171 303/592/167 301/561/145 306/560/144
f 312/602/172 307/593/168 310/596/169 315/603/173
f 315/603/173 310/596/169 309/598/170 314/604/174
f 314/604/174 309/598/170 308/600/171 313/605/175
f 313/606/175 308/601/171 306/560/144 311/559/143
f 347/607/176 342/608/177 307/593/168 312/602/172
f 342/609/177 337/610/178 302/588/164 307/611/168
f 337/610/178 332/612/179 297/583/160 302/588/164
f 332/612/179 327/613/180 292/574/156 297/583/160
f 327/613/180 317/614/181 282/575/148 292/574/156
f 317/615/181 321/616/182 286/565/149 282/564/148
f 316/617/183 326/618/184 331/619/185 336/620/186 341/621/187 346/622/188 322/623/189
f 317/615/181 320/624/190 323/625/191 321/616/182
f 320/624/190 319/626/192 324/627/193 323/625/191
f 319/626/192 318/628/194 325/629/195 324/627/193
f 318/630/194 316/617/183 322/623/189 325/631/195
f 327/632/180 330/633/196 320/624/190 317/615/181
f 330/633/196 329/634/197 319/626/192 320/624/190
f 329/634/197 328/635/198 318/628/194 319/626/192
f 328/636/198 326/618/184 316/617/183 318/630/194
f 332/612/179 335/637/199 330/638/196 327/613/180
f 335/637/199 334/639/200 329/640/197 330/638/196
f 334/639/200 333/641/201 328/642/198 329/640/197
f 333/643/201 331/619/185 326/618/184 328/636/198
f 337/610/178 340/644/202 335/637/199 332/612/179
f 340/644/202 339/645/203 334/639/200 335/637/199
f 339/645/203 338/646/204 333/641/201 334/639/200
f 338/647/204 336/620/186 331/619/185 333/643/201
f 342/609/177 345/648/205 340/644/202 337/610/178
f 345/648/205 344/649/206 339/645/203 340/644/202
f 344/649/206 343/650/207 338/646/204 339/645/203
f 343/651/207 341/621/187 336/620/186 338/647/204
f 347/607/176 350/652/208 345/653/205 342/608/177
f 350/652/208 349/654/209 344/655/206 345/653/205
f 349/654/209 348/656/210 343/657/207 344/655/206
f 348/658/210 346/622/188 341/621/187 343/651/207
f 346/659/37 348/660/37 349/661/37 350/662/37 347/663/37 312/664/37 315/665/37 314/666/37 313/667/37 311/668/37 287/669/37 290/670/37 289/671/37 288/672/37 286/673/37 321/674/37 323/675/37 324/676/37 325/677/37 322/678/37
f 356/679/75 357/680/76 355/681/61 352/682/77
f 357/680/76 358/683/78 354/684/79 355/681/61
f 358/683/78 359/685/80 353/686/81 354/684/79
f 359/687/80 360/688/82 351/689/83 353/690/81
f 353/690/81 351/689/83 365/691/84 364/692/85
f 354/684/79 353/686/81 364/693/85 363/694/86
f 355/681/61 354/684/79 363/694/86 362/695/87
f 352/682/77 355/681/61 362/695/87 361/696/88
f 351/689/83 360/688/82 366/697/16
f 351/689/83 366/697/16 365/691/84
f 352/682/77 361/696/88 369/698/89 367/699/37
f 356/679/75 352/682/77 367/699/37 368/700/90
f 379/701/91 371/702/92 370/703/45 381/704/93
f 381/704/93 370/703/45 373/705/94 382/706/95
f 382/706/95 373/705/94 375/707/96 383/708/97
f 383/709/97 375/710/96 377/711/98 384/712/99
f 375/710/96 376/713/100 378/714/101 377/711/98
f 373/705/94 374/715/102 376/716/100 375/707/96
f 370/703/45 372/717/103 374/715/102 373/705/94
f 371/702/92 386/718/104 372/717/103 370/703/45
f 377/711/98 388/719/105 384/712/99
f 377/711/98 378/714/101 388/719/105
f 371/702/92 380/720/17 387/460/106 386/718/104
f 379/701/91 385/721/107 380/720/17 371/702/92
f 369/722/108 361/723/108 386/724/108 387/725/108
f 357/726/109 356/727/109 379/728/109 381/729/109
f 365/730/108 366/731/111 388/732/111 378/733/108
f 356/727/109 368/734/109 385/735/109 379/728/109
f 366/736/110 360/737/109 384/738/109 388/739/110
f 364/740/108 365/730/108 378/733/108 376/741/108
f 363/742/108 364/740/108 376/741/108 374/743/108
f 360/737/109 359/744/109 383/745/109 384/738/109
f 362/746/108 363/742/108 374/743/108 372/747/108
f 359/744/109 358/748/109 382/749/109 383/745/109
f 361/723/108 362/746/108 372/747/108 386/724/108
f 358/748/109 357/726/109 381/729/109 382/749/109
f 394/750/112 390/751/113 393/752/22 395/753/114
f 395/753/114 393/752/22 392/754/115 396/755/116
f 396/755/116 392/754/115 391/756/117 397/757/118
f 397/758/118 391/759/117 389/760/119 398/761/120
f 391/759/117 402/762/121 403/763/122 389/760/119
f 392/754/115 401/764/123 402/765/121 391/756/117
f 393/752/22 400/766/124 401/764/123 392/754/115
f 390/751/113 399/767/125 400/766/124 393/752/22
f 389/760/119 404/768/58 398/761/120
f 389/760/119 403/763/122 404/768/58
f 390/751/113 367/699/37 369/698/89 399/767/125
f 394/750/112 368/700/90 367/699/37 390/751/113
f 414/769/126 415/770/127 405/771/3 406/772/128
f 415/770/127 416/773/129 408/774/130 405/771/3
f 416/773/129 417/775/131 410/776/132 408/774/130
f 417/777/131 418/778/133 412/779/134 410/780/132
f 410/780/132 412/779/134 413/781/135 411/782/136
f 408/774/130 410/776/132 411/783/136 409/784/137
f 405/771/3 408/774/130 409/784/137 407/785/138
f 406/772/128 405/771/3 407/785/138 419/786/139
f 412/779/134 418/778/133 420/787/140
f 412/779/134 420/787/140 413/781/135
f 406/772/128 419/786/139 387/460/106 380/720/17
f 414/769/126 406/772/128 380/720/17 385/721/107
f 369/722/108 387/725/108 419/788/108 399/789/108
f 395/790/109 415/791/109 414/792/109 394/793/109
f 403/794/108 413/795/108 420/796/108 404/797/108
f 394/793/109 414/792/109 385/735/109 368/734/109
f 404/798/109 420/799/109 418/800/109 398/801/109
f 402/802/108 411/803/108 413/795/108 403/794/108
f 401/804/108 409/805/108 411/803/108 402/802/108
f 398/801/109 418/800/109 417/806/109 397/807/109
f 400/808/108 407/809/108 409/805/108 401/804/108
f 397/807/109 417/806/109 416/810/109 396/811/109
f 399/789/108 419/788/108 407/809/108 400/808/108
f 396/811/109 416/810/109 415/791/109 395/790/109
f 368/812/16 367/813/16 369/814/16 387/815/16 380/816/16 385/817/16
f 430/818/211 431/819/212 1313/820/213 1314/821/214
f 431/819/212 433/822/215 1315/823/216 1313/820/213
f 433/822/215 435/824/217 1316/825/218 1315/823/216
f 435/824/217 437/826/219 1317/827/220 1316/825/218
f 437/826/219 439/828/221 1318/829/222 1317/827/220
f 439/828/221 441/830/223 1319/831/224 1318/829/222
f 441/830/223 443/832/225 1320/833/226 1319/831/224
f 443/832/225 430/818/211 1314/821/214 1320/833/226
f 421/834/58 422/835/227 431/836/212 430/837/211
f 434/838/228 436/839/229 1324/840/230 1323/841/231
f 428/842/232 421/834/58 430/837/211 443/843/225
f 422/844/227 423/845/17 433/846/215 431/847/212
f 423/845/17 424/848/233 435/849/217 433/846/215
f 424/850/233 425/851/16 437/852/219 435/853/217
f 425/851/16 426/854/234 439/855/221 437/852/219
f 426/856/234 427/857/37 441/858/223 439/859/221
f 427/857/37 428/860/232 443/861/225 441/858/223
f 454/862/235 453/863/236 456/864/237 455/865/238
f 455/865/238 456/864/237 458/866/239 457/867/240
f 457/867/240 458/866/239 460/868/241 459/869/242
f 459/869/242 460/868/241 462/870/243 461/871/244
f 461/871/244 462/870/243 464/872/245 463/873/246
f 463/873/246 464/872/245 466/874/247 465/875/248
f 465/875/248 466/874/247 468/876/249 467/877/250
f 467/877/250 468/876/249 453/863/236 454/862/235
f 445/878/58 454/879/235 455/880/238 446/881/227
f 453/863/236 468/876/249 466/874/247 464/872/245 462/870/243 460/868/241 458/866/239 456/864/237
f 452/882/232 467/883/250 454/879/235 445/878/58
f 446/884/227 455/885/238 457/886/240 447/887/17
f 447/887/17 457/886/240 459/888/242 448/889/233
f 448/890/233 459/891/242 461/892/244 449/893/16
f 449/893/16 461/892/244 463/894/246 450/895/234
f 450/896/234 463/897/246 465/898/248 451/899/37
f 451/899/37 465/898/248 467/900/250 452/901/232
f 470/902/251 472/903/252 474/904/253 471/905/254
f 471/906/254 474/907/253 473/908/255 469/909/256
f 472/910/252 475/911/257 477/912/258 474/913/253
f 474/907/253 477/914/258 476/915/259 473/908/255
f 475/911/257 478/916/260 480/917/261 477/912/258
f 477/914/258 480/918/261 479/919/262 476/915/259
f 478/920/260 481/921/263 483/922/264 480/923/261
f 480/918/261 483/924/264 482/925/265 479/919/262
f 481/921/263 484/926/266 486/927/267 483/922/264
f 483/924/264 486/928/267 485/929/268 482/925/265
f 484/930/266 487/931/269 489/932/270 486/933/267
f 486/928/267 489/934/270 488/935/271 485/929/268
f 487/931/269 490/936/272 492/937/273 489/932/270
f 489/934/270 492/938/273 491/939/274 488/935/271
f 490/940/272 470/902/251 471/905/254 492/941/273
f 492/938/273 471/906/254 469/909/256 491/939/274
f 494/942/275 496/943/276 498/944/277 495/945/278
f 495/946/278 498/947/277 497/948/279 493/949/280
f 496/943/276 499/950/281 501/951/282 498/944/277
f 498/952/277 501/953/282 500/954/283 497/955/279
f 499/950/281 502/956/284 504/957/285 501/951/282
f 501/953/282 504/958/285 503/959/286 500/954/283
f 502/956/284 505/960/287 507/961/288 504/957/285
f 504/962/285 507/963/288 506/964/289 503/965/286
f 505/960/287 508/966/290 510/967/291 507/961/288
f 507/963/288 510/968/291 509/969/292 506/964/289
f 508/966/290 511/970/293 513/971/294 510/967/291
f 510/972/291 513/973/294 512/974/295 509/975/292
f 511/970/293 514/976/296 516/977/297 513/971/294
f 513/973/294 516/978/297 515/979/298 512/974/295
f 514/976/296 494/942/275 495/945/278 516/977/297
f 516/980/297 495/946/278 493/949/280 515/981/298
f 493/949/280 497/948/279 472/903/252 470/902/251
f 422/982/299 421/983/299 469/909/256 473/908/255
f 515/981/298 493/949/280 470/902/251 490/940/272
f 421/983/299 428/984/299 491/939/274 469/909/256
f 423/985/299 422/982/299 473/908/255 476/915/259
f 497/955/279 500/954/283 475/911/257 472/910/252
f 424/986/299 423/985/299 476/915/259 479/919/262
f 500/954/283 503/959/286 478/916/260 475/911/257
f 425/987/299 424/986/299 479/919/262 482/925/265
f 503/965/286 506/964/289 481/921/263 478/920/260
f 426/988/299 425/987/299 482/925/265 485/929/268
f 506/964/289 509/969/292 484/926/266 481/921/263
f 427/989/299 426/988/299 485/929/268 488/935/271
f 509/975/292 512/974/295 487/931/269 484/930/266
f 428/984/299 427/989/299 488/935/271 491/939/274
f 512/974/295 515/979/298 490/936/272 487/931/269
f 446/990/300 496/943/276 494/942/275 445/991/300
f 445/991/300 494/942/275 514/976/296 452/992/300
f 447/993/300 499/950/281 496/943/276 446/990/300
f 448/994/300 502/956/284 499/950/281 447/993/300
f 449/995/300 505/960/287 502/956/284 448/994/300
f 450/996/300 508/966/290 505/960/287 449/995/300
f 451/997/300 511/970/293 508/966/290 450/996/300
f 452/992/300 514/976/296 511/970/293 451/997/300
f 526/998/211 527/999/212 528/1000/213 525/1001/214
f 527/999/212 529/1002/215 530/1003/216 528/1000/213
f 529/1002/215 531/1004/217 532/1005/218 530/1003/216
f 531/1004/217 533/1006/301 534/1007/220 532/1005/218
f 533/1006/301 535/1008/302 536/1009/222 534/1007/220
f 535/1008/302 537/1010/223 538/1011/224 536/1009/222
f 537/1010/223 539/1012/225 540/1013/226 538/1011/224
f 539/1012/225 526/998/211 525/1001/214 540/1013/226
f 517/1014/58 518/1015/227 527/1016/212 526/1017/211
f 525/1001/214 528/1000/213 530/1003/216 532/1005/218 534/1007/220 536/1009/222 538/1011/224 540/1013/226
f 524/1018/232 517/1014/58 526/1017/211 539/1019/225
f 518/1020/227 519/1021/17 529/1022/215 527/1023/212
f 519/1021/17 520/1024/233 531/1025/217 529/1022/215
f 520/1026/233 521/1027/16 533/1028/301 531/1029/217
f 521/1027/16 522/1030/234 535/1031/302 533/1028/301
f 522/1032/234 523/1033/37 537/1034/223 535/1035/302
f 523/1033/37 524/1036/232 539/1037/225 537/1034/223
f 550/1038/235 549/1039/236 552/1040/237 551/1041/303
f 551/1041/303 552/1040/237 554/1042/239 553/1043/240
f 553/1043/240 554/1042/239 556/1044/241 555/1045/242
f 555/1045/242 556/1044/241 558/1046/243 557/1047/244
f 557/1047/244 558/1046/243 560/1048/245 559/1049/246
f 559/1049/246 560/1048/245 562/1050/247 561/1051/248
f 561/1051/248 562/1050/247 564/1052/249 563/1053/304
f 563/1053/304 564/1052/249 549/1039/236 550/1038/235
f 541/1054/58 550/1055/235 551/1056/303 542/1057/227
f 549/1039/236 564/1052/249 562/1050/247 560/1048/245 558/1046/243 556/1044/241 554/1042/239 552/1040/237
f 548/1058/232 563/1059/304 550/1055/235 541/1054/58
f 542/1060/227 551/1061/303 553/1062/240 543/1063/17
f 543/1063/17 553/1062/240 555/1064/242 544/1065/233
f 544/1066/233 555/1067/242 557/1068/244 545/1069/16
f 545/1069/16 557/1068/244 559/1070/246 546/1071/234
f 546/1072/234 559/1073/246 561/886/248 547/1074/37
f 547/1074/37 561/886/248 563/885/304 548/1075/232
f 566/1076/251 568/1077/252 570/1078/253 567/1079/254
f 567/1080/254 570/1081/253 569/1082/255 565/1083/256
f 568/1084/252 571/1085/257 573/1086/258 570/1087/253
f 570/1081/253 573/1088/258 572/1089/259 569/1082/255
f 571/1085/257 574/1090/260 576/1091/261 573/1086/258
f 573/1088/258 576/1092/261 575/1093/262 572/1089/259
f 574/1094/260 577/1095/263 579/1096/264 576/1097/261
f 576/1092/261 579/1098/264 578/1099/265 575/1093/262
f 577/1095/263 580/920/266 582/1100/267 579/1096/264
f 579/1098/264 582/1101/267 581/1102/268 578/1099/265
f 580/1103/266 583/1104/269 585/1105/270 582/1106/267
f 582/1101/267 585/1107/270 584/1108/271 581/1102/268
f 583/1104/269 586/1109/272 588/1110/273 585/1105/270
f 585/1107/270 588/1111/273 587/1112/274 584/1108/271
f 586/1113/272 566/1076/251 567/1079/254 588/1114/273
f 588/1111/273 567/1080/254 565/1083/256 587/1112/274
f 590/1115/275 592/1116/276 594/1117/277 591/1118/278
f 591/1119/278 594/1120/277 593/981/279 589/1121/305
f 592/1116/276 595/1122/281 597/1123/282 594/1117/277
f 594/1124/277 597/1125/282 596/1126/283 593/1127/279
f 595/1122/281 598/1128/284 600/1129/285 597/1123/282
f 597/1125/282 600/1130/285 599/1131/306 596/1126/283
f 598/1128/284 601/1132/287 603/1133/288 600/1129/285
f 600/1134/285 603/1135/288 602/1136/289 599/1137/306
f 601/1132/287 604/1138/290 606/1139/291 603/1133/288
f 603/1135/288 606/1140/291 605/965/292 602/1136/289
f 604/1138/290 607/1141/293 609/1142/294 606/1139/291
f 606/1143/291 609/1144/294 608/1145/307 605/1146/292
f 607/1141/293 610/1147/296 612/1148/297 609/1142/294
f 609/1144/294 612/1149/297 611/1150/308 608/1145/307
f 610/1147/296 590/1115/275 591/1118/278 612/1148/297
f 612/1151/297 591/1119/278 589/1121/305 611/1152/308
f 589/1121/305 593/981/279 568/1077/252 566/1076/251
f 518/1153/299 517/1154/299 565/1083/256 569/1082/255
f 611/1152/308 589/1121/305 566/1076/251 586/1113/272
f 517/1154/299 524/1155/299 587/1112/274 565/1083/256
f 519/1156/299 518/1153/299 569/1082/255 572/1089/259
f 593/1127/279 596/1126/283 571/1085/257 568/1084/252
f 520/1157/299 519/1156/299 572/1089/259 575/1093/262
f 596/1126/283 599/1131/306 574/1090/260 571/1085/257
f 521/1158/299 520/1157/299 575/1093/262 578/1099/265
f 599/1137/306 602/1136/289 577/1095/263 574/1094/260
f 522/1159/299 521/1158/299 578/1099/265 581/1102/268
f 602/1136/289 605/965/292 580/920/266 577/1095/263
f 523/1160/299 522/1159/299 581/1102/268 584/1108/271
f 605/1146/292 608/1145/307 583/1104/269 580/1103/266
f 524/1155/299 523/1160/299 584/1108/271 587/1112/274
f 608/1145/307 611/1150/308 586/1109/272 583/1104/269
f 542/1161/300 592/1116/276 590/1115/275 541/1162/300
f 541/1162/300 590/1115/275 610/1147/296 548/1163/300
f 543/1164/300 595/1122/281 592/1116/276 542/1161/300
f 544/1165/300 598/1128/284 595/1122/281 543/1164/300
f 545/1166/300 601/1132/287 598/1128/284 544/1165/300
f 546/1167/300 604/1138/290 601/1132/287 545/1166/300
f 547/1168/300 607/1141/293 604/1138/290 546/1167/300
f 548/1163/300 610/1147/296 607/1141/293 547/1168/300
f 618/1169/1 614/1170/2 617/1171/3 619/1172/4
f 619/1172/4 617/1171/3 616/1173/5 620/1174/6
f 620/1174/6 616/1173/5 615/1175/7 621/1176/8
f 621/1177/8 615/1178/7 613/1179/9 622/1180/10
f 615/1178/7 626/1181/11 627/1182/12 613/1179/9
f 616/1173/5 625/1183/13 626/1184/11 615/1175/7
f 617/1171/3 624/1185/14 625/1183/13 616/1173/5
f 614/1170/2 623/1186/15 624/1185/14 617/1171/3
f 613/1179/9 628/1187/16 622/1180/10
f 613/1179/9 627/1182/12 628/1187/16
f 614/1170/2 629/1188/17 631/1189/18 623/1186/15
f 618/1169/1 630/1190/19 629/1188/17 614/1170/2
f 641/1191/20 643/1192/21 632/1193/22 633/1194/23
f 643/1192/21 644/1195/24 635/1196/25 632/1193/22
f 644/1195/24 645/1197/26 637/1198/27 635/1196/25
f 645/1199/26 646/1200/28 639/1201/29 637/1202/27
f 637/1202/27 639/1201/29 640/1203/30 638/1204/31
f 635/1196/25 637/1198/27 638/1205/31 636/1206/32
f 632/1193/22 635/1196/25 636/1206/32 634/1207/33
f 633/1194/23 632/1193/22 634/1207/33 648/1208/34
f 639/1201/29 646/1200/28 650/1209/35
f 639/1201/29 650/1209/35 640/1203/30
f 633/1194/23 648/1208/34 649/1210/36 642/1211/37
f 641/1191/20 633/1194/23 642/1211/37 647/1212/38
f 631/1213/42 649/1214/42 648/1215/42 623/1216/42
f 619/1217/40 643/1218/40 641/1219/41 618/1220/41
f 627/1221/39 640/1222/39 650/1223/42 628/1224/42
f 618/1220/41 641/1219/41 647/1225/41 630/1226/41
f 628/1227/40 650/1228/40 646/1229/40 622/1230/40
f 626/1231/39 638/1232/39 640/1222/39 627/1221/39
f 625/1233/39 636/1234/39 638/1232/39 626/1231/39
f 622/1230/40 646/1229/40 645/1235/40 621/1236/40
f 624/1237/42 634/1238/42 636/1234/39 625/1233/39
f 621/1236/40 645/1235/40 644/1239/40 620/1240/40
f 623/1216/42 648/1215/42 634/1238/42 624/1237/42
f 620/1240/40 644/1239/40 643/1218/40 619/1217/40
f 656/1241/43 657/1242/44 655/1243/45 652/1244/46
f 657/1242/44 658/1245/47 654/1246/48 655/1243/45
f 658/1245/47 659/1247/49 653/1248/50 654/1246/48
f 659/1249/49 660/1250/51 651/1251/52 653/1252/50
f 653/1252/50 651/1251/52 665/1253/53 664/1254/54
f 654/1246/48 653/1248/50 664/1255/54 663/1256/55
f 655/1243/45 654/1246/48 663/1256/55 662/1257/56
f 652/1244/46 655/1243/45 662/1257/56 661/1258/57
f 651/1251/52 660/1250/51 666/1259/58
f 651/1251/52 666/1259/58 665/1253/53
f 652/1244/46 661/1258/57 631/1189/18 629/1188/17
f 656/1241/43 652/1244/46 629/1188/17 630/1190/19
f 676/1260/59 668/1261/60 667/1262/61 677/1263/62
f 677/1263/62 667/1262/61 670/1264/63 678/1265/64
f 678/1265/64 670/1264/63 672/1266/65 679/1267/66
f 679/1268/66 672/1269/65 674/1270/67 680/1271/68
f 672/1269/65 673/1272/69 675/1273/70 674/1270/67
f 670/1264/63 671/1274/71 673/1275/69 672/1266/65
f 667/1262/61 669/1276/72 671/1274/71 670/1264/63
f 668/1261/60 681/1277/73 669/1276/72 667/1262/61
f 674/1270/67 682/1278/74 680/1271/68
f 674/1270/67 675/1273/70 682/1278/74
f 668/1261/60 642/1211/37 649/1210/36 681/1277/73
f 676/1260/59 647/1212/38 642/1211/37 668/1261/60
f 631/1213/42 661/1279/42 681/1280/42 649/1214/42
f 657/1281/40 656/1282/41 676/1283/41 677/1284/40
f 665/1285/42 666/1286/42 682/435/42 675/1287/42
f 656/1282/41 630/1226/41 647/1225/41 676/1283/41
f 666/1288/40 660/1289/40 680/1290/40 682/1291/40
f 664/1292/42 665/1285/42 675/1287/42 673/1293/42
f 663/1294/42 664/1292/42 673/1293/42 671/1295/42
f 660/1289/40 659/1296/40 679/1297/40 680/1290/40
f 662/1298/42 663/1294/42 671/1295/42 669/1299/42
f 659/1296/40 658/1300/40 678/1301/40 679/1297/40
f 661/1279/42 662/1298/42 669/1299/42 681/1280/42
f 658/1300/40 657/1281/40 677/1284/40 678/1301/40
f 630/1302/58 629/1303/58 631/1304/58 649/1305/58 642/1306/58 647/1307/58
f 688/1308/1 684/1309/2 687/1310/3 689/1311/4
f 689/1311/4 687/1310/3 686/1312/5 690/1313/6
f 690/1313/6 686/1312/5 685/1314/7 691/1315/8
f 691/1316/8 685/1317/7 683/1318/9 692/1319/10
f 685/1317/7 696/1320/11 697/1321/12 683/1318/9
f 686/1312/5 695/1322/13 696/1323/11 685/1314/7
f 687/1310/3 694/1324/14 695/1322/13 686/1312/5
f 684/1309/2 693/1325/15 694/1324/14 687/1310/3
f 683/1318/9 698/1326/16 692/1319/10
f 683/1318/9 697/1321/12 698/1326/16
f 684/1309/2 699/1327/17 701/436/18 693/1325/15
f 688/1308/1 700/1328/19 699/1327/17 684/1309/2
f 711/1329/20 713/1330/21 702/1331/22 703/1332/23
f 713/1330/21 714/1333/24 705/1334/25 702/1331/22
f 714/1333/24 715/1335/26 707/1336/27 705/1334/25
f 715/1337/26 716/1338/28 709/1339/29 707/1340/27
f 707/1340/27 709/1339/29 710/1341/30 708/1342/31
f 705/1334/25 707/1336/27 708/1343/31 706/1344/32
f 702/1331/22 705/1334/25 706/1344/32 704/1345/33
f 703/1332/23 702/1331/22 704/1345/33 718/1346/34
f 709/1339/29 716/1338/28 720/1347/35
f 709/1339/29 720/1347/35 710/1341/30
f 703/1332/23 718/1346/34 719/1348/36 712/1349/37
f 711/1329/20 703/1332/23 712/1349/37 717/1350/38
f 701/1351/39 719/1352/39 718/1353/39 693/1354/39
f 689/1355/41 713/1356/41 711/1357/41 688/1358/41
f 697/1359/42 710/1360/42 720/1361/42 698/1362/42
f 688/1358/41 711/1357/41 717/1363/41 700/1364/41
f 698/1365/40 720/1366/40 716/1367/41 692/1368/41
f 696/1369/42 708/1370/42 710/1360/42 697/1359/42
f 695/1371/42 706/1372/42 708/1370/42 696/1369/42
f 692/1368/41 716/1367/41 715/1373/41 691/1374/41
f 694/1375/39 704/1376/39 706/1372/42 695/1371/42
f 691/1374/41 715/1373/41 714/1377/41 690/1378/41
f 693/1354/39 718/1353/39 704/1376/39 694/1375/39
f 690/1378/41 714/1377/41 713/1356/41 689/1355/41
f 726/1379/43 727/1380/44 725/1381/45 722/1382/46
f 727/1380/44 728/1383/47 724/1384/48 725/1381/45
f 728/1383/47 729/1385/49 723/1386/50 724/1384/48
f 729/497/49 730/1387/51 721/1388/52 723/1389/50
f 723/1389/50 721/1388/52 735/1390/53 734/361/54
f 724/1384/48 723/1386/50 734/1391/54 733/1392/55
f 725/1381/45 724/1384/48 733/1392/55 732/1393/56
f 722/1382/46 725/1381/45 732/1393/56 731/506/57
f 721/1388/52 730/1387/51 736/367/58
f 721/1388/52 736/367/58 735/1390/53
f 722/1382/46 731/506/57 701/436/18 699/1327/17
f 726/1379/43 722/1382/46 699/1327/17 700/1328/19
f 746/1394/59 738/1395/60 737/1396/61 747/1397/62
f 747/1397/62 737/1396/61 740/1398/63 748/1399/64
f 748/1399/64 740/1398/63 742/1400/65 749/1401/66
f 749/1402/66 742/1403/65 744/1404/67 750/1405/68
f 742/1403/65 743/1406/69 745/1407/70 744/1404/67
f 740/1398/63 741/1408/71 743/1409/69 742/1400/65
f 737/1396/61 739/1410/72 741/1408/71 740/1398/63
f 738/1395/60 751/1411/73 739/1410/72 737/1396/61
f 744/1404/67 752/1412/74 750/1405/68
f 744/1404/67 745/1407/70 752/1412/74
f 738/1395/60 712/1349/37 719/1348/36 751/1411/73
f 746/1394/59 717/1350/38 712/1349/37 738/1395/60
f 701/1351/39 731/1413/39 751/1414/39 719/1352/39
f 727/1415/41 726/1416/41 746/1417/41 747/1418/41
f 735/1419/39 736/1420/39 752/1421/39 745/1422/39
f 726/1416/41 700/1364/41 717/1363/41 746/1417/41
f 736/1423/41 730/1424/41 750/1425/41 752/1426/41
f 734/1427/42 735/1419/39 745/1422/39 743/1428/42
f 733/1429/42 734/1427/42 743/1428/42 741/1430/42
f 730/1424/41 729/1431/40 749/1432/40 750/1425/41
f 732/1433/39 733/1429/42 741/1430/42 739/1434/39
f 729/1431/40 728/1435/40 748/1436/40 749/1432/40
f 731/1413/39 732/1433/39 739/1434/39 751/1414/39
f 728/1435/40 727/1415/41 747/1418/41 748/1436/40
f 700/1437/58 699/1438/58 701/1439/58 719/1440/58 712/1441/58 717/1442/58
f 758/18/1 754/1443/2 757/1444/3 759/1445/4
f 759/1445/4 757/1444/3 756/1446/5 760/1447/6
f 760/1447/6 756/1446/5 755/1448/7 761/1449/8
f 761/1450/8 755/1451/7 753/1452/9 762/1453/10
f 755/1451/7 766/293/11 767/1454/12 753/1452/9
f 756/1446/5 765/1455/13 766/1456/11 755/1448/7
f 757/1444/3 764/1457/14 765/1455/13 756/1446/5
f 754/1443/2 763/1458/15 764/1457/14 757/1444/3
f 753/1452/9 768/1459/16 762/1453/10
f 753/1452/9 767/1454/12 768/1459/16
f 754/1443/2 769/1460/17 771/1461/18 763/1458/15
f 758/18/1 770/21/19 769/1460/17 754/1443/2
f 781/1462/20 783/1463/21 772/1464/22 773/1465/23
f 783/1463/21 784/1466/24 775/1467/25 772/1464/22
f 784/1466/24 785/1468/26 777/1469/27 775/1467/25
f 785/1470/26 786/1471/28 779/1472/29 777/1473/27
f 777/1473/27 779/1472/29 780/1474/30 778/1475/31
f 775/1467/25 777/1469/27 778/1476/31 776/1477/32
f 772/1464/22 775/1467/25 776/1477/32 774/1478/33
f 773/1465/23 772/1464/22 774/1478/33 788/1479/34
f 779/1472/29 786/1471/28 790/1480/35
f 779/1472/29 790/1480/35 780/1474/30
f 773/1465/23 788/1479/34 789/1481/36 782/1482/37
f 781/1462/20 773/1465/23 782/1482/37 787/1483/38
f 771/1484/42 789/1485/42 788/1486/42 763/1487/42
f 759/1488/40 783/1489/40 781/1490/40 758/1491/40
f 767/1492/42 780/1493/42 790/1494/42 768/1495/42
f 758/1491/40 781/1490/40 787/1496/40 770/1497/40
f 768/1498/41 790/1499/41 786/1500/40 762/1501/40
f 766/1502/42 778/1503/42 780/1493/42 767/1492/42
f 765/1504/42 776/1505/42 778/1503/42 766/1502/42
f 762/1501/40 786/1500/40 785/1506/40 761/1507/40
f 764/1508/42 774/1509/42 776/1505/42 765/1504/42
f 761/1507/40 785/1506/40 784/1510/40 760/1511/40
f 763/1487/42 788/1486/42 774/1509/42 764/1508/42
f 760/1511/40 784/1510/40 783/1489/40 759/1488/40
f 796/90/43 797/1512/44 795/1513/45 792/1514/46
f 797/1512/44 798/1515/47 794/1516/48 795/1513/45
f 798/1515/47 799/1517/49 793/1518/50 794/1516/48
f 799/1519/49 800/1520/51 791/1521/52 793/1522/50
f 793/1522/50 791/1521/52 805/1523/53 804/1524/54
f 794/1516/48 793/1518/50 804/1525/54 803/1526/55
f 795/1513/45 794/1516/48 803/1526/55 802/1527/56
f 792/1514/46 795/1513/45 802/1527/56 801/1528/57
f 791/1521/52 800/1520/51 806/1529/58
f 791/1521/52 806/1529/58 805/1523/53
f 792/1514/46 801/1528/57 771/1461/18 769/1460/17
f 796/90/43 792/1514/46 769/1460/17 770/21/19
f 816/1530/59 808/1531/60 807/1532/61 817/1533/62
f 817/1533/62 807/1532/61 810/1534/63 818/1535/64
f 818/1535/64 810/1534/63 812/1536/65 819/1537/66
f 819/1538/66 812/1539/65 814/1540/67 820/1541/68
f 812/1539/65 813/1542/69 815/1543/70 814/1540/67
f 810/1534/63 811/1544/71 813/1545/69 812/1536/65
f 807/1532/61 809/1546/72 811/1544/71 810/1534/63
f 808/1531/60 821/1547/73 809/1546/72 807/1532/61
f 814/1540/67 822/1548/74 820/1541/68
f 814/1540/67 815/1543/70 822/1548/74
f 808/1531/60 782/1482/37 789/1481/36 821/1547/73
f 816/1530/59 787/1483/38 782/1482/37 808/1531/60
f 771/1484/42 801/1549/42 821/1550/42 789/1485/42
f 797/1551/40 796/1552/40 816/1553/40 817/1554/40
f 805/1555/42 806/1556/42 822/1037/42 815/1557/42
f 796/1552/40 770/1497/40 787/1496/40 816/1553/40
f 806/1558/40 800/1559/40 820/1560/40 822/1561/40
f 804/1562/42 805/1555/42 815/1557/42 813/1563/42
f 803/1564/42 804/1562/42 813/1563/42 811/1565/42
f 800/1559/40 799/1566/40 819/1567/40 820/1560/40
f 802/1568/42 803/1564/42 811/1565/42 809/1569/42
f 799/1566/40 798/1570/40 818/1571/40 819/1567/40
f 801/1549/42 802/1568/42 809/1569/42 821/1550/42
f 798/1570/40 797/1551/40 817/1554/40 818/1571/40
f 770/1572/58 769/1573/58 771/1574/58 789/1575/58 782/1576/58 787/815/58
f 823/1577/141 829/1578/142 853/1579/143 848/1580/144 843/1581/145 838/1582/146 833/1583/147
f 824/1584/148 828/1585/149 830/1586/150 827/1587/151
f 827/1587/151 830/1586/150 831/1588/152 826/1589/153
f 826/1589/153 831/1588/152 832/1590/154 825/1591/155
f 825/1592/155 832/1593/154 829/1578/142 823/1577/141
f 834/1594/156 824/1595/148 827/1596/151 837/1597/157
f 837/1597/157 827/1596/151 826/1598/153 836/1599/158
f 836/1599/158 826/1598/153 825/1600/155 835/1601/159
f 835/1602/159 825/1592/155 823/1577/141 833/1583/147
f 839/1603/160 834/1594/156 837/1597/157 842/1604/161
f 842/1604/161 837/1597/157 836/1599/158 841/1605/162
f 841/1605/162 836/1599/158 835/1601/159 840/1606/163
f 840/1607/163 835/1602/159 833/1583/147 838/1582/146
f 844/1608/164 839/1603/160 842/1604/161 847/1609/165
f 847/1609/165 842/1604/161 841/1605/162 846/1610/166
f 846/1610/166 841/1605/162 840/1606/163 845/1611/167
f 845/1612/167 840/1607/163 838/1582/146 843/1581/145
f 849/1613/168 844/1614/164 847/1615/165 852/1616/169
f 852/1616/169 847/1615/165 846/1617/166 851/1618/170
f 851/1618/170 846/1617/166 845/1619/167 850/1620/171
f 850/1621/171 845/1612/167 843/1581/145 848/1580/144
f 854/1622/172 849/1613/168 852/1616/169 857/1623/173
f 857/1623/173 852/1616/169 851/1618/170 856/1624/174
f 856/1624/174 851/1618/170 850/1620/171 855/1625/175
f 855/1626/175 850/1621/171 848/1580/144 853/1579/143
f 889/1627/176 884/1628/177 849/1613/168 854/1622/172
f 884/1629/177 879/1630/178 844/1608/164 849/1631/168
f 879/1630/178 874/1632/179 839/1603/160 844/1608/164
f 874/1632/179 869/1633/180 834/1594/156 839/1603/160
f 869/1633/180 859/1634/181 824/1595/148 834/1594/156
f 859/1635/181 863/1636/182 828/1585/149 824/1584/148
f 858/1637/183 868/1638/184 873/1639/185 878/1640/186 883/1641/187 888/1642/188 864/1643/189
f 859/1635/181 862/1644/190 865/1645/191 863/1636/182
f 862/1644/190 861/1646/192 866/1647/193 865/1645/191
f 861/1646/192 860/1648/194 867/1649/195 866/1647/193
f 860/1650/194 858/1637/183 864/1643/189 867/1651/195
f 869/1652/180 872/1653/196 862/1644/190 859/1635/181
f 872/1653/196 871/1654/197 861/1646/192 862/1644/190
f 871/1654/197 870/1655/198 860/1648/194 861/1646/192
f 870/1656/198 868/1638/184 858/1637/183 860/1650/194
f 874/1632/179 877/1657/199 872/1658/196 869/1633/180
f 877/1657/199 876/1659/200 871/1660/197 872/1658/196
f 876/1659/200 875/1661/201 870/1662/198 871/1660/197
f 875/1663/201 873/1639/185 868/1638/184 870/1656/198
f 879/1630/178 882/1664/202 877/1657/199 874/1632/179
f 882/1664/202 881/1665/203 876/1659/200 877/1657/199
f 881/1665/203 880/1666/204 875/1661/201 876/1659/200
f 880/1667/204 878/1640/186 873/1639/185 875/1663/201
f 884/1629/177 887/1668/205 882/1664/202 879/1630/178
f 887/1668/205 886/1669/206 881/1665/203 882/1664/202
f 886/1669/206 885/1670/207 880/1666/204 881/1665/203
f 885/1671/207 883/1641/187 878/1640/186 880/1667/204
f 889/1627/176 892/1672/208 887/1673/205 884/1628/177
f 892/1672/208 891/1674/209 886/1675/206 887/1673/205
f 891/1674/209 890/1676/210 885/1677/207 886/1675/206
f 890/1678/210 888/1642/188 883/1641/187 885/1671/207
f 888/1679/37 890/1680/37 891/1681/37 892/1682/37 889/1683/37 854/1684/37 857/1685/37 856/1686/37 855/1687/37 853/1688/37 829/1689/37 832/1690/37 831/1691/37 830/1692/37 828/1693/37 863/1694/37 865/1695/37 866/1696/37 867/1697/37 864/1698/37
f 893/1699/141 899/1700/142 923/1701/143 918/1702/144 913/1703/145 908/1704/146 903/1705/147
f 894/1706/148 898/1707/149 900/1708/150 897/1709/151
f 897/1709/151 900/1708/150 901/1710/152 896/1711/153
f 896/1711/153 901/1710/152 902/1712/154 895/1713/155
f 895/1714/155 902/1715/154 899/1700/142 893/1699/141
f 904/1716/156 894/1717/148 897/1718/151 907/1719/157
f 907/1719/157 897/1718/151 896/1720/153 906/1721/158
f 906/1721/158 896/1720/153 895/1722/155 905/1723/159
f 905/1724/159 895/1714/155 893/1699/141 903/1705/147
f 909/1725/160 904/1716/156 907/1719/157 912/1726/161
f 912/1726/161 907/1719/157 906/1721/158 911/1727/162
f 911/1727/162 906/1721/158 905/1723/159 910/1728/163
f 910/1729/163 905/1724/159 903/1705/147 908/1704/146
f 914/1730/164 909/1725/160 912/1726/161 917/1731/165
f 917/1731/165 912/1726/161 911/1727/162 916/1732/166
f 916/1732/166 911/1727/162 910/1728/163 915/1733/167
f 915/1734/167 910/1729/163 908/1704/146 913/1703/145
f 919/1735/168 914/1736/164 917/1737/165 922/1738/169
f 922/1738/169 917/1737/165 916/1739/166 921/1740/170
f 921/1740/170 916/1739/166 915/1741/167 920/1742/171
f 920/1743/171 915/1734/167 913/1703/145 918/1702/144
f 924/1744/172 919/1735/168 922/1738/169 927/1745/173
f 927/1745/173 922/1738/169 921/1740/170 926/1746/174
f 926/1746/174 921/1740/170 920/1742/171 925/1747/175
f 925/1748/175 920/1743/171 918/1702/144 923/1701/143
f 959/1749/176 954/1750/177 919/1735/168 924/1744/172
f 954/1751/177 949/1752/178 914/1730/164 919/1753/168
f 949/1752/178 944/1754/179 909/1725/160 914/1730/164
f 944/1754/179 939/1755/180 904/1716/156 909/1725/160
f 939/1755/180 929/1756/181 894/1717/148 904/1716/156
f 929/1757/181 933/1758/182 898/1707/149 894/1706/148
f 928/1759/183 938/1760/184 943/1761/185 948/1762/186 953/1763/187 958/1764/188 934/1765/189
f 929/1757/181 932/1766/190 935/1767/191 933/1758/182
f 932/1766/190 931/1768/192 936/1769/193 935/1767/191
f 931/1768/192 930/1770/194 937/1771/195 936/1769/193
f 930/1772/194 928/1759/183 934/1765/189 937/1773/195
f 939/1774/180 942/1775/196 932/1766/190 929/1757/181
f 942/1775/196 941/1776/197 931/1768/192 932/1766/190
f 941/1776/197 940/1777/198 930/1770/194 931/1768/192
f 940/1778/198 938/1760/184 928/1759/183 930/1772/194
f 944/1754/179 947/1779/199 942/1780/196 939/1755/180
f 947/1779/199 946/1781/200 941/1782/197 942/1780/196
f 946/1781/200 945/1783/201 940/1784/198 941/1782/197
f 945/1785/201 943/1761/185 938/1760/184 940/1778/198
f 949/1752/178 952/1786/202 947/1779/199 944/1754/179
f 952/1786/202 951/1787/203 946/1781/200 947/1779/199
f 951/1787/203 950/1788/204 945/1783/201 946/1781/200
f 950/1789/204 948/1762/186 943/1761/185 945/1785/201
f 954/1751/177 957/1790/205 952/1786/202 949/1752/178
f 957/1790/205 956/1791/206 951/1787/203 952/1786/202
f 956/1791/206 955/1792/207 950/1788/204 951/1787/203
f 955/1793/207 953/1763/187 948/1762/186 950/1789/204
f 959/1749/176 962/1794/208 957/1795/205 954/1750/177
f 962/1794/208 961/1796/209 956/1797/206 957/1795/205
f 961/1796/209 960/1798/210 955/1799/207 956/1797/206
f 960/1800/210 958/1764/188 953/1763/187 955/1793/207
f 958/1801/37 960/1802/37 961/1803/37 962/1804/37 959/1805/37 924/1806/37 927/1807/37 926/1808/37 925/1809/37 923/1810/37 899/1811/37 902/1812/37 901/1813/37 900/1814/37 898/1815/37 933/1816/37 935/1817/37 936/1818/37 937/1819/37 934/1820/37
f 963/1821/141 969/1822/142 993/1823/143 988/1824/144 983/1825/145 978/1826/146 973/1827/147
f 964/1828/148 968/1829/149 970/1830/150 967/1831/151
f 967/1831/151 970/1830/150 971/1832/152 966/1833/153
f 966/1833/153 971/1832/152 972/1834/154 965/1835/155
f 965/1836/155 972/1837/154 969/1822/142 963/1821/141
f 974/1838/156 964/1839/148 967/1840/151 977/1841/157
f 977/1841/157 967/1840/151 966/1842/153 976/1843/158
f 976/1843/158 966/1842/153 965/1844/155 975/1845/159
f 975/1846/159 965/1836/155 963/1821/141 973/1827/147
f 979/1847/160 974/1838/156 977/1841/157 982/1848/161
f 982/1848/161 977/1841/157 976/1843/158 981/1849/162
f 981/1849/162 976/1843/158 975/1845/159 980/1850/163
f 980/1851/163 975/1846/159 973/1827/147 978/1826/146
f 984/1852/164 979/1847/160 982/1848/161 987/1853/165
f 987/1853/165 982/1848/161 981/1849/162 986/1854/166
f 986/1854/166 981/1849/162 980/1850/163 985/1855/167
f 985/1856/167 980/1851/163 978/1826/146 983/1825/145
f 989/1857/168 984/1858/164 987/1859/165 992/1860/169
f 992/1860/169 987/1859/165 986/1861/166 991/1862/170
f 991/1862/170 986/1861/166 985/1863/167 990/1864/171
f 990/1865/171 985/1856/167 983/1825/145 988/1824/144
f 994/1866/172 989/1857/168 992/1860/169 997/1867/173
f 997/1867/173 992/1860/169 991/1862/170 996/1868/174
f 996/1868/174 991/1862/170 990/1864/171 995/1869/175
f 995/1870/175 990/1865/171 988/1824/144 993/1823/143
f 1029/1871/176 1024/1872/177 989/1857/168 994/1866/172
f 1024/1873/177 1019/1874/178 984/1852/164 989/1875/168
f 1019/1874/178 1014/1876/179 979/1847/160 984/1852/164
f 1014/1876/179 1009/1877/180 974/1838/156 979/1847/160
f 1009/1877/180 999/1878/181 964/1839/148 974/1838/156
f 999/1879/181 1003/1880/182 968/1829/149 964/1828/148
f 998/1881/183 1008/1882/184 1013/1883/185 1018/1884/186 1023/1885/187 1028/1886/188 1004/1887/189
f 999/1879/181 1002/1888/190 1005/1889/191 1003/1880/182
f 1002/1888/190 1001/1890/192 1006/1891/193 1005/1889/191
f 1001/1890/192 1000/1892/194 1007/1893/195 1006/1891/193
f 1000/1894/194 998/1881/183 1004/1887/189 1007/1895/195
f 1009/1896/180 1012/1897/196 1002/1888/190 999/1879/181
f 1012/1897/196 1011/1898/197 1001/1890/192 1002/1888/190
f 1011/1898/197 1010/1899/198 1000/1892/194 1001/1890/192
f 1010/1900/198 1008/1882/184 998/1881/183 1000/1894/194
f 1014/1876/179 1017/1901/199 1012/1902/196 1009/1877/180
f 1017/1901/199 1016/1903/200 1011/1904/197 1012/1902/196
f 1016/1903/200 1015/1905/201 1010/1906/198 1011/1904/197
f 1015/1907/201 1013/1883/185 1008/1882/184 1010/1900/198
f 1019/1874/178 1022/1908/202 1017/1901/199 1014/1876/179
f 1022/1908/202 1021/1909/203 1016/1903/200 1017/1901/199
f 1021/1909/203 1020/1910/204 1015/1905/201 1016/1903/200
f 1020/1911/204 1018/1884/186 1013/1883/185 1015/1907/201
f 1024/1873/177 1027/1912/205 1022/1908/202 1019/1874/178
f 1027/1912/205 1026/1913/206 1021/1909/203 1022/1908/202
f 1026/1913/206 1025/1914/207 1020/1910/204 1021/1909/203
f 1025/1915/207 1023/1885/187 1018/1884/186 1020/1911/204
f 1029/1871/176 1032/1916/208 1027/1917/205 1024/1872/177
f 1032/1916/208 1031/1918/209 1026/1919/206 1027/1917/205
f 1031/1918/209 1030/1920/210 1025/1921/207 1026/1919/206
f 1030/1922/210 1028/1886/188 1023/1885/187 1025/1915/207
f 1028/1923/37 1030/1924/37 1031/1925/37 1032/1926/37 1029/1927/37 994/1928/37 997/1929/37 996/1930/37 995/1931/37 993/1932/37 969/1933/37 972/1934/37 971/1935/37 970/1936/37 968/1937/37 1003/1938/37 1005/1939/37 1006/1940/37 1007/1941/37 1004/1942/37
f 1033/1943/309 1043/1944/310 1048/1945/311 1053/1946/312 1058/1947/313 1063/1823/314 1039/1822/315
f 1034/1948/316 1037/1949/317 1040/1950/318 1038/1951/319
f 1037/1949/317 1036/1952/320 1041/1953/321 1040/1950/318
f 1036/1952/320 1035/1954/322 1042/1955/323 1041/1953/321
f 1035/1956/322 1033/1943/309 1039/1822/315 1042/1957/323
f 1044/1958/324 1047/1959/325 1037/1960/317 1034/1961/316
f 1047/1959/325 1046/1962/326 1036/1963/320 1037/1960/317
f 1046/1962/326 1045/1964/327 1035/1965/322 1036/1963/320
f 1045/1966/327 1043/1944/310 1033/1943/309 1035/1956/322
f 1049/1967/328 1052/1968/329 1047/1959/325 1044/1958/324
f 1052/1968/329 1051/1969/330 1046/1962/326 1047/1959/325
f 1051/1969/330 1050/1970/331 1045/1964/327 1046/1962/326
f 1050/1971/331 1048/1945/311 1043/1944/310 1045/1966/327
f 1054/1972/332 1057/1973/333 1052/1968/329 1049/1967/328
f 1057/1973/333 1056/1974/334 1051/1969/330 1052/1968/329
f 1056/1974/334 1055/1975/335 1050/1970/331 1051/1969/330
f 1055/1976/335 1053/1946/312 1048/1945/311 1050/1971/331
f 1059/1977/336 1062/1978/337 1057/1979/333 1054/1980/332
f 1062/1978/337 1061/1981/338 1056/1982/334 1057/1979/333
f 1061/1981/338 1060/1983/339 1055/1984/335 1056/1982/334
f 1060/1985/339 1058/1947/313 1053/1946/312 1055/1976/335
f 1064/1986/340 1067/1987/341 1062/1978/337 1059/1977/336
f 1067/1987/341 1066/1988/342 1061/1981/338 1062/1978/337
f 1066/1988/342 1065/1989/343 1060/1983/339 1061/1981/338
f 1065/1990/343 1063/1823/314 1058/1947/313 1060/1985/339
f 1099/1991/344 1064/1986/340 1059/1977/336 1094/1992/345
f 1094/1993/345 1059/1994/336 1054/1972/332 1089/1995/346
f 1089/1995/346 1054/1972/332 1049/1967/328 1084/1996/347
f 1084/1996/347 1049/1967/328 1044/1958/324 1079/1997/348
f 1079/1997/348 1044/1958/324 1034/1961/316 1069/1998/349
f 1069/1999/349 1034/1948/316 1038/1951/319 1073/2000/350
f 1068/2001/351 1074/2002/352 1098/2003/353 1093/2004/354 1088/2005/355 1083/2006/356 1078/2007/357
f 1069/1999/349 1073/2000/350 1075/2008/358 1072/2009/359
f 1072/2009/359 1075/2008/358 1076/2010/360 1071/2011/361
f 1071/2011/361 1076/2010/360 1077/2012/362 1070/2013/363
f 1070/2014/363 1077/2015/362 1074/2002/352 1068/2001/351
f 1079/2016/348 1069/1999/349 1072/2009/359 1082/2017/364
f 1082/2017/364 1072/2009/359 1071/2011/361 1081/2018/365
f 1081/2018/365 1071/2011/361 1070/2013/363 1080/2019/366
f 1080/2020/366 1070/2014/363 1068/2001/351 1078/2007/357
f 1084/1996/347 1079/1997/348 1082/2021/364 1087/2022/367
f 1087/2022/367 1082/2021/364 1081/2023/365 1086/2024/368
f 1086/2024/368 1081/2023/365 1080/2025/366 1085/2026/369
f 1085/2027/369 1080/2020/366 1078/2007/357 1083/2006/356
f 1089/1995/346 1084/1996/347 1087/2022/367 1092/2028/370
f 1092/2028/370 1087/2022/367 1086/2024/368 1091/2029/371
f 1091/2029/371 1086/2024/368 1085/2026/369 1090/2030/372
f 1090/2031/372 1085/2027/369 1083/2006/356 1088/2005/355
f 1094/1993/345 1089/1995/346 1092/2028/370 1097/2032/373
f 1097/2032/373 1092/2028/370 1091/2029/371 1096/2033/374
f 1096/2033/374 1091/2029/371 1090/2030/372 1095/2034/375
f 1095/2035/375 1090/2031/372 1088/2005/355 1093/2004/354
f 1099/1991/344 1094/1992/345 1097/2036/373 1102/2037/376
f 1102/2037/376 1097/2036/373 1096/2038/374 1101/2039/377
f 1101/2039/377 1096/2038/374 1095/2040/375 1100/2041/378
f 1100/2042/378 1095/2035/375 1093/2004/354 1098/2003/353
f 1098/2043/17 1074/2044/17 1077/2045/17 1076/2046/17 1075/2047/17 1073/2048/17 1038/2049/17 1040/2050/17 1041/2051/17 1042/2052/17 1039/2053/17 1063/2054/17 1065/2055/17 1066/2056/17 1067/2057/17 1064/2058/17 1099/2059/17 1102/2060/17 1101/2061/17 1100/2062/17
f 1103/2063/309 1113/2064/310 1118/2065/311 1123/2066/312 1128/2067/313 1133/2068/314 1109/2069/315
f 1104/2070/316 1107/2071/317 1110/2072/318 1108/2073/319
f 1107/2071/317 1106/2074/320 1111/2075/321 1110/2072/318
f 1106/2074/320 1105/2076/322 1112/2077/323 1111/2075/321
f 1105/2078/322 1103/2063/309 1109/2069/315 1112/2079/323
f 1114/2080/324 1117/2081/325 1107/2082/317 1104/2083/316
f 1117/2081/325 1116/2084/326 1106/2085/320 1107/2082/317
f 1116/2084/326 1115/2086/327 1105/2087/322 1106/2085/320
f 1115/2088/327 1113/2064/310 1103/2063/309 1105/2078/322
f 1119/2089/328 1122/2090/329 1117/2081/325 1114/2080/324
f 1122/2090/329 1121/2091/330 1116/2084/326 1117/2081/325
f 1121/2091/330 1120/2092/331 1115/2086/327 1116/2084/326
f 1120/1851/331 1118/2065/311 1113/2064/310 1115/2088/327
f 1124/2093/332 1127/2094/333 1122/2090/329 1119/2089/328
f 1127/2094/333 1126/2095/334 1121/2091/330 1122/2090/329
f 1126/2095/334 1125/2096/335 1120/2092/331 1121/2091/330
f 1125/2097/335 1123/2066/312 1118/2065/311 1120/1851/331
f 1129/2098/336 1132/2099/337 1127/2100/333 1124/2101/332
f 1132/2099/337 1131/2102/338 1126/2103/334 1127/2100/333
f 1131/2102/338 1130/2104/339 1125/2105/335 1126/2103/334
f 1130/2106/339 1128/2067/313 1123/2066/312 1125/2097/335
f 1134/2107/340 1137/2108/341 1132/2099/337 1129/2098/336
f 1137/2108/341 1136/2109/342 1131/2102/338 1132/2099/337
f 1136/2109/342 1135/2110/343 1130/2104/339 1131/2102/338
f 1135/2111/343 1133/2068/314 1128/2067/313 1130/2106/339
f 1169/2112/344 1134/2107/340 1129/2098/336 1164/2113/345
f 1164/1751/345 1129/1753/336 1124/2093/332 1159/2114/346
f 1159/2114/346 1124/2093/332 1119/2089/328 1154/2115/347
f 1154/2115/347 1119/2089/328 1114/2080/324 1149/2116/348
f 1149/2116/348 1114/2080/324 1104/2083/316 1139/2117/349
f 1139/2118/349 1104/2070/316 1108/2073/319 1143/2119/350
f 1138/2120/351 1144/2121/352 1168/2122/353 1163/2123/354 1158/2124/355 1153/2125/356 1148/2126/357
f 1139/2118/349 1143/2119/350 1145/2127/358 1142/2128/359
f 1142/2128/359 1145/2127/358 1146/2129/360 1141/2130/361
f 1141/2130/361 1146/2129/360 1147/2131/362 1140/2132/363
f 1140/2133/363 1147/1066/362 1144/2121/352 1138/2120/351
f 1149/2134/348 1139/2118/349 1142/2128/359 1152/2135/364
f 1152/2135/364 1142/2128/359 1141/2130/361 1151/2136/365
f 1151/2136/365 1141/2130/361 1140/2132/363 1150/2137/366
f 1150/2138/366 1140/2133/363 1138/2120/351 1148/2126/357
f 1154/2115/347 1149/2116/348 1152/2139/364 1157/2140/367
f 1157/2140/367 1152/2139/364 1151/2141/365 1156/2142/368
f 1156/2142/368 1151/2141/365 1150/2143/366 1155/2144/369
f 1155/2145/369 1150/2138/366 1148/2126/357 1153/2125/356
f 1159/2114/346 1154/2115/347 1157/2140/367 1162/2146/370
f 1162/2146/370 1157/2140/367 1156/2142/368 1161/2147/371
f 1161/2147/371 1156/2142/368 1155/2144/369 1160/2148/372
f 1160/2149/372 1155/2145/369 1153/2125/356 1158/2124/355
f 1164/1751/345 1159/2114/346 1162/2146/370 1167/2150/373
f 1167/2150/373 1162/2146/370 1161/2147/371 1166/2151/374
f 1166/2151/374 1161/2147/371 1160/2148/372 1165/2152/375
f 1165/2153/375 1160/2149/372 1158/2124/355 1163/2123/354
f 1169/2112/344 1164/2113/345 1167/2154/373 1172/2155/376
f 1172/2155/376 1167/2154/373 1166/2156/374 1171/2157/377
f 1171/2157/377 1166/2156/374 1165/2158/375 1170/2159/378
f 1170/2160/378 1165/2153/375 1163/2123/354 1168/2122/353
f 1168/2161/17 1144/2162/17 1147/2163/17 1146/2164/17 1145/2165/17 1143/2166/17 1108/2167/17 1110/2168/17 1111/2169/17 1112/2170/17 1109/2171/17 1133/2172/17 1135/2173/17 1136/2174/17 1137/2175/17 1134/2176/17 1169/2177/17 1172/2178/17 1171/2179/17 1170/2180/17
f 1173/2181/309 1183/2182/310 1188/2183/311 1193/2184/312 1198/2185/313 1203/1701/314 1179/2186/315
f 1174/2187/316 1177/2188/317 1180/2189/318 1178/2190/319
f 1177/2188/317 1176/2191/320 1181/2192/321 1180/2189/318
f 1176/2191/320 1175/2193/322 1182/2194/323 1181/2192/321
f 1175/2195/322 1173/2181/309 1179/2186/315 1182/2196/323
f 1184/2197/324 1187/2198/325 1177/2199/317 1174/1717/316
f 1187/2198/325 1186/2200/326 1176/2201/320 1177/2199/317
f 1186/2200/326 1185/2202/327 1175/2203/322 1176/2201/320
f 1185/2204/327 1183/2182/310 1173/2181/309 1175/2195/322
f 1189/2205/328 1192/2206/329 1187/2198/325 1184/2197/324
f 1192/2206/329 1191/2207/330 1186/2200/326 1187/2198/325
f 1191/2207/330 1190/2208/331 1185/2202/327 1186/2200/326
f 1190/1607/331 1188/2183/311 1183/2182/310 1185/2204/327
f 1194/2209/332 1197/2210/333 1192/2206/329 1189/2205/328
f 1197/2210/333 1196/2211/334 1191/2207/330 1192/2206/329
f 1196/2211/334 1195/2212/335 1190/2208/331 1191/2207/330
f 1195/2213/335 1193/2184/312 1188/2183/311 1190/1607/331
f 1199/2214/336 1202/2215/337 1197/2216/333 1194/2217/332
f 1202/2215/337 1201/2218/338 1196/2219/334 1197/2216/333
f 1201/2218/338 1200/2220/339 1195/2221/335 1196/2219/334
f 1200/2222/339 1198/2185/313 1193/2184/312 1195/2213/335
f 1204/2223/340 1207/2224/341 1202/2215/337 1199/2214/336
f 1207/2224/341 1206/2225/342 1201/2218/338 1202/2215/337
f 1206/2225/342 1205/2226/343 1200/2220/339 1201/2218/338
f 1205/2227/343 1203/1701/314 1198/2185/313 1200/2222/339
f 1239/2228/344 1204/2223/340 1199/2214/336 1234/2229/345
f 1234/2230/345 1199/2231/336 1194/2209/332 1229/2232/346
f 1229/2232/346 1194/2209/332 1189/2205/328 1224/2233/347
f 1224/2233/347 1189/2205/328 1184/2197/324 1219/2234/348
f 1219/2234/348 1184/2197/324 1174/1717/316 1209/1756/349
f 1209/2235/349 1174/2187/316 1178/2190/319 1213/2236/350
f 1208/2237/351 1214/2238/352 1238/2239/353 1233/2240/354 1228/2241/355 1223/2242/356 1218/2243/357
f 1209/2235/349 1213/2236/350 1215/2244/358 1212/2245/359
f 1212/2245/359 1215/2244/358 1216/2246/360 1211/2247/361
f 1211/2247/361 1216/2246/360 1217/2248/362 1210/2249/363
f 1210/2250/363 1217/631/362 1214/2238/352 1208/2237/351
f 1219/2251/348 1209/2235/349 1212/2245/359 1222/2252/364
f 1222/2252/364 1212/2245/359 1211/2247/361 1221/2253/365
f 1221/2253/365 1211/2247/361 1210/2249/363 1220/2254/366
f 1220/2255/366 1210/2250/363 1208/2237/351 1218/2243/357
f 1224/2233/347 1219/2234/348 1222/2256/364 1227/2257/367
f 1227/2257/367 1222/2256/364 1221/2258/365 1226/2259/368
f 1226/2259/368 1221/2258/365 1220/2260/366 1225/2261/369
f 1225/1785/369 1220/2255/366 1218/2243/357 1223/2242/356
f 1229/2232/346 1224/2233/347 1227/2257/367 1232/2262/370
f 1232/2262/370 1227/2257/367 1226/2259/368 1231/2263/371
f 1231/2263/371 1226/2259/368 1225/2261/369 1230/2264/372
f 1230/2265/372 1225/1785/369 1223/2242/356 1228/2241/355
f 1234/2230/345 1229/2232/346 1232/2262/370 1237/2266/373
f 1237/2266/373 1232/2262/370 1231/2263/371 1236/2267/374
f 1236/2267/374 1231/2263/371 1230/2264/372 1235/2268/375
f 1235/2269/375 1230/2265/372 1228/2241/355 1233/2240/354
f 1239/2228/344 1234/2229/345 1237/2270/373 1242/2271/376
f 1242/2271/376 1237/2270/373 1236/2272/374 1241/2273/377
f 1241/2273/377 1236/2272/374 1235/2274/375 1240/2275/378
f 1240/658/378 1235/2269/375 1233/2240/354 1238/2239/353
f 1238/2276/17 1214/2277/17 1217/2278/17 1216/2279/17 1215/2280/17 1213/2281/17 1178/2282/17 1180/2283/17 1181/2284/17 1182/2285/17 1179/2286/17 1203/2287/17 1205/2288/17 1206/2289/17 1207/2290/17 1204/1806/17 1239/1805/17 1242/2291/17 1241/2292/17 1240/2293/17
f 1243/2294/309 1253/2295/310 1258/2296/311 1263/2297/312 1268/2298/313 1273/2299/314 1249/2300/315
f 1244/2301/316 1247/2302/317 1250/2303/318 1248/2304/319
f 1247/2302/317 1246/2305/320 1251/2306/321 1250/2303/318
f 1246/2305/320 1245/2307/322 1252/2308/323 1251/2306/321
f 1245/2309/322 1243/2294/309 1249/2300/315 1252/2310/323
f 1254/2311/324 1257/2312/325 1247/2313/317 1244/1595/316
f 1257/2312/325 1256/2314/326 1246/2315/320 1247/2313/317
f 1256/2314/326 1255/2316/327 1245/2317/322 1246/2315/320
f 1255/2318/327 1253/2295/310 1243/2294/309 1245/2309/322
f 1259/2319/328 1262/2320/329 1257/2312/325 1254/2311/324
f 1262/2320/329 1261/2321/330 1256/2314/326 1257/2312/325
f 1261/2321/330 1260/2322/331 1255/2316/327 1256/2314/326
f 1260/587/331 1258/2296/311 1253/2295/310 1255/2318/327
f 1264/2323/332 1267/2324/333 1262/2320/329 1259/2319/328
f 1267/2324/333 1266/2325/334 1261/2321/330 1262/2320/329
f 1266/2325/334 1265/2326/335 1260/2322/331 1261/2321/330
f 1265/2327/335 1263/2297/312 1258/2296/311 1260/587/331
f 1269/2328/336 1272/2329/337 1267/2330/333 1264/2331/332
f 1272/2329/337 1271/2332/338 1266/2333/334 1267/2330/333
f 1271/2332/338 1270/2334/339 1265/2335/335 1266/2333/334
f 1270/2336/339 1268/2298/313 1263/2297/312 1265/2327/335
f 1274/2337/340 1277/2338/341 1272/2329/337 1269/2328/336
f 1277/2338/341 1276/2339/342 1271/2332/338 1272/2329/337
f 1276/2339/342 1275/2340/343 1270/2334/339 1271/2332/338
f 1275/2341/343 1273/2299/314 1268/2298/313 1270/2336/339
f 1309/2342/344 1274/2337/340 1269/2328/336 1304/2343/345
f 1304/2344/345 1269/2345/336 1264/2323/332 1299/2346/346
f 1299/2346/346 1264/2323/332 1259/2319/328 1294/2347/347
f 1294/2347/347 1259/2319/328 1254/2311/324 1289/2348/348
f 1289/2348/348 1254/2311/324 1244/1595/316 1279/1634/349
f 1279/2349/349 1244/2301/316 1248/2304/319 1283/2350/350
f 1278/2351/351 1284/2352/352 1308/2353/353 1303/2354/354 1298/2355/355 1293/2356/356 1288/2357/357
f 1279/2349/349 1283/2350/350 1285/2358/358 1282/2359/359
f 1282/2359/359 1285/2358/358 1286/2360/360 1281/2361/361
f 1281/2361/361 1286/2360/360 1287/2362/362 1280/2363/363
f 1280/2364/363 1287/2365/362 1284/2352/352 1278/2351/351
f 1289/2366/348 1279/2349/349 1282/2359/359 1292/2367/364
f 1292/2367/364 1282/2359/359 1281/2361/361 1291/2368/365
f 1291/2368/365 1281/2361/361 1280/2363/363 1290/2369/366
f 1290/2370/366 1280/2364/363 1278/2351/351 1288/2357/357
f 1294/2347/347 1289/2348/348 1292/2371/364 1297/2372/367
f 1297/2372/367 1292/2371/364 1291/2373/365 1296/2374/368
f 1296/2374/368 1291/2373/365 1290/2375/366 1295/2376/369
f 1295/2377/369 1290/2370/366 1288/2357/357 1293/2356/356
f 1299/2346/346 1294/2347/347 1297/2372/367 1302/2378/370
f 1302/2378/370 1297/2372/367 1296/2374/368 1301/2379/371
f 1301/2379/371 1296/2374/368 1295/2376/369 1300/2380/372
f 1300/2381/372 1295/2377/369 1293/2356/356 1298/2355/355
f 1304/2344/345 1299/2346/346 1302/2378/370 1307/2382/373
f 1307/2382/373 1302/2378/370 1301/2379/371 1306/2383/374
f 1306/2383/374 1301/2379/371 1300/2380/372 1305/2384/375
f 1305/2385/375 1300/2381/372 1298/2355/355 1303/2354/354
f 1309/2342/344 1304/2343/345 1307/2386/373 1312/2387/376
f 1312/2387/376 1307/2386/373 1306/2388/374 1311/2389/377
f 1311/2389/377 1306/2388/374 1305/2390/375 1310/2391/378
f 1310/2392/378 1305/2385/375 1303/2354/354 1308/2353/353
f 1308/2393/17 1284/2394/17 1287/2395/17 1286/2396/17 1285/2397/17 1283/2398/17 1248/2399/17 1250/2400/17 1251/2401/17 1252/2402/17 1249/2403/17 1273/2404/17 1275/2405/17 1276/2406/17 1277/2407/17 1274/2408/17 1309/2409/17 1312/2410/17 1311/2411/17 1310/2412/17
f 432/2413/379 429/2414/380 1314/821/214 1313/820/213
f 434/2415/228 432/2413/379 1313/820/213 1315/823/216
f 436/2416/229 434/2415/228 1315/823/216 1316/825/218
f 438/2417/381 436/2416/229 1316/825/218 1317/827/220
f 440/2418/382 438/2417/381 1317/827/220 1318/829/222
f 442/2419/383 440/2418/382 1318/829/222 1319/831/224
f 444/2420/384 442/2419/383 1319/831/224 1320/833/226
f 429/2414/380 444/2420/384 1320/833/226 1314/821/214
f 1325/2421/385 1326/2422/386 1334/2423/387 1333/2424/388
f 429/2425/380 432/2426/379 1321/2427/389 1322/2428/390
f 444/2429/384 429/2425/380 1322/2428/390 1328/2430/391
f 440/2431/382 442/2432/383 1327/2433/392 1326/2434/386
f 436/2435/229 438/2436/381 1325/2421/385 1324/2437/230
f 432/2438/379 434/838/228 1323/841/231 1321/2439/389
f 442/2432/383 444/2440/384 1328/2441/391 1327/2433/392
f 438/2436/381 440/2442/382 1326/2422/386 1325/2421/385
f 1336/2443/393 1330/2444/394 1338/2445/395 1344/2446/396
f 1323/841/231 1324/840/230 1332/2447/397 1331/2448/398
f 1322/2428/390 1321/2427/389 1329/2449/399 1330/2444/394
f 1328/2430/391 1322/2428/390 1330/2444/394 1336/2443/393
f 1326/2434/386 1327/2433/392 1335/2450/400 1334/2451/387
f 1324/2437/230 1325/2421/385 1333/2424/388 1332/2452/397
f 1321/2439/389 1323/841/231 1331/2448/398 1329/2453/399
f 1327/2433/392 1328/2441/391 1336/2454/393 1335/2450/400
f 1341/2455/401 1342/2456/402 1350/2457/403 1349/2458/404
f 1334/2451/387 1335/2450/400 1343/2459/405 1342/2460/402
f 1332/2452/397 1333/2424/388 1341/2455/401 1340/2461/406
f 1329/2453/399 1331/2448/398 1339/2462/407 1337/2463/408
f 1335/2450/400 1336/2454/393 1344/2464/396 1343/2459/405
f 1333/2424/388 1334/2423/387 1342/2456/402 1341/2455/401
f 1331/2448/398 1332/2447/397 1340/2465/406 1339/2462/407
f 1330/2444/394 1329/2449/399 1337/2466/408 1338/2445/395
f 1351/2467/409 1352/2468/410 1360/2469/411 1359/2470/412
f 1339/2462/407 1340/2465/406 1348/2471/413 1347/2472/414
f 1338/2445/395 1337/2466/408 1345/2473/415 1346/2474/416
f 1344/2446/396 1338/2445/395 1346/2474/416 1352/2475/410
f 1342/2460/402 1343/2459/405 1351/2467/409 1350/2476/403
f 1340/2461/406 1341/2455/401 1349/2458/404 1348/2477/413
f 1337/2463/408 1339/2462/407 1347/2472/414 1345/2478/415
f 1343/2459/405 1344/2464/396 1352/2468/410 1351/2467/409
f 1358/2479/417 1359/2470/412 1367/2480/418 1366/2481/419
f 1349/2482/404 1350/2483/403 1358/2484/417 1357/2485/420
f 1347/2472/414 1348/2471/413 1356/2486/421 1355/2487/422
f 1346/2488/416 1345/2489/415 1353/2490/423 1354/2491/424
f 1352/2492/410 1346/2488/416 1354/2491/424 1360/2493/411
f 1350/2476/403 1351/2467/409 1359/2470/412 1358/2479/417
f 1348/2494/413 1349/2482/404 1357/2485/420 1356/2495/421
f 1345/2478/415 1347/2472/414 1355/2487/422 1353/2496/423
f 1362/2497/425 1361/2498/426 1369/2499/427 1370/2500/428
f 1356/2495/421 1357/2485/420 1365/2501/429 1364/2502/430
f 1353/2496/423 1355/2487/422 1363/2503/431 1361/2504/426
f 1359/2470/412 1360/2469/411 1368/2505/432 1367/2480/418
f 1357/2485/420 1358/2484/417 1366/2506/419 1365/2501/429
f 1355/2487/422 1356/2486/421 1364/2507/430 1363/2503/431
f 1354/2491/424 1353/2490/423 1361/2498/426 1362/2497/425
f 1360/2493/411 1354/2491/424 1362/2497/425 1368/2508/432
f 1370/2500/428 1369/2499/427 1377/2509/433 1378/2510/434
f 1368/2508/432 1362/2497/425 1370/2500/428 1376/2511/435
f 1366/2481/419 1367/2480/418 1375/2512/436 1374/2513/437
f 1364/2502/430 1365/2501/429 1373/2514/438 1372/2515/439
f 1361/2504/426 1363/2503/431 1371/2516/440 1369/2517/427
f 1367/2480/418 1368/2505/432 1376/2518/435 1375/2512/436
f 1365/2501/429 1366/2506/419 1374/2519/437 1373/2514/438
f 1363/2503/431 1364/2507/430 1372/2520/439 1371/2516/440
f 1378/2521/434 1377/2522/433 1379/2523/441 1380/2524/442 1381/2525/443 1382/2526/444 1383/2527/445 1384/2528/446
f 1376/2511/435 1370/2500/428 1378/2510/434 1384/2529/446
f 1374/2513/437 1375/2512/436 1383/2530/445 1382/2531/444
f 1372/2515/439 1373/2514/438 1381/2532/443 1380/2533/442
f 1369/2517/427 1371/2516/440 1379/2534/441 1377/2535/433
f 1375/2512/436 1376/2518/435 1384/2536/446 1383/2530/445
f 1373/2514/438 1374/2519/437 1382/2537/444 1381/2532/443
f 1371/2516/440 1372/2520/439 1380/2538/442 1379/2534/441
