# Blender 5.0.0
# www.blender.org
mtllib fire_extinguisher.mtl
o fire_extinguisher
v -0.000045 0.066442 -0.092760
v -0.000045 0.391896 -0.092760
v 0.035456 0.066442 -0.085716
v 0.035456 0.391896 -0.085716
v 0.065559 0.066442 -0.065623
v 0.065559 0.391896 -0.065623
v 0.085681 0.066442 -0.035540
v 0.085681 0.391896 -0.035540
v 0.092760 0.066442 -0.000045
v 0.092760 0.391896 -0.000045
v 0.085716 0.066442 0.035456
v 0.085716 0.391896 0.035456
v 0.065623 0.066442 0.065559
v 0.065623 0.391896 0.065559
v 0.035540 0.066442 0.085681
v 0.035540 0.391896 0.085681
v 0.000045 0.066442 0.092760
v 0.000045 0.391896 0.092760
v -0.035456 0.066442 0.085716
v -0.035456 0.391896 0.085716
v -0.065559 0.066442 0.065623
v -0.065559 0.391896 0.065623
v -0.085681 0.066442 0.035540
v -0.085681 0.391896 0.035540
v -0.092760 0.066442 0.000045
v -0.092760 0.391896 0.000045
v -0.085716 0.066442 -0.035456
v -0.085716 0.391896 -0.035456
v -0.065623 0.066442 -0.065559
v -0.065623 0.391896 -0.065559
v -0.035540 0.066442 -0.085681
v -0.035540 0.391896 -0.085681
v -0.000045 0.053266 -0.092760
v 0.035456 0.053266 -0.085716
v 0.065559 0.053266 -0.065623
v 0.085681 0.053266 -0.035540
v 0.092760 0.053266 -0.000045
v 0.085716 0.053266 0.035456
v 0.065623 0.053266 0.065559
v 0.035540 0.053266 0.085681
v 0.000045 0.053266 0.092760
v -0.035456 0.053266 0.085716
v -0.065559 0.053266 0.065623
v -0.085681 0.053266 0.035540
v -0.092760 0.053266 0.000045
v -0.085716 0.053266 -0.035456
v -0.065623 0.053266 -0.065559
v -0.035540 0.053266 -0.085681
v -0.000045 0.037847 -0.092760
v 0.035456 0.037847 -0.085716
v 0.065559 0.037847 -0.065623
v 0.085681 0.037847 -0.035540
v 0.092760 0.037847 -0.000045
v 0.085716 0.037847 0.035456
v 0.065623 0.037847 0.065559
v 0.035540 0.037847 0.085681
v 0.000045 0.037847 0.092760
v -0.035456 0.037847 0.085716
v -0.065559 0.037847 0.065623
v -0.085681 0.037847 0.035540
v -0.092760 0.037847 0.000045
v -0.085716 0.037847 -0.035456
v -0.065623 0.037847 -0.065559
v -0.035540 0.037847 -0.085681
v -0.000045 0.405560 -0.092760
v -0.000044 0.423039 -0.090108
v -0.000040 0.437858 -0.082555
v -0.000035 0.447759 -0.071252
v 0.035456 0.405560 -0.085716
v 0.027235 0.447759 -0.065842
v 0.031555 0.437858 -0.076286
v 0.034442 0.423039 -0.083265
v 0.065559 0.405560 -0.065623
v 0.050358 0.447759 -0.050407
v 0.058347 0.437858 -0.058404
v 0.063684 0.423039 -0.063747
v 0.085681 0.405560 -0.035540
v 0.065815 0.447759 -0.027299
v 0.076255 0.437858 -0.031630
v 0.083232 0.423039 -0.034523
v 0.092760 0.405560 -0.000045
v 0.071252 0.447759 -0.000035
v 0.082555 0.437858 -0.000040
v 0.090108 0.423039 -0.000044
v 0.085716 0.405560 0.035456
v 0.065842 0.447759 0.027235
v 0.076286 0.437858 0.031555
v 0.083265 0.423039 0.034442
v 0.065623 0.405560 0.065559
v 0.050407 0.447759 0.050358
v 0.058404 0.437858 0.058347
v 0.063747 0.423039 0.063684
v 0.035540 0.405560 0.085681
v 0.027299 0.447759 0.065815
v 0.031630 0.437858 0.076255
v 0.034523 0.423039 0.083232
v 0.000045 0.405560 0.092760
v 0.000035 0.447759 0.071252
v 0.000040 0.437858 0.082555
v 0.000044 0.423039 0.090108
v -0.035456 0.405560 0.085716
v -0.027235 0.447759 0.065842
v -0.031555 0.437858 0.076286
v -0.034442 0.423039 0.083265
v -0.065559 0.405560 0.065623
v -0.050358 0.447759 0.050407
v -0.058347 0.437858 0.058404
v -0.063684 0.423039 0.063747
v -0.085681 0.405560 0.035540
v -0.065815 0.447759 0.027299
v -0.076255 0.437858 0.031630
v -0.083232 0.423039 0.034523
v -0.092760 0.405560 0.000045
v -0.071252 0.447759 0.000035
v -0.082555 0.437858 0.000040
v -0.090108 0.423039 0.000044
v -0.085716 0.405560 -0.035456
v -0.065842 0.447759 -0.027235
v -0.076286 0.437858 -0.031555
v -0.083265 0.423039 -0.034442
v -0.065623 0.405560 -0.065559
v -0.050407 0.447759 -0.050358
v -0.058404 0.437858 -0.058347
v -0.063747 0.423039 -0.063684
v -0.035540 0.405560 -0.085681
v -0.027299 0.447759 -0.065815
v -0.031630 0.437858 -0.076255
v -0.034523 0.423039 -0.083232
v 0.094288 0.059854 0.039001
v 0.102036 0.059854 -0.000050
v -0.072115 0.059854 0.072185
v -0.039001 0.059854 0.094288
v -0.039094 0.059854 -0.094249
v -0.072185 0.059854 -0.072115
v 0.094249 0.059854 -0.039094
v 0.072115 0.059854 -0.072185
v 0.000050 0.059854 0.102036
v 0.039094 0.059854 0.094249
v 0.039001 0.059854 -0.094288
v -0.000050 0.059854 -0.102036
v -0.094288 0.059854 -0.039001
v -0.102036 0.059854 0.000050
v 0.072185 0.059854 0.072115
v -0.094249 0.059854 0.039094
v -0.000050 0.062722 -0.102036
v -0.000049 0.066442 -0.099198
v -0.000050 0.064145 -0.101820
v -0.000050 0.065352 -0.101205
v -0.000049 0.066159 -0.100284
v 0.037917 0.066442 -0.091666
v 0.039001 0.062722 -0.094288
v 0.038332 0.066159 -0.092669
v 0.038683 0.065352 -0.093520
v 0.038919 0.064145 -0.094088
v 0.070109 0.066442 -0.070178
v 0.072115 0.062722 -0.072185
v 0.070877 0.066159 -0.070946
v 0.071527 0.065352 -0.071597
v 0.071962 0.064145 -0.072033
v 0.091629 0.066442 -0.038006
v 0.094249 0.062722 -0.039094
v 0.092632 0.066159 -0.038422
v 0.093482 0.065352 -0.038775
v 0.094050 0.064145 -0.039011
v 0.099198 0.066442 -0.000049
v 0.102036 0.062722 -0.000050
v 0.100284 0.066159 -0.000049
v 0.101205 0.065352 -0.000050
v 0.101820 0.064145 -0.000050
v 0.091666 0.066442 0.037917
v 0.094288 0.062722 0.039001
v 0.092669 0.066159 0.038332
v 0.093520 0.065352 0.038683
v 0.094088 0.064145 0.038919
v 0.070178 0.066442 0.070109
v 0.072185 0.062722 0.072115
v 0.070946 0.066159 0.070877
v 0.071597 0.065352 0.071527
v 0.072033 0.064145 0.071962
v 0.038006 0.066442 0.091629
v 0.039094 0.062722 0.094249
v 0.038422 0.066159 0.092632
v 0.038775 0.065352 0.093482
v 0.039011 0.064145 0.094050
v 0.000049 0.066442 0.099198
v 0.000050 0.062722 0.102036
v 0.000049 0.066159 0.100284
v 0.000050 0.065352 0.101205
v 0.000050 0.064145 0.101820
v -0.037917 0.066442 0.091666
v -0.039001 0.062722 0.094288
v -0.038332 0.066159 0.092669
v -0.038683 0.065352 0.093520
v -0.038919 0.064145 0.094088
v -0.070109 0.066442 0.070178
v -0.072115 0.062722 0.072185
v -0.070877 0.066159 0.070946
v -0.071527 0.065352 0.071597
v -0.071962 0.064145 0.072033
v -0.091629 0.066442 0.038006
v -0.094249 0.062722 0.039094
v -0.092632 0.066159 0.038422
v -0.093482 0.065352 0.038775
v -0.094050 0.064145 0.039011
v -0.099198 0.066442 0.000049
v -0.102036 0.062722 0.000050
v -0.100284 0.066159 0.000049
v -0.101205 0.065352 0.000050
v -0.101820 0.064145 0.000050
v -0.091666 0.066442 -0.037917
v -0.094288 0.062722 -0.039001
v -0.092669 0.066159 -0.038332
v -0.093520 0.065352 -0.038683
v -0.094088 0.064145 -0.038919
v -0.070178 0.066442 -0.070109
v -0.072185 0.062722 -0.072115
v -0.070946 0.066159 -0.070877
v -0.071597 0.065352 -0.071527
v -0.072033 0.064145 -0.071962
v -0.038006 0.066442 -0.091629
v -0.039094 0.062722 -0.094249
v -0.038422 0.066159 -0.092632
v -0.038775 0.065352 -0.093482
v -0.039011 0.064145 -0.094050
v -0.000049 0.053266 -0.099198
v -0.000050 0.056985 -0.102036
v -0.000049 0.053549 -0.100284
v -0.000050 0.054355 -0.101205
v -0.000050 0.055562 -0.101820
v 0.039001 0.056985 -0.094288
v 0.037917 0.053266 -0.091666
v 0.038919 0.055562 -0.094088
v 0.038683 0.054355 -0.093520
v 0.038332 0.053549 -0.092669
v 0.072115 0.056985 -0.072185
v 0.070109 0.053266 -0.070178
v 0.071962 0.055562 -0.072033
v 0.071527 0.054355 -0.071597
v 0.070877 0.053549 -0.070946
v 0.094249 0.056985 -0.039094
v 0.091629 0.053266 -0.038006
v 0.094050 0.055562 -0.039011
v 0.093482 0.054355 -0.038775
v 0.092632 0.053549 -0.038422
v 0.102036 0.056985 -0.000050
v 0.099198 0.053266 -0.000049
v 0.101820 0.055562 -0.000050
v 0.101205 0.054355 -0.000050
v 0.100284 0.053549 -0.000049
v 0.094288 0.056985 0.039001
v 0.091666 0.053266 0.037917
v 0.094088 0.055562 0.038919
v 0.093520 0.054355 0.038683
v 0.092669 0.053549 0.038332
v 0.072185 0.056985 0.072115
v 0.070178 0.053266 0.070109
v 0.072033 0.055562 0.071962
v 0.071597 0.054355 0.071527
v 0.070946 0.053549 0.070877
v 0.039094 0.056985 0.094249
v 0.038006 0.053266 0.091629
v 0.039011 0.055562 0.094050
v 0.038775 0.054355 0.093482
v 0.038422 0.053549 0.092632
v 0.000050 0.056985 0.102036
v 0.000049 0.053266 0.099198
v 0.000050 0.055562 0.101820
v 0.000050 0.054355 0.101205
v 0.000049 0.053549 0.100284
v -0.039001 0.056985 0.094288
v -0.037917 0.053266 0.091666
v -0.038919 0.055562 0.094088
v -0.038683 0.054355 0.093520
v -0.038332 0.053549 0.092669
v -0.072115 0.056985 0.072185
v -0.070109 0.053266 0.070178
v -0.071962 0.055562 0.072033
v -0.071527 0.054355 0.071597
v -0.070877 0.053549 0.070946
v -0.094249 0.056985 0.039094
v -0.091629 0.053266 0.038006
v -0.094050 0.055562 0.039011
v -0.093482 0.054355 0.038775
v -0.092632 0.053549 0.038422
v -0.102036 0.056985 0.000050
v -0.099198 0.053266 0.000049
v -0.101820 0.055562 0.000050
v -0.101205 0.054355 0.000050
v -0.100284 0.053549 0.000049
v -0.094288 0.056985 -0.039001
v -0.091666 0.053266 -0.037917
v -0.094088 0.055562 -0.038919
v -0.093520 0.054355 -0.038683
v -0.092669 0.053549 -0.038332
v -0.072185 0.056985 -0.072115
v -0.070178 0.053266 -0.070109
v -0.072033 0.055562 -0.071962
v -0.071597 0.054355 -0.071527
v -0.070946 0.053549 -0.070877
v -0.039094 0.056985 -0.094249
v -0.038006 0.053266 -0.091629
v -0.039011 0.055562 -0.094050
v -0.038775 0.054355 -0.093482
v -0.038422 0.053549 -0.092632
v -0.000050 0.022956 -0.101307
v -0.000048 0.032955 -0.097570
v -0.000050 0.025618 -0.101023
v -0.000049 0.028453 -0.100213
v -0.000049 0.031029 -0.099000
v 0.037294 0.032955 -0.090162
v 0.038723 0.022956 -0.093615
v 0.037841 0.031029 -0.091483
v 0.038304 0.028453 -0.092603
v 0.038614 0.025618 -0.093352
v 0.068959 0.032955 -0.069026
v 0.071600 0.022956 -0.071670
v 0.069969 0.031029 -0.070038
v 0.070826 0.028453 -0.070896
v 0.071399 0.025618 -0.071469
v 0.090125 0.032955 -0.037383
v 0.093577 0.022956 -0.038814
v 0.091446 0.031029 -0.037931
v 0.092566 0.028453 -0.038395
v 0.093314 0.025618 -0.038705
v 0.097570 0.032955 -0.000048
v 0.101307 0.022956 -0.000050
v 0.099000 0.031029 -0.000049
v 0.100213 0.028453 -0.000049
v 0.101023 0.025618 -0.000050
v 0.090162 0.032955 0.037294
v 0.093615 0.022956 0.038723
v 0.091483 0.031029 0.037841
v 0.092603 0.028453 0.038304
v 0.093352 0.025618 0.038614
v 0.069026 0.032955 0.068959
v 0.071670 0.022956 0.071600
v 0.070038 0.031029 0.069970
v 0.070896 0.028453 0.070826
v 0.071469 0.025618 0.071399
v 0.037383 0.032955 0.090125
v 0.038814 0.022956 0.093577
v 0.037931 0.031029 0.091446
v 0.038395 0.028453 0.092566
v 0.038705 0.025618 0.093314
v 0.000048 0.032955 0.097570
v 0.000050 0.022956 0.101307
v 0.000049 0.031029 0.099000
v 0.000049 0.028453 0.100213
v 0.000050 0.025618 0.101023
v -0.037294 0.032955 0.090162
v -0.038723 0.022956 0.093615
v -0.037841 0.031029 0.091483
v -0.038304 0.028453 0.092603
v -0.038614 0.025618 0.093352
v -0.068959 0.032955 0.069026
v -0.071600 0.022956 0.071670
v -0.069969 0.031029 0.070038
v -0.070826 0.028453 0.070896
v -0.071399 0.025618 0.071469
v -0.090125 0.032955 0.037383
v -0.093577 0.022956 0.038814
v -0.091446 0.031029 0.037931
v -0.092566 0.028453 0.038395
v -0.093314 0.025618 0.038705
v -0.097570 0.032955 0.000048
v -0.101307 0.022956 0.000050
v -0.099000 0.031029 0.000049
v -0.100213 0.028453 0.000049
v -0.101023 0.025618 0.000050
v -0.090162 0.032955 -0.037294
v -0.093615 0.022956 -0.038723
v -0.091483 0.031029 -0.037841
v -0.092603 0.028453 -0.038304
v -0.093352 0.025618 -0.038614
v -0.069026 0.032955 -0.068959
v -0.071670 0.022956 -0.071600
v -0.070038 0.031029 -0.069970
v -0.070896 0.028453 -0.070826
v -0.071469 0.025618 -0.071399
v -0.037383 0.032955 -0.090125
v -0.038814 0.022956 -0.093577
v -0.037931 0.031029 -0.091446
v -0.038395 0.028453 -0.092566
v -0.038705 0.025618 -0.093314
v -0.000047 0.000000 -0.096578
v -0.000050 0.006200 -0.101307
v -0.000048 0.000472 -0.098388
v -0.000049 0.001816 -0.099922
v -0.000049 0.003827 -0.100947
v 0.038723 0.006200 -0.093615
v 0.036915 0.000000 -0.089245
v 0.038585 0.003827 -0.093282
v 0.038193 0.001816 -0.092335
v 0.037607 0.000472 -0.090917
v 0.071600 0.006200 -0.071670
v 0.068258 0.000000 -0.068325
v 0.071345 0.003827 -0.071415
v 0.070621 0.001816 -0.070690
v 0.069537 0.000472 -0.069605
v 0.093577 0.006200 -0.038814
v 0.089209 0.000000 -0.037003
v 0.093244 0.003827 -0.038677
v 0.092297 0.001816 -0.038284
v 0.090880 0.000472 -0.037696
v 0.101307 0.006200 -0.000050
v 0.096578 0.000000 -0.000047
v 0.100947 0.003827 -0.000049
v 0.099922 0.001816 -0.000049
v 0.098388 0.000472 -0.000048
v 0.093615 0.006200 0.038723
v 0.089245 0.000000 0.036915
v 0.093282 0.003827 0.038585
v 0.092335 0.001816 0.038193
v 0.090917 0.000472 0.037607
v 0.071670 0.006200 0.071600
v 0.068325 0.000000 0.068258
v 0.071415 0.003827 0.071345
v 0.070690 0.001816 0.070621
v 0.069605 0.000472 0.069537
v 0.038814 0.006200 0.093577
v 0.037003 0.000000 0.089209
v 0.038677 0.003827 0.093244
v 0.038284 0.001816 0.092297
v 0.037696 0.000472 0.090880
v 0.000050 0.006200 0.101307
v 0.000047 0.000000 0.096578
v 0.000049 0.003827 0.100947
v 0.000049 0.001816 0.099922
v 0.000048 0.000472 0.098388
v -0.038723 0.006200 0.093615
v -0.036915 0.000000 0.089245
v -0.038585 0.003827 0.093282
v -0.038193 0.001816 0.092335
v -0.037607 0.000472 0.090917
v -0.071600 0.006200 0.071670
v -0.068258 0.000000 0.068325
v -0.071345 0.003827 0.071415
v -0.070621 0.001816 0.070690
v -0.069537 0.000472 0.069605
v -0.093577 0.006200 0.038814
v -0.089209 0.000000 0.037003
v -0.093244 0.003827 0.038677
v -0.092297 0.001816 0.038284
v -0.090880 0.000472 0.037696
v -0.101307 0.006200 0.000050
v -0.096578 0.000000 0.000047
v -0.100947 0.003827 0.000049
v -0.099922 0.001816 0.000049
v -0.098388 0.000472 0.000048
v -0.093615 0.006200 -0.038723
v -0.089245 0.000000 -0.036915
v -0.093282 0.003827 -0.038585
v -0.092335 0.001816 -0.038193
v -0.090917 0.000472 -0.037607
v -0.071670 0.006200 -0.071600
v -0.068325 0.000000 -0.068258
v -0.071415 0.003827 -0.071345
v -0.070690 0.001816 -0.070621
v -0.069605 0.000472 -0.069537
v -0.038814 0.006200 -0.093577
v -0.037003 0.000000 -0.089209
v -0.038677 0.003827 -0.093244
v -0.038284 0.001816 -0.092297
v -0.037696 0.000472 -0.090880
v -0.000028 0.451236 -0.057919
v 0.022138 0.451236 -0.053521
v 0.040935 0.451236 -0.040975
v 0.053499 0.451236 -0.022191
v 0.057919 0.451236 -0.000028
v 0.053521 0.451236 0.022138
v 0.040975 0.451236 0.040935
v 0.022191 0.451236 0.053499
v 0.000028 0.451236 0.057919
v -0.022138 0.451236 0.053521
v -0.040935 0.451236 0.040975
v -0.053499 0.451236 0.022191
v -0.057919 0.451236 0.000028
v -0.053521 0.451236 -0.022138
v -0.040975 0.451236 -0.040935
v -0.022191 0.451236 -0.053499
v -0.000008 0.433233 -0.015359
v 0.005871 0.433233 -0.014193
v 0.010855 0.433233 -0.010866
v 0.014187 0.433233 -0.005885
v 0.015359 0.433233 -0.000008
v 0.014193 0.433233 0.005871
v 0.010866 0.433233 0.010855
v 0.005885 0.433233 0.014187
v 0.000008 0.433233 0.015359
v -0.005871 0.433233 0.014193
v -0.010855 0.433233 0.010866
v -0.014187 0.433233 0.005885
v -0.015359 0.433233 0.000008
v -0.014193 0.433233 -0.005871
v -0.010866 0.433233 -0.010855
v -0.005885 0.433233 -0.014187
v -0.000013 0.451236 -0.027053
v -0.000012 0.448304 -0.024817
v -0.000013 0.451012 -0.026198
v -0.000012 0.450377 -0.025472
v -0.000012 0.449426 -0.024987
v 0.009486 0.448304 -0.022933
v 0.010341 0.451236 -0.024999
v 0.009551 0.449426 -0.023090
v 0.009736 0.450377 -0.023538
v 0.010014 0.451012 -0.024208
v 0.017540 0.448304 -0.017557
v 0.019120 0.451236 -0.019139
v 0.017660 0.449426 -0.017677
v 0.018003 0.450377 -0.018020
v 0.018515 0.451012 -0.018534
v 0.022923 0.448304 -0.009508
v 0.024989 0.451236 -0.010365
v 0.023081 0.449426 -0.009574
v 0.023528 0.450377 -0.009759
v 0.024199 0.451012 -0.010037
v 0.024817 0.448304 -0.000012
v 0.027053 0.451236 -0.000013
v 0.024987 0.449426 -0.000012
v 0.025472 0.450377 -0.000012
v 0.026198 0.451012 -0.000013
v 0.022933 0.448304 0.009486
v 0.024999 0.451236 0.010341
v 0.023090 0.449426 0.009551
v 0.023538 0.450377 0.009736
v 0.024208 0.451012 0.010014
v 0.017557 0.448304 0.017540
v 0.019139 0.451236 0.019120
v 0.017677 0.449426 0.017660
v 0.018020 0.450377 0.018003
v 0.018534 0.451012 0.018515
v 0.009508 0.448304 0.022923
v 0.010365 0.451236 0.024989
v 0.009574 0.449426 0.023081
v 0.009759 0.450377 0.023528
v 0.010037 0.451012 0.024199
v 0.000012 0.448304 0.024817
v 0.000013 0.451236 0.027053
v 0.000012 0.449426 0.024987
v 0.000012 0.450377 0.025472
v 0.000013 0.451012 0.026198
v -0.009486 0.448304 0.022933
v -0.010341 0.451236 0.024999
v -0.009551 0.449426 0.023090
v -0.009736 0.450377 0.023538
v -0.010014 0.451012 0.024208
v -0.017540 0.448304 0.017557
v -0.019120 0.451236 0.019139
v -0.017660 0.449426 0.017677
v -0.018003 0.450377 0.018020
v -0.018515 0.451012 0.018534
v -0.022923 0.448304 0.009508
v -0.024989 0.451236 0.010365
v -0.023081 0.449426 0.009574
v -0.023528 0.450377 0.009759
v -0.024199 0.451012 0.010037
v -0.024817 0.448304 0.000012
v -0.027053 0.451236 0.000013
v -0.024987 0.449426 0.000012
v -0.025472 0.450377 0.000012
v -0.026198 0.451012 0.000013
v -0.022933 0.448304 -0.009486
v -0.024999 0.451236 -0.010341
v -0.023090 0.449426 -0.009551
v -0.023538 0.450377 -0.009736
v -0.024208 0.451012 -0.010014
v -0.017557 0.448304 -0.017540
v -0.019139 0.451236 -0.019120
v -0.017677 0.449426 -0.017660
v -0.018020 0.450377 -0.018003
v -0.018534 0.451012 -0.018515
v -0.009508 0.448304 -0.022923
v -0.010365 0.451236 -0.024989
v -0.009574 0.449426 -0.023081
v -0.009759 0.450377 -0.023528
v -0.010037 0.451012 -0.024199
v -0.000010 0.433233 -0.020905
v 0.007990 0.433233 -0.019317
v 0.014775 0.433233 -0.014789
v 0.019310 0.433233 -0.008009
v 0.020905 0.433233 -0.000010
v 0.019317 0.433233 0.007990
v 0.014789 0.433233 0.014775
v 0.008009 0.433233 0.019310
v 0.000010 0.433233 0.020905
v -0.007990 0.433233 0.019317
v -0.014775 0.433233 0.014789
v -0.019310 0.433233 0.008009
v -0.020905 0.433233 0.000010
v -0.019317 0.433233 -0.007990
v -0.014789 0.433233 -0.014775
v -0.008009 0.433233 -0.019310
v -0.000006 0.474289 -0.011394
v 0.004355 0.474289 -0.010528
v 0.008053 0.474289 -0.008060
v 0.010524 0.474289 -0.004365
v 0.011394 0.474289 -0.000006
v 0.010528 0.474289 0.004355
v 0.008060 0.474289 0.008053
v 0.004365 0.474289 0.010524
v 0.000006 0.474289 0.011394
v -0.004355 0.474289 0.010528
v -0.008053 0.474289 0.008060
v -0.010524 0.474289 0.004365
v -0.011394 0.474289 0.000006
v -0.010529 0.474289 -0.004355
v -0.008061 0.474289 -0.008053
v -0.004365 0.474289 -0.010524
v -0.000006 0.477696 -0.011394
v 0.004355 0.477696 -0.010528
v 0.008053 0.477696 -0.008060
v 0.010524 0.477696 -0.004365
v 0.011394 0.477696 -0.000006
v 0.010528 0.477696 0.004355
v 0.008060 0.477696 0.008053
v 0.004365 0.477696 0.010524
v 0.000006 0.477696 0.011394
v -0.004355 0.477696 0.010528
v -0.008053 0.477696 0.008060
v -0.010524 0.477696 0.004365
v -0.011394 0.477696 0.000006
v -0.010529 0.477696 -0.004355
v -0.008060 0.477696 -0.008053
v -0.004365 0.477696 -0.010524
v -0.000007 0.517111 -0.014964
v 0.005720 0.517111 -0.013827
v 0.010576 0.517111 -0.010586
v 0.013822 0.517111 -0.005733
v 0.014964 0.517111 -0.000007
v 0.013827 0.517111 0.005720
v 0.010586 0.517111 0.010576
v 0.005733 0.517111 0.013822
v 0.000007 0.517111 0.014964
v -0.005720 0.517111 0.013827
v -0.010576 0.517111 0.010586
v -0.013822 0.517111 0.005733
v -0.014964 0.517111 0.000007
v -0.013827 0.517111 -0.005720
v -0.010586 0.517111 -0.010576
v -0.005733 0.517111 -0.013822
v -0.000007 0.477696 -0.014018
v -0.000007 0.478936 -0.014964
v -0.000007 0.477790 -0.014380
v -0.000007 0.478059 -0.014687
v -0.000007 0.478461 -0.014892
v 0.005720 0.478936 -0.013827
v 0.005358 0.477696 -0.012953
v 0.005692 0.478461 -0.013761
v 0.005614 0.478059 -0.013571
v 0.005496 0.477790 -0.013288
v 0.010576 0.478936 -0.010586
v 0.009907 0.477696 -0.009917
v 0.010525 0.478461 -0.010535
v 0.010380 0.478059 -0.010390
v 0.010163 0.477790 -0.010173
v 0.013822 0.478936 -0.005733
v 0.012948 0.477696 -0.005371
v 0.013755 0.478461 -0.005706
v 0.013566 0.478059 -0.005627
v 0.013282 0.477790 -0.005509
v 0.014964 0.478936 -0.000007
v 0.014018 0.477696 -0.000007
v 0.014892 0.478461 -0.000007
v 0.014687 0.478059 -0.000007
v 0.014380 0.477790 -0.000007
v 0.013827 0.478936 0.005720
v 0.012953 0.477696 0.005358
v 0.013761 0.478461 0.005692
v 0.013571 0.478059 0.005614
v 0.013288 0.477790 0.005496
v 0.010586 0.478936 0.010576
v 0.009917 0.477696 0.009907
v 0.010535 0.478461 0.010525
v 0.010390 0.478059 0.010380
v 0.010173 0.477790 0.010163
v 0.005733 0.478936 0.013822
v 0.005371 0.477696 0.012948
v 0.005706 0.478461 0.013755
v 0.005627 0.478059 0.013566
v 0.005509 0.477790 0.013283
v 0.000007 0.478936 0.014964
v 0.000007 0.477696 0.014018
v 0.000007 0.478461 0.014892
v 0.000007 0.478059 0.014687
v 0.000007 0.477790 0.014380
v -0.005720 0.478936 0.013827
v -0.005358 0.477696 0.012953
v -0.005692 0.478461 0.013761
v -0.005614 0.478059 0.013571
v -0.005496 0.477790 0.013288
v -0.010576 0.478936 0.010586
v -0.009907 0.477696 0.009917
v -0.010525 0.478461 0.010535
v -0.010380 0.478059 0.010390
v -0.010163 0.477790 0.010173
v -0.013822 0.478936 0.005733
v -0.012948 0.477696 0.005371
v -0.013755 0.478461 0.005706
v -0.013566 0.478059 0.005627
v -0.013283 0.477790 0.005509
v -0.014964 0.478936 0.000007
v -0.014018 0.477696 0.000007
v -0.014892 0.478461 0.000007
v -0.014687 0.478059 0.000007
v -0.014380 0.477790 0.000007
v -0.013827 0.478936 -0.005720
v -0.012953 0.477696 -0.005358
v -0.013761 0.478461 -0.005692
v -0.013571 0.478059 -0.005614
v -0.013288 0.477790 -0.005496
v -0.010586 0.478936 -0.010576
v -0.009917 0.477696 -0.009907
v -0.010535 0.478461 -0.010525
v -0.010390 0.478059 -0.010380
v -0.010173 0.477790 -0.010163
v -0.005733 0.478936 -0.013822
v -0.005371 0.477696 -0.012948
v -0.005706 0.478461 -0.013755
v -0.005627 0.478059 -0.013566
v -0.005509 0.477790 -0.013283
v -0.000008 0.473049 -0.015359
v -0.000007 0.474289 -0.014414
v -0.000008 0.473523 -0.015288
v -0.000007 0.473926 -0.015082
v -0.000007 0.474194 -0.014776
v 0.005509 0.474289 -0.013319
v 0.005871 0.473049 -0.014193
v 0.005648 0.474194 -0.013654
v 0.005765 0.473926 -0.013937
v 0.005843 0.473523 -0.014127
v 0.010187 0.474289 -0.010197
v 0.010855 0.473049 -0.010866
v 0.010443 0.474194 -0.010453
v 0.010660 0.473926 -0.010670
v 0.010805 0.473523 -0.010815
v 0.013314 0.474289 -0.005522
v 0.014187 0.473049 -0.005885
v 0.013648 0.474194 -0.005661
v 0.013932 0.473926 -0.005779
v 0.014121 0.473523 -0.005857
v 0.014414 0.474289 -0.000007
v 0.015359 0.473049 -0.000008
v 0.014776 0.474194 -0.000007
v 0.015082 0.473926 -0.000007
v 0.015287 0.473523 -0.000007
v 0.013319 0.474289 0.005509
v 0.014193 0.473049 0.005871
v 0.013654 0.474194 0.005648
v 0.013937 0.473926 0.005765
v 0.014127 0.473523 0.005843
v 0.010197 0.474289 0.010187
v 0.010866 0.473049 0.010855
v 0.010453 0.474194 0.010443
v 0.010670 0.473926 0.010660
v 0.010815 0.473523 0.010805
v 0.005522 0.474289 0.013314
v 0.005885 0.473049 0.014187
v 0.005661 0.474194 0.013648
v 0.005779 0.473926 0.013932
v 0.005857 0.473523 0.014121
v 0.000007 0.474289 0.014414
v 0.000007 0.473049 0.015359
v 0.000007 0.474194 0.014776
v 0.000007 0.473926 0.015082
v 0.000007 0.473523 0.015288
v -0.005509 0.474289 0.013319
v -0.005871 0.473049 0.014193
v -0.005648 0.474194 0.013654
v -0.005765 0.473926 0.013937
v -0.005843 0.473523 0.014127
v -0.010187 0.474289 0.010197
v -0.010856 0.473049 0.010866
v -0.010443 0.474194 0.010453
v -0.010660 0.473926 0.010670
v -0.010805 0.473523 0.010815
v -0.013314 0.474289 0.005522
v -0.014187 0.473049 0.005885
v -0.013648 0.474194 0.005661
v -0.013932 0.473926 0.005779
v -0.014121 0.473523 0.005857
v -0.014414 0.474289 0.000007
v -0.015360 0.473049 0.000008
v -0.014776 0.474194 0.000007
v -0.015083 0.473926 0.000007
v -0.015288 0.473523 0.000007
v -0.013319 0.474289 -0.005509
v -0.014193 0.473049 -0.005871
v -0.013654 0.474194 -0.005648
v -0.013937 0.473926 -0.005765
v -0.014127 0.473523 -0.005843
v -0.010197 0.474289 -0.010187
v -0.010866 0.473049 -0.010855
v -0.010453 0.474194 -0.010443
v -0.010670 0.473926 -0.010660
v -0.010815 0.473523 -0.010805
v -0.005522 0.474289 -0.013314
v -0.005885 0.473049 -0.014187
v -0.005661 0.474194 -0.013648
v -0.005779 0.473926 -0.013932
v -0.005857 0.473523 -0.014121
v 0.003673 0.475418 0.132209
v 0.000065 0.475926 0.132719
v 0.006731 0.473973 0.130763
v 0.008774 0.471810 0.128599
v 0.009491 0.469259 0.126047
v 0.008772 0.466707 0.123496
v 0.006727 0.464544 0.121334
v 0.003667 0.463099 0.119890
v 0.000059 0.462591 0.119384
v -0.003550 0.463099 0.119894
v -0.006608 0.464544 0.121340
v -0.008651 0.466707 0.123504
v -0.009367 0.469259 0.126056
v -0.008648 0.471810 0.128607
v -0.006603 0.473973 0.130769
v -0.003543 0.475418 0.132213
v 0.000164 0.339248 0.333612
v 0.000164 0.339423 0.335321
v 0.000164 0.339071 0.334022
v 0.000164 0.339042 0.334491
v 0.000164 0.339166 0.334947
v 0.021658 0.336400 0.332287
v 0.021147 0.336297 0.330650
v 0.021487 0.336166 0.331937
v 0.021329 0.336065 0.331503
v 0.021210 0.336111 0.331051
v 0.039876 0.327790 0.323669
v 0.038933 0.327891 0.322236
v 0.039560 0.327625 0.323387
v 0.039270 0.327587 0.323016
v 0.039050 0.327680 0.322612
v 0.052045 0.314905 0.310778
v 0.050814 0.315312 0.309651
v 0.051632 0.314843 0.310599
v 0.051254 0.314898 0.310322
v 0.050966 0.315063 0.309989
v 0.056313 0.299706 0.295577
v 0.054981 0.300473 0.294810
v 0.055867 0.299764 0.295518
v 0.055457 0.299931 0.295352
v 0.055146 0.300180 0.295104
v 0.052030 0.284507 0.280380
v 0.050799 0.285635 0.279974
v 0.051618 0.284686 0.280442
v 0.051239 0.284963 0.280387
v 0.050952 0.285296 0.280223
v 0.039848 0.271622 0.267501
v 0.038906 0.273055 0.267400
v 0.039532 0.271904 0.267666
v 0.039243 0.272275 0.267704
v 0.039023 0.272679 0.267611
v 0.021622 0.263012 0.258900
v 0.021112 0.264650 0.259003
v 0.021451 0.263362 0.259133
v 0.021294 0.263796 0.259235
v 0.021175 0.264248 0.259189
v 0.000125 0.259989 0.255887
v 0.000126 0.261698 0.256062
v 0.000126 0.260363 0.256145
v 0.000126 0.260819 0.256268
v 0.000126 0.261288 0.256239
v -0.021368 0.263012 0.258921
v -0.020858 0.264650 0.259024
v -0.021197 0.263362 0.259154
v -0.021040 0.263796 0.259256
v -0.020921 0.264248 0.259210
v -0.039586 0.271622 0.267540
v -0.038644 0.273055 0.267438
v -0.039270 0.271904 0.267704
v -0.038980 0.272275 0.267743
v -0.038760 0.272679 0.267649
v -0.051755 0.284507 0.280431
v -0.050525 0.285635 0.280023
v -0.051343 0.284686 0.280493
v -0.050964 0.284963 0.280437
v -0.050677 0.285296 0.280272
v -0.056023 0.299706 0.295632
v -0.054692 0.300473 0.294864
v -0.055577 0.299764 0.295573
v -0.055167 0.299931 0.295407
v -0.054856 0.300180 0.295158
v -0.051740 0.314905 0.310829
v -0.050510 0.315312 0.309700
v -0.051328 0.314843 0.310649
v -0.050949 0.314898 0.310372
v -0.050662 0.315063 0.310039
v -0.039558 0.327790 0.323708
v -0.038617 0.327891 0.322274
v -0.039243 0.327625 0.323426
v -0.038953 0.327587 0.323055
v -0.038733 0.327680 0.322650
v -0.021332 0.336400 0.332308
v -0.020823 0.336297 0.330671
v -0.021161 0.336166 0.331958
v -0.021004 0.336065 0.331524
v -0.020886 0.336111 0.331072
v 0.023321 0.340011 0.334352
v 0.022951 0.338605 0.334492
v 0.023312 0.339699 0.334631
v 0.023238 0.339322 0.334756
v 0.023111 0.338938 0.334707
v 0.000166 0.341810 0.337708
v 0.000166 0.343269 0.337621
v 0.000166 0.342165 0.337946
v 0.000166 0.342567 0.338012
v 0.000166 0.342954 0.337898
v 0.042949 0.330736 0.325067
v 0.042264 0.329478 0.325356
v 0.042931 0.330427 0.325350
v 0.042794 0.330080 0.325504
v 0.042560 0.329746 0.325506
v 0.056060 0.316854 0.311179
v 0.055165 0.315819 0.311690
v 0.056036 0.316551 0.311468
v 0.055858 0.316248 0.311666
v 0.055551 0.315991 0.311744
v 0.060658 0.300479 0.294802
v 0.059689 0.299706 0.295575
v 0.060632 0.300183 0.295097
v 0.060439 0.299932 0.295348
v 0.060108 0.299765 0.295516
v 0.056044 0.284104 0.278429
v 0.055149 0.283593 0.279465
v 0.056020 0.283815 0.278732
v 0.055841 0.283617 0.279035
v 0.055536 0.283539 0.279292
v 0.042919 0.270222 0.264553
v 0.042234 0.269934 0.265811
v 0.042901 0.269939 0.264862
v 0.042765 0.269785 0.265210
v 0.042530 0.269783 0.265543
v 0.023283 0.260946 0.255287
v 0.022912 0.260807 0.256694
v 0.023273 0.260668 0.255600
v 0.023199 0.260543 0.255977
v 0.023073 0.260592 0.256361
v 0.000124 0.257689 0.252042
v 0.000124 0.257602 0.253500
v 0.000124 0.257412 0.252356
v 0.000124 0.257298 0.252743
v 0.000124 0.257365 0.253145
v -0.023032 0.260946 0.255310
v -0.022661 0.260807 0.256716
v -0.023022 0.260668 0.255623
v -0.022948 0.260543 0.256000
v -0.022821 0.260592 0.256384
v -0.042660 0.270222 0.264595
v -0.041974 0.269934 0.265853
v -0.042641 0.269939 0.264904
v -0.042505 0.269785 0.265252
v -0.042270 0.269783 0.265585
v -0.055771 0.284104 0.278484
v -0.054875 0.283593 0.279519
v -0.055747 0.283815 0.278787
v -0.055568 0.283617 0.279090
v -0.055262 0.283539 0.279347
v -0.060369 0.300479 0.294861
v -0.059399 0.299706 0.295633
v -0.060343 0.300183 0.295157
v -0.060150 0.299932 0.295407
v -0.059818 0.299765 0.295575
v -0.055755 0.316854 0.311234
v -0.054859 0.315819 0.311744
v -0.055731 0.316551 0.311522
v -0.055552 0.316248 0.311721
v -0.055246 0.315991 0.311798
v -0.042630 0.330736 0.325109
v -0.041945 0.329478 0.325397
v -0.042612 0.330427 0.325392
v -0.042475 0.330080 0.325546
v -0.042241 0.329746 0.325548
v -0.022994 0.340011 0.334375
v -0.022623 0.338605 0.334515
v -0.022984 0.339699 0.334654
v -0.022910 0.339322 0.334778
v -0.022783 0.338938 0.334729
v 0.000070 0.489749 0.142369
v 0.000065 0.480936 0.132010
v 0.000070 0.489942 0.141970
v 0.000069 0.489985 0.141511
v 0.000069 0.489870 0.141062
v 0.004837 0.480265 0.131336
v 0.010029 0.488348 0.140963
v 0.009708 0.488515 0.139701
v 0.009861 0.488608 0.140129
v 0.009973 0.488549 0.140572
v 0.008881 0.478354 0.129423
v 0.018471 0.484359 0.136970
v 0.017877 0.484654 0.135836
v 0.018160 0.484685 0.136203
v 0.018368 0.484582 0.136601
v 0.011583 0.475493 0.126561
v 0.024110 0.478388 0.130996
v 0.023335 0.478875 0.130055
v 0.023703 0.478816 0.130331
v 0.023976 0.478645 0.130661
v 0.012531 0.472118 0.123186
v 0.026088 0.471345 0.123952
v 0.025249 0.472059 0.123238
v 0.025648 0.471892 0.123406
v 0.025942 0.471641 0.123656
v 0.011580 0.468744 0.119812
v 0.024103 0.464302 0.116910
v 0.023328 0.465244 0.116424
v 0.023697 0.464968 0.116483
v 0.023969 0.464638 0.116654
v 0.008875 0.465883 0.116952
v 0.018458 0.458332 0.110942
v 0.017865 0.459465 0.110648
v 0.018147 0.459098 0.110616
v 0.018355 0.458700 0.110719
v 0.004829 0.463971 0.115043
v 0.010013 0.454342 0.106957
v 0.009692 0.455604 0.106791
v 0.009844 0.455176 0.106698
v 0.009957 0.454733 0.106756
v 0.000056 0.463300 0.114374
v 0.000052 0.452941 0.105561
v 0.000052 0.454249 0.105440
v 0.000052 0.453799 0.105325
v 0.000052 0.453340 0.105368
v -0.004716 0.463971 0.115048
v -0.009908 0.454342 0.106967
v -0.009587 0.455604 0.106800
v -0.009739 0.455176 0.106708
v -0.009852 0.454733 0.106766
v -0.008761 0.465883 0.116961
v -0.018350 0.458332 0.110960
v -0.017757 0.459465 0.110665
v -0.018039 0.459098 0.110634
v -0.018247 0.458700 0.110737
v -0.011463 0.468744 0.119823
v -0.023989 0.464302 0.116934
v -0.023214 0.465244 0.116446
v -0.023582 0.464968 0.116506
v -0.023854 0.464638 0.116677
v -0.012410 0.472118 0.123198
v -0.025966 0.471345 0.123978
v -0.025128 0.472059 0.123263
v -0.025527 0.471892 0.123431
v -0.025821 0.471641 0.123682
v -0.011459 0.475493 0.126572
v -0.023982 0.478388 0.131020
v -0.023207 0.478875 0.130078
v -0.023576 0.478816 0.130354
v -0.023848 0.478645 0.130684
v -0.008755 0.478354 0.129432
v -0.018337 0.484359 0.136988
v -0.017744 0.484654 0.135854
v -0.018026 0.484685 0.136221
v -0.018234 0.484582 0.136619
v -0.004708 0.480265 0.131341
v -0.009891 0.488348 0.140973
v -0.009571 0.488515 0.139711
v -0.009723 0.488608 0.140139
v -0.009836 0.488549 0.140582
v 0.000069 0.489616 0.140690
v 0.009538 0.488284 0.139353
v 0.017564 0.484491 0.135556
v 0.022926 0.478814 0.129877
v 0.024806 0.472118 0.123180
v 0.022919 0.465422 0.116485
v 0.017552 0.459745 0.110811
v 0.009522 0.455952 0.107021
v 0.000052 0.454620 0.105694
v -0.009417 0.455952 0.107031
v -0.017444 0.459745 0.110828
v -0.022805 0.465422 0.116507
v -0.024685 0.472118 0.123204
v -0.022798 0.478814 0.129899
v -0.017431 0.484491 0.135573
v -0.009401 0.488284 0.139363
v 0.000058 0.489216 0.118383
v 0.003383 0.488748 0.117913
v 0.006201 0.487416 0.116580
v 0.008084 0.485423 0.114586
v 0.008744 0.483072 0.112234
v 0.008081 0.480720 0.109883
v 0.006197 0.478727 0.107891
v 0.003377 0.477395 0.106560
v 0.000052 0.476928 0.106094
v -0.003273 0.477395 0.106564
v -0.006091 0.478727 0.107897
v -0.007974 0.480720 0.109891
v -0.008634 0.483072 0.112243
v -0.007971 0.485423 0.114594
v -0.006087 0.487416 0.116586
v -0.003267 0.488748 0.117917
v 0.000059 0.491890 0.121057
v 0.004831 0.491218 0.120383
v 0.008876 0.489307 0.118469
v 0.011578 0.486446 0.115607
v 0.012526 0.483072 0.112232
v 0.011575 0.479697 0.108858
v 0.008870 0.476836 0.105999
v 0.004823 0.474925 0.104089
v 0.000051 0.474254 0.103420
v -0.004721 0.474925 0.104094
v -0.008766 0.476836 0.106008
v -0.011468 0.479697 0.108870
v -0.012416 0.483072 0.112245
v -0.011465 0.486446 0.115619
v -0.008760 0.489307 0.118478
v -0.004713 0.491218 0.120388
v 0.000031 0.512629 0.062474
v 0.003356 0.511967 0.062473
v 0.006175 0.510084 0.062471
v 0.008058 0.507265 0.062470
v 0.008720 0.503940 0.062470
v 0.008058 0.500614 0.062470
v 0.006175 0.497796 0.062471
v 0.003356 0.495912 0.062473
v 0.000031 0.495251 0.062474
v -0.003295 0.495912 0.062476
v -0.006113 0.497796 0.062477
v -0.007997 0.500614 0.062478
v -0.008658 0.503940 0.062478
v -0.007997 0.507265 0.062478
v -0.006113 0.510084 0.062477
v -0.003295 0.511967 0.062476
v -0.002873 0.506545 0.087791
v -0.002896 0.510164 0.075187
v -0.005534 0.505281 0.087164
v -0.005564 0.508762 0.074901
v -0.007600 0.503168 0.086189
v -0.007622 0.506452 0.074438
v -0.008647 0.500357 0.084984
v -0.008653 0.503422 0.073841
v -0.008322 0.497249 0.083731
v -0.008313 0.500107 0.073196
v -0.006541 0.494434 0.082641
v -0.006528 0.497125 0.072622
v -0.003577 0.492486 0.081902
v -0.003569 0.495068 0.072230
v 0.000040 0.491793 0.081641
v 0.000035 0.494337 0.072090
v 0.003657 0.492486 0.081899
v 0.003640 0.495068 0.072226
v 0.006622 0.494434 0.082634
v 0.006599 0.497125 0.072616
v 0.008404 0.497249 0.083723
v 0.008385 0.500107 0.073188
v 0.008731 0.500357 0.084976
v 0.008725 0.503422 0.073832
v 0.007685 0.503168 0.086181
v 0.007695 0.506452 0.074431
v 0.005620 0.505281 0.087159
v 0.005638 0.508762 0.074896
v 0.002959 0.506545 0.087788
v 0.002970 0.510164 0.075184
v 0.000043 0.506961 0.088006
v 0.000037 0.510629 0.075282
v 0.000031 0.515719 0.062474
v 0.004538 0.514822 0.062472
v 0.008360 0.512269 0.062470
v 0.010913 0.508447 0.062469
v 0.011810 0.503940 0.062468
v 0.010913 0.499432 0.062469
v 0.008360 0.495610 0.062470
v 0.004538 0.493057 0.062472
v 0.000031 0.492160 0.062474
v -0.004477 0.493057 0.062476
v -0.008299 0.495610 0.062478
v -0.010852 0.499432 0.062480
v -0.011749 0.503940 0.062480
v -0.010852 0.508447 0.062480
v -0.008299 0.512269 0.062478
v -0.004477 0.514822 0.062476
v 0.000025 0.513510 0.051771
v 0.003688 0.512781 0.051769
v 0.006793 0.510707 0.051768
v 0.008867 0.507602 0.051767
v 0.009596 0.503940 0.051766
v 0.008867 0.500277 0.051767
v 0.006793 0.497172 0.051768
v 0.003688 0.495098 0.051769
v 0.000025 0.494369 0.051771
v -0.003637 0.495098 0.051773
v -0.006742 0.497172 0.051774
v -0.008816 0.500277 0.051775
v -0.009545 0.503940 0.051776
v -0.008816 0.507602 0.051775
v -0.006742 0.510707 0.051774
v -0.003637 0.512781 0.051773
v 0.000025 0.515719 0.051771
v 0.004533 0.514822 0.051769
v 0.008355 0.512269 0.051767
v 0.010908 0.508447 0.051766
v 0.011805 0.503940 0.051765
v 0.010908 0.499432 0.051766
v 0.008355 0.495610 0.051767
v 0.004533 0.493057 0.051769
v 0.000025 0.492160 0.051771
v -0.004482 0.493057 0.051773
v -0.008304 0.495610 0.051775
v -0.010857 0.499432 0.051776
v -0.011754 0.503940 0.051777
v -0.010857 0.508447 0.051776
v -0.008304 0.512269 0.051775
v -0.004482 0.514822 0.051773
v 0.000021 0.513510 0.043321
v 0.003684 0.512781 0.043319
v 0.006788 0.510707 0.043318
v 0.008863 0.507602 0.043317
v 0.009592 0.503940 0.043317
v 0.008863 0.500277 0.043317
v 0.006788 0.497172 0.043318
v 0.003684 0.495098 0.043319
v 0.000021 0.494369 0.043321
v -0.003641 0.495098 0.043323
v -0.006746 0.497172 0.043325
v -0.008821 0.500277 0.043326
v -0.009549 0.503940 0.043326
v -0.008821 0.507602 0.043326
v -0.006746 0.510707 0.043325
v -0.003641 0.512781 0.043323
v 0.000021 0.517110 0.043321
v 0.005061 0.516107 0.043319
v 0.009334 0.513252 0.043317
v 0.012189 0.508980 0.043315
v 0.013191 0.503940 0.043315
v 0.012189 0.498900 0.043315
v 0.009334 0.494627 0.043317
v 0.005061 0.491772 0.043319
v 0.000021 0.490770 0.043321
v -0.005019 0.491772 0.043324
v -0.009291 0.494627 0.043326
v -0.012146 0.498900 0.043327
v -0.013149 0.503940 0.043328
v -0.012146 0.508980 0.043327
v -0.009291 0.513252 0.043326
v -0.005019 0.516107 0.043324
v 0.000013 0.513881 0.025764
v 0.003817 0.513124 0.025763
v 0.007042 0.510969 0.025761
v 0.009197 0.507744 0.025760
v 0.009954 0.503940 0.025760
v 0.009197 0.500135 0.025760
v 0.007042 0.496910 0.025761
v 0.003817 0.494756 0.025763
v 0.000013 0.493999 0.025764
v -0.003792 0.494756 0.025766
v -0.007017 0.496910 0.025768
v -0.009172 0.500135 0.025769
v -0.009928 0.503940 0.025769
v -0.009172 0.507744 0.025769
v -0.007017 0.510969 0.025768
v -0.003792 0.513124 0.025766
v 0.000013 0.517110 0.025764
v 0.005053 0.516107 0.025762
v 0.009325 0.513252 0.025760
v 0.012180 0.508980 0.025758
v 0.013183 0.503940 0.025758
v 0.012180 0.498900 0.025758
v 0.009325 0.494627 0.025760
v 0.005053 0.491772 0.025762
v 0.000013 0.490770 0.025764
v -0.005027 0.491772 0.025767
v -0.009300 0.494627 0.025769
v -0.012155 0.498900 0.025770
v -0.013157 0.503940 0.025771
v -0.012155 0.508980 0.025770
v -0.009300 0.513252 0.025769
v -0.005027 0.516107 0.025767
v 0.000005 0.513881 0.010202
v 0.003809 0.513124 0.010200
v 0.007034 0.510969 0.010199
v 0.009189 0.507744 0.010198
v 0.009946 0.503940 0.010197
v 0.009189 0.500135 0.010198
v 0.007034 0.496910 0.010199
v 0.003809 0.494756 0.010200
v 0.000005 0.493999 0.010202
v -0.003799 0.494756 0.010204
v -0.007024 0.496910 0.010206
v -0.009179 0.500135 0.010207
v -0.009936 0.503940 0.010207
v -0.009179 0.507744 0.010207
v -0.007024 0.510969 0.010205
v -0.003799 0.513124 0.010204
v -0.003124 0.497368 0.105781
v -0.002954 0.504303 0.093216
v -0.003090 0.499173 0.103026
v -0.003046 0.501125 0.099671
v -0.002998 0.502926 0.096226
v -0.005645 0.503091 0.092271
v -0.005887 0.496009 0.104750
v -0.005707 0.501676 0.095262
v -0.005775 0.499834 0.098684
v -0.005838 0.497844 0.102016
v -0.007670 0.501113 0.090814
v -0.007839 0.493881 0.103207
v -0.007714 0.499661 0.093786
v -0.007761 0.497777 0.097184
v -0.007805 0.495747 0.100493
v -0.008645 0.498537 0.089031
v -0.008639 0.491239 0.101387
v -0.008644 0.497071 0.091996
v -0.008642 0.495169 0.095385
v -0.008641 0.493121 0.098683
v -0.008267 0.495724 0.087187
v -0.008095 0.488476 0.099567
v -0.008222 0.494276 0.090160
v -0.008174 0.492390 0.093557
v -0.008129 0.490354 0.096860
v -0.006478 0.493186 0.085583
v -0.006246 0.486064 0.098027
v -0.006417 0.491777 0.088574
v -0.006351 0.489928 0.091990
v -0.006291 0.487922 0.095309
v -0.003538 0.491428 0.084494
v -0.003376 0.484427 0.096999
v -0.003495 0.490055 0.087503
v -0.003449 0.488243 0.090935
v -0.003408 0.486267 0.094270
v 0.000041 0.490801 0.084108
v 0.000047 0.483849 0.096638
v 0.000043 0.489443 0.087123
v 0.000044 0.487645 0.090563
v 0.000046 0.485681 0.093904
v 0.003621 0.491428 0.084491
v 0.003471 0.484427 0.096996
v 0.003581 0.490055 0.087499
v 0.003539 0.488243 0.090932
v 0.003500 0.486267 0.094267
v 0.006562 0.493186 0.085577
v 0.006342 0.486064 0.098021
v 0.006504 0.491777 0.088568
v 0.006441 0.489928 0.091983
v 0.006385 0.487922 0.095303
v 0.008353 0.495724 0.087179
v 0.008193 0.488476 0.099559
v 0.008311 0.494276 0.090152
v 0.008266 0.492390 0.093549
v 0.008224 0.490354 0.096852
v 0.008733 0.498537 0.089023
v 0.008739 0.491239 0.101378
v 0.008734 0.497071 0.091987
v 0.008736 0.495169 0.095377
v 0.008737 0.493121 0.098674
v 0.007759 0.501113 0.090806
v 0.007940 0.493881 0.103199
v 0.007806 0.499661 0.093778
v 0.007857 0.497777 0.097177
v 0.007904 0.495747 0.100485
v 0.005735 0.503091 0.092265
v 0.005990 0.496009 0.104745
v 0.005801 0.501676 0.095256
v 0.005872 0.499834 0.098678
v 0.005938 0.497844 0.102010
v 0.003046 0.504303 0.093213
v 0.003228 0.497368 0.105778
v 0.003092 0.502926 0.096223
v 0.003143 0.501125 0.099668
v 0.003191 0.499173 0.103023
v 0.000046 0.504708 0.093541
v 0.000052 0.497833 0.106142
v 0.000047 0.503347 0.096559
v 0.000049 0.501562 0.100014
v 0.000051 0.499626 0.103379
v -0.012682 0.528910 0.019601
v -0.012682 0.540013 0.019601
v -0.012721 0.589407 -0.059161
v 0.012701 0.528910 0.019589
v 0.012701 0.540013 0.019589
v 0.012663 0.589407 -0.059173
v -0.012725 0.594101 -0.068273
v 0.012658 0.594101 -0.068285
v -0.012731 0.597967 -0.080422
v 0.012652 0.597967 -0.080435
v -0.012736 0.599347 -0.089948
v 0.012647 0.599347 -0.089961
v -0.012740 0.599485 -0.098646
v 0.012643 0.599485 -0.098659
v -0.012747 0.599485 -0.112728
v 0.012636 0.599485 -0.112741
v -0.012747 0.593825 -0.112728
v 0.012636 0.593825 -0.112741
v -0.012744 0.592925 -0.107620
v 0.012639 0.592925 -0.107632
v -0.012739 0.591064 -0.095747
v 0.012645 0.591064 -0.095759
v -0.012734 0.589000 -0.086559
v 0.012649 0.589000 -0.086571
v -0.012731 0.586603 -0.080034
v 0.012652 0.586603 -0.080046
v 0.012686 0.523498 -0.011661
v -0.012697 0.523498 -0.011648
v 0.012679 0.555050 -0.025974
v -0.012704 0.555050 -0.025961
v -0.018157 0.522097 0.009758
v 0.018166 0.522097 0.009740
v -0.018156 0.519789 0.010217
v 0.018166 0.519789 0.010199
v -0.018156 0.517833 0.011524
v 0.018167 0.517833 0.011506
v -0.018155 0.516526 0.013480
v 0.018168 0.516526 0.013462
v -0.018154 0.516067 0.015787
v 0.018169 0.516067 0.015769
v -0.018152 0.516526 0.018094
v 0.018170 0.516526 0.018077
v -0.018151 0.517833 0.020050
v 0.018171 0.517833 0.020033
v -0.018151 0.519789 0.021357
v 0.018172 0.519789 0.021340
v -0.018151 0.522097 0.021816
v 0.018172 0.522097 0.021799
v -0.018151 0.524404 0.021357
v 0.018172 0.524404 0.021340
v -0.018151 0.526360 0.020050
v 0.018171 0.526360 0.020033
v -0.018152 0.527667 0.018094
v 0.018170 0.527667 0.018077
v -0.018154 0.528126 0.015787
v 0.018169 0.528126 0.015769
v -0.018155 0.527667 0.013480
v 0.018168 0.527667 0.013462
v -0.018156 0.526360 0.011524
v 0.018167 0.526360 0.011506
v -0.018156 0.524404 0.010217
v 0.018166 0.524404 0.010199
v -0.018158 0.522097 0.007695
v -0.018157 0.519000 0.008311
v 0.018165 0.519000 0.008293
v 0.018165 0.522097 0.007677
v -0.018156 0.516375 0.010065
v 0.018166 0.516375 0.010047
v -0.018155 0.514621 0.012690
v 0.018167 0.514621 0.012673
v -0.018154 0.514005 0.015787
v 0.018169 0.514005 0.015769
v -0.018152 0.514621 0.018884
v 0.018170 0.514621 0.018866
v -0.018151 0.516375 0.021509
v 0.018172 0.516375 0.021491
v -0.018150 0.519000 0.023263
v 0.018173 0.519000 0.023245
v -0.018150 0.522097 0.023879
v 0.018173 0.522097 0.023861
v -0.018150 0.525193 0.023263
v 0.018173 0.525193 0.023245
v -0.018151 0.527818 0.021509
v 0.018172 0.527818 0.021491
v -0.018152 0.529572 0.018884
v 0.018170 0.529572 0.018866
v -0.018154 0.530188 0.015787
v 0.018169 0.530188 0.015769
v -0.018155 0.529572 0.012690
v 0.018167 0.529572 0.012673
v -0.018156 0.527818 0.010065
v 0.018166 0.527818 0.010047
v -0.018157 0.525193 0.008311
v 0.018165 0.525193 0.008293
v -0.017774 0.522097 0.009758
v -0.017774 0.519789 0.010216
v -0.017773 0.517833 0.011523
v -0.017772 0.516526 0.013480
v -0.017771 0.516067 0.015787
v -0.017770 0.516526 0.018094
v -0.017769 0.517833 0.020050
v -0.017768 0.519789 0.021357
v -0.017768 0.522097 0.021816
v -0.017768 0.524404 0.021357
v -0.017769 0.526360 0.020050
v -0.017770 0.527667 0.018094
v -0.017771 0.528126 0.015787
v -0.017772 0.527667 0.013480
v -0.017773 0.526360 0.011523
v -0.017774 0.524404 0.010216
v 0.017784 0.519789 0.010199
v 0.017784 0.522097 0.009740
v 0.017784 0.517833 0.011506
v 0.017785 0.516526 0.013462
v 0.017787 0.516067 0.015769
v 0.017788 0.516526 0.018077
v 0.017789 0.517833 0.020033
v 0.017789 0.519789 0.021340
v 0.017789 0.522097 0.021799
v 0.017789 0.524404 0.021340
v 0.017789 0.526360 0.020033
v 0.017788 0.527667 0.018077
v 0.017787 0.528126 0.015769
v 0.017785 0.527667 0.013462
v 0.017784 0.526360 0.011506
v 0.017784 0.524404 0.010199
v 0.015308 0.517111 0.015771
v 0.015308 0.523487 0.015771
v 0.015230 0.517111 -0.143343
v 0.015230 0.523487 -0.143343
v -0.000070 0.517111 -0.143335
v -0.000070 0.523487 -0.143335
v 0.000008 0.517111 0.015778
v 0.000008 0.523487 0.015778
v 0.012935 0.523487 -0.143342
v 0.013013 0.517111 0.015772
v 0.012935 0.517111 -0.143342
v 0.013013 0.523487 0.015772
v 0.015285 0.517111 -0.029853
v 0.015285 0.523487 -0.029853
v -0.000015 0.523487 -0.029845
v -0.000015 0.517111 -0.029845
v 0.012990 0.523487 -0.029852
v 0.012990 0.517111 -0.029852
v 0.015295 0.523487 -0.009841
v -0.000005 0.523487 -0.009834
v -0.000005 0.517111 -0.009834
v 0.013000 0.523487 -0.009840
v 0.013000 0.517111 -0.009840
v 0.015295 0.517111 -0.009841
v 0.015295 0.538827 -0.009841
v 0.013000 0.538827 -0.009840
v -0.015292 0.517111 0.015786
v -0.015292 0.523487 0.015786
v -0.015370 0.517111 -0.143328
v -0.015370 0.523487 -0.143328
v -0.013075 0.523487 -0.143329
v -0.012997 0.517111 0.015785
v -0.013075 0.517111 -0.143329
v -0.012997 0.523487 0.015785
v -0.015315 0.517111 -0.029838
v -0.015315 0.523487 -0.029838
v -0.013020 0.523487 -0.029839
v -0.013020 0.517111 -0.029839
v -0.015305 0.523487 -0.009826
v -0.013010 0.523487 -0.009827
v -0.013010 0.517111 -0.009827
v -0.015305 0.517111 -0.009826
v -0.015305 0.538827 -0.009826
v -0.013010 0.538827 -0.009827
vn -0.0005 -0.0000 -1.0000
vn 0.3822 -0.0000 -0.9241
vn 0.7068 -0.0000 -0.7075
vn 0.9237 -0.0000 -0.3831
vn 1.0000 -0.0000 -0.0005
vn 0.9241 -0.0000 0.3822
vn 0.7075 -0.0000 0.7068
vn 0.3831 -0.0000 0.9237
vn 0.0005 -0.0000 1.0000
vn -0.3822 -0.0000 0.9241
vn -0.7068 -0.0000 0.7075
vn -0.9237 -0.0000 0.3831
vn -1.0000 -0.0000 0.0005
vn -0.9241 -0.0000 -0.3822
vn -0.7075 -0.0000 -0.7068
vn -0.3831 -0.0000 -0.9237
vn 0.3812 0.0745 -0.9215
vn -0.0005 0.0745 -0.9972
vn -0.0005 0.3004 -0.9538
vn 0.3646 0.3004 -0.8814
vn -0.0004 0.6031 -0.7977
vn 0.3049 0.6031 -0.7371
vn -0.0002 0.8717 -0.4900
vn 0.1873 0.8717 -0.4528
vn -0.0001 0.9898 -0.1428
vn 0.0546 0.9898 -0.1319
vn 0.7048 0.0745 -0.7055
vn 0.6741 0.3004 -0.6748
vn 0.5638 0.6031 -0.5643
vn 0.3463 0.8717 -0.3467
vn 0.1009 0.9898 -0.1010
vn 0.9211 0.0745 -0.3821
vn 0.8810 0.3004 -0.3654
vn 0.7368 0.6031 -0.3056
vn 0.4526 0.8717 -0.1877
vn 0.1319 0.9898 -0.0547
vn 0.9972 0.0745 -0.0005
vn 0.9538 0.3004 -0.0005
vn 0.7977 0.6031 -0.0004
vn 0.4900 0.8717 -0.0002
vn 0.1428 0.9898 -0.0001
vn 0.9215 0.0745 0.3812
vn 0.8814 0.3004 0.3646
vn 0.7371 0.6031 0.3049
vn 0.4528 0.8717 0.1873
vn 0.1319 0.9898 0.0546
vn 0.7055 0.0745 0.7048
vn 0.6748 0.3004 0.6741
vn 0.5643 0.6031 0.5638
vn 0.3467 0.8717 0.3463
vn 0.1010 0.9898 0.1009
vn 0.3821 0.0745 0.9211
vn 0.3654 0.3004 0.8810
vn 0.3056 0.6031 0.7368
vn 0.1877 0.8717 0.4526
vn 0.0547 0.9898 0.1319
vn 0.0005 0.0745 0.9972
vn 0.0005 0.3004 0.9538
vn 0.0004 0.6031 0.7977
vn 0.0002 0.8717 0.4900
vn 0.0001 0.9898 0.1428
vn -0.3812 0.0745 0.9215
vn -0.3646 0.3004 0.8814
vn -0.3049 0.6031 0.7371
vn -0.1873 0.8717 0.4528
vn -0.0546 0.9898 0.1319
vn -0.7048 0.0745 0.7055
vn -0.6741 0.3004 0.6748
vn -0.5638 0.6031 0.5643
vn -0.3463 0.8717 0.3467
vn -0.1009 0.9898 0.1010
vn -0.9211 0.0745 0.3821
vn -0.8810 0.3004 0.3654
vn -0.7368 0.6031 0.3056
vn -0.4526 0.8717 0.1877
vn -0.1319 0.9898 0.0547
vn -0.9972 0.0745 0.0005
vn -0.9538 0.3004 0.0005
vn -0.7977 0.6031 0.0004
vn -0.4900 0.8717 0.0002
vn -0.1428 0.9898 0.0001
vn -0.9215 0.0745 -0.3812
vn -0.8814 0.3004 -0.3646
vn -0.7371 0.6031 -0.3049
vn -0.4528 0.8717 -0.1873
vn -0.1319 0.9898 -0.0546
vn -0.7055 0.0745 -0.7048
vn -0.6748 0.3004 -0.6741
vn -0.5643 0.6031 -0.5638
vn -0.3467 0.8717 -0.3463
vn -0.1010 0.9898 -0.1009
vn -0.3821 0.0745 -0.9211
vn -0.3654 0.3004 -0.8810
vn -0.3056 0.6031 -0.7368
vn -0.1877 0.8717 -0.4526
vn -0.0547 0.9898 -0.1319
vn -0.0005 -0.0745 -0.9972
vn 0.3812 -0.0745 -0.9215
vn 0.3646 -0.3004 -0.8814
vn -0.0005 -0.3004 -0.9538
vn 0.3049 -0.6031 -0.7371
vn -0.0004 -0.6031 -0.7977
vn 0.1873 -0.8717 -0.4528
vn -0.0002 -0.8717 -0.4900
vn 0.0546 -0.9898 -0.1319
vn -0.0001 -0.9898 -0.1428
vn 0.7048 -0.0745 -0.7055
vn 0.6741 -0.3004 -0.6748
vn 0.5638 -0.6031 -0.5643
vn 0.3463 -0.8717 -0.3467
vn 0.1009 -0.9898 -0.1010
vn 0.9211 -0.0745 -0.3821
vn 0.8810 -0.3004 -0.3654
vn 0.7368 -0.6031 -0.3056
vn 0.4526 -0.8717 -0.1877
vn 0.1319 -0.9898 -0.0547
vn 0.9972 -0.0745 -0.0005
vn 0.9538 -0.3004 -0.0005
vn 0.7977 -0.6031 -0.0004
vn 0.4900 -0.8717 -0.0002
vn 0.1428 -0.9898 -0.0001
vn 0.9215 -0.0745 0.3812
vn 0.8814 -0.3004 0.3646
vn 0.7371 -0.6031 0.3049
vn 0.4528 -0.8717 0.1873
vn 0.1319 -0.9898 0.0546
vn 0.7055 -0.0745 0.7048
vn 0.6748 -0.3004 0.6741
vn 0.5643 -0.6031 0.5638
vn 0.3467 -0.8717 0.3463
vn 0.1010 -0.9898 0.1009
vn 0.3821 -0.0745 0.9211
vn 0.3654 -0.3004 0.8810
vn 0.3056 -0.6031 0.7368
vn 0.1877 -0.8717 0.4526
vn 0.0547 -0.9898 0.1319
vn 0.0005 -0.0745 0.9972
vn 0.0005 -0.3004 0.9538
vn 0.0004 -0.6031 0.7977
vn 0.0002 -0.8717 0.4900
vn 0.0001 -0.9898 0.1428
vn -0.3812 -0.0745 0.9215
vn -0.3646 -0.3004 0.8814
vn -0.3049 -0.6031 0.7371
vn -0.1873 -0.8717 0.4528
vn -0.0546 -0.9898 0.1319
vn -0.7048 -0.0745 0.7055
vn -0.6741 -0.3004 0.6748
vn -0.5638 -0.6031 0.5643
vn -0.3463 -0.8717 0.3467
vn -0.1009 -0.9898 0.1010
vn -0.9211 -0.0745 0.3821
vn -0.8810 -0.3004 0.3654
vn -0.7368 -0.6031 0.3056
vn -0.4526 -0.8717 0.1877
vn -0.1319 -0.9898 0.0547
vn -0.9972 -0.0745 0.0005
vn -0.9538 -0.3004 0.0005
vn -0.7977 -0.6031 0.0004
vn -0.4900 -0.8717 0.0002
vn -0.1428 -0.9898 0.0001
vn -0.9215 -0.0745 -0.3812
vn -0.8814 -0.3004 -0.3646
vn -0.7371 -0.6031 -0.3049
vn -0.4528 -0.8717 -0.1873
vn -0.1319 -0.9898 -0.0546
vn -0.7055 -0.0745 -0.7048
vn -0.6748 -0.3004 -0.6741
vn -0.5643 -0.6031 -0.5638
vn -0.3467 -0.8717 -0.3463
vn -0.1010 -0.9898 -0.1009
vn -0.3821 -0.0745 -0.9211
vn -0.3654 -0.3004 -0.8810
vn -0.3056 -0.6031 -0.7368
vn -0.1877 -0.8717 -0.4526
vn -0.0547 -0.9898 -0.1319
vn -0.0000 1.0000 -0.0000
vn -0.0000 -1.0000 -0.0000
vn -0.0004 0.6460 -0.7633
vn 0.2918 0.6460 -0.7054
vn 0.3292 0.5081 -0.7959
vn -0.0004 0.5081 -0.8613
vn 0.3583 0.3481 -0.8663
vn -0.0005 0.3481 -0.9374
vn 0.3753 0.1892 -0.9074
vn -0.0005 0.1892 -0.9819
vn 0.3817 0.0529 -0.9228
vn -0.0005 0.0529 -0.9986
vn 0.5395 0.6460 -0.5400
vn 0.6087 0.5081 -0.6093
vn 0.6625 0.3481 -0.6632
vn 0.6940 0.1892 -0.6947
vn 0.7058 0.0529 -0.7065
vn 0.7051 0.6460 -0.2925
vn 0.7956 0.5081 -0.3300
vn 0.8659 0.3481 -0.3592
vn 0.9070 0.1892 -0.3762
vn 0.9224 0.0529 -0.3826
vn 0.7633 0.6460 -0.0004
vn 0.8613 0.5081 -0.0004
vn 0.9374 0.3481 -0.0005
vn 0.9819 0.1892 -0.0005
vn 0.9986 0.0529 -0.0005
vn 0.7054 0.6460 0.2918
vn 0.7959 0.5081 0.3292
vn 0.8663 0.3481 0.3583
vn 0.9074 0.1892 0.3753
vn 0.9228 0.0529 0.3817
vn 0.5400 0.6460 0.5395
vn 0.6093 0.5081 0.6087
vn 0.6632 0.3481 0.6625
vn 0.6947 0.1892 0.6940
vn 0.7065 0.0529 0.7058
vn 0.2925 0.6460 0.7051
vn 0.3300 0.5081 0.7956
vn 0.3592 0.3481 0.8659
vn 0.3762 0.1892 0.9070
vn 0.3826 0.0529 0.9224
vn 0.0004 0.6460 0.7633
vn 0.0004 0.5081 0.8613
vn 0.0005 0.3481 0.9374
vn 0.0005 0.1892 0.9819
vn 0.0005 0.0529 0.9986
vn -0.2918 0.6460 0.7054
vn -0.3292 0.5081 0.7959
vn -0.3583 0.3481 0.8663
vn -0.3753 0.1892 0.9074
vn -0.3817 0.0529 0.9228
vn -0.5395 0.6460 0.5400
vn -0.6087 0.5081 0.6093
vn -0.6625 0.3481 0.6632
vn -0.6940 0.1892 0.6947
vn -0.7058 0.0529 0.7065
vn -0.7051 0.6460 0.2925
vn -0.7956 0.5081 0.3300
vn -0.8659 0.3481 0.3592
vn -0.9070 0.1892 0.3762
vn -0.9224 0.0529 0.3826
vn -0.7633 0.6460 0.0004
vn -0.8613 0.5081 0.0004
vn -0.9374 0.3481 0.0005
vn -0.9819 0.1892 0.0005
vn -0.9986 0.0529 0.0005
vn -0.7054 0.6460 -0.2918
vn -0.7959 0.5081 -0.3292
vn -0.8663 0.3481 -0.3583
vn -0.9074 0.1892 -0.3753
vn -0.9228 0.0529 -0.3817
vn -0.5400 0.6460 -0.5395
vn -0.6093 0.5081 -0.6087
vn -0.6632 0.3481 -0.6625
vn -0.6947 0.1892 -0.6940
vn -0.7065 0.0529 -0.7058
vn -0.2925 0.6460 -0.7051
vn -0.3300 0.5081 -0.7956
vn -0.3592 0.3481 -0.8659
vn -0.3762 0.1892 -0.9070
vn -0.3826 0.0529 -0.9224
vn -0.2732 0.7012 -0.6586
vn -0.0003 0.7012 -0.7130
vn 0.2725 0.7012 -0.6588
vn 0.5039 0.7012 -0.5044
vn 0.6586 0.7012 -0.2732
vn 0.7130 0.7012 -0.0003
vn 0.6588 0.7012 0.2725
vn 0.5044 0.7012 0.5039
vn 0.2732 0.7012 0.6586
vn 0.0003 0.7012 0.7130
vn -0.2725 0.7012 0.6588
vn -0.5039 0.7012 0.5044
vn -0.6586 0.7012 0.2732
vn -0.7130 0.7012 0.0003
vn -0.6588 0.7012 -0.2725
vn -0.5044 0.7012 -0.5039
vn 0.0005 0.1997 0.9799
vn -0.3745 0.1997 0.9055
vn -0.3632 0.3119 0.8780
vn 0.0005 0.3119 0.9501
vn -0.2981 0.6259 0.7207
vn 0.0004 0.6259 0.7799
vn -0.1702 0.8954 0.4114
vn 0.0002 0.8954 0.4452
vn -0.0426 0.9938 0.1030
vn 0.0001 0.9938 0.1115
vn -0.6925 0.1997 0.6932
vn -0.6715 0.3119 0.6722
vn -0.5512 0.6259 0.5518
vn -0.3146 0.8954 0.3149
vn -0.0788 0.9938 0.0789
vn -0.9051 0.1997 0.3754
vn -0.8776 0.3119 0.3640
vn -0.7204 0.6259 0.2988
vn -0.4112 0.8954 0.1706
vn -0.1030 0.9938 0.0427
vn -0.9799 0.1997 0.0005
vn -0.9501 0.3119 0.0005
vn -0.7799 0.6259 0.0004
vn -0.4452 0.8954 0.0002
vn -0.1115 0.9938 0.0001
vn -0.9055 0.1997 -0.3745
vn -0.8780 0.3119 -0.3632
vn -0.7207 0.6259 -0.2981
vn -0.4114 0.8954 -0.1702
vn -0.1030 0.9938 -0.0426
vn -0.6932 0.1997 -0.6925
vn -0.6722 0.3119 -0.6715
vn -0.5518 0.6259 -0.5512
vn -0.3149 0.8954 -0.3146
vn -0.0789 0.9938 -0.0788
vn -0.3754 0.1997 -0.9051
vn -0.3640 0.3119 -0.8776
vn -0.2988 0.6259 -0.7204
vn -0.1706 0.8954 -0.4112
vn -0.0427 0.9938 -0.1030
vn -0.0005 0.1997 -0.9799
vn -0.0005 0.3119 -0.9501
vn -0.0004 0.6259 -0.7799
vn -0.0002 0.8954 -0.4452
vn -0.0001 0.9938 -0.1115
vn 0.3745 0.1997 -0.9055
vn 0.3632 0.3119 -0.8780
vn 0.2981 0.6259 -0.7207
vn 0.1702 0.8954 -0.4114
vn 0.0426 0.9938 -0.1030
vn 0.6925 0.1997 -0.6932
vn 0.6715 0.3119 -0.6722
vn 0.5512 0.6259 -0.5518
vn 0.3146 0.8954 -0.3149
vn 0.0788 0.9938 -0.0789
vn 0.9051 0.1997 -0.3754
vn 0.8776 0.3119 -0.3640
vn 0.7204 0.6259 -0.2988
vn 0.4112 0.8954 -0.1706
vn 0.1030 0.9938 -0.0427
vn 0.9799 0.1997 -0.0005
vn 0.9501 0.3119 -0.0005
vn 0.7799 0.6259 -0.0004
vn 0.4452 0.8954 -0.0002
vn 0.1115 0.9938 -0.0001
vn 0.9055 0.1997 0.3745
vn 0.8780 0.3119 0.3632
vn 0.7207 0.6259 0.2981
vn 0.4114 0.8954 0.1702
vn 0.1031 0.9938 0.0426
vn 0.6932 0.1997 0.6925
vn 0.6722 0.3119 0.6715
vn 0.5518 0.6259 0.5512
vn 0.3149 0.8954 0.3146
vn 0.0789 0.9938 0.0788
vn 0.3754 0.1997 0.9051
vn 0.3640 0.3119 0.8776
vn 0.2988 0.6259 0.7204
vn 0.1706 0.8954 0.4112
vn 0.0427 0.9938 0.1030
vn 0.0005 0.2513 0.9679
vn -0.3700 0.2513 0.8944
vn 0.3708 0.2513 0.8941
vn -0.6841 0.2513 0.6848
vn -0.8941 0.2513 0.3708
vn -0.9679 0.2513 0.0005
vn -0.8944 0.2513 -0.3700
vn -0.6848 0.2513 -0.6841
vn -0.3708 0.2513 -0.8941
vn -0.0005 0.2513 -0.9679
vn 0.3700 0.2513 -0.8944
vn 0.6841 0.2513 -0.6848
vn 0.8941 0.2513 -0.3708
vn 0.9679 0.2513 -0.0005
vn 0.8944 0.2513 0.3700
vn 0.6848 0.2513 0.6841
vn 0.3646 -0.3003 -0.8814
vn -0.0005 -0.3003 -0.9538
vn 0.0546 -0.9897 -0.1320
vn -0.0001 -0.9897 -0.1428
vn 0.6741 -0.3003 -0.6748
vn 0.5638 -0.6030 -0.5643
vn 0.8811 -0.3003 -0.3654
vn 0.7369 -0.6030 -0.3056
vn 0.9538 -0.3003 -0.0005
vn 0.7977 -0.6030 -0.0004
vn 0.4901 -0.8717 -0.0002
vn 0.1428 -0.9897 -0.0001
vn 0.8814 -0.3003 0.3646
vn 0.7371 -0.6030 0.3049
vn 0.4529 -0.8717 0.1873
vn 0.1320 -0.9897 0.0546
vn 0.6748 -0.3003 0.6741
vn 0.5643 -0.6030 0.5638
vn 0.1011 -0.9897 0.1009
vn 0.3655 -0.3003 0.8810
vn 0.1878 -0.8717 0.4526
vn 0.0547 -0.9897 0.1319
vn 0.0005 -0.3003 0.9538
vn 0.0001 -0.9897 0.1428
vn -0.3646 -0.3003 0.8814
vn -0.0546 -0.9897 0.1320
vn -0.6741 -0.3003 0.6748
vn -0.1010 -0.9897 0.1010
vn -0.8811 -0.3003 0.3654
vn -0.4526 -0.8717 0.1878
vn -0.1319 -0.9897 0.0547
vn -0.9538 -0.3003 0.0005
vn -0.1428 -0.9897 0.0001
vn -0.8814 -0.3003 -0.3646
vn -0.7371 -0.6030 -0.3049
vn -0.4529 -0.8717 -0.1873
vn -0.1320 -0.9897 -0.0546
vn -0.6748 -0.3003 -0.6741
vn -0.5643 -0.6030 -0.5638
vn -0.1011 -0.9897 -0.1009
vn -0.3655 -0.3003 -0.8810
vn -0.0547 -0.9897 -0.1319
vn -0.0001 0.9898 -0.1427
vn 0.0545 0.9898 -0.1319
vn 0.1873 0.8718 -0.4527
vn -0.0002 0.8718 -0.4899
vn 0.3646 0.3003 -0.8814
vn -0.0005 0.3003 -0.9538
vn 0.1008 0.9898 -0.1009
vn 0.3463 0.8718 -0.3466
vn 0.5638 0.6030 -0.5643
vn 0.6741 0.3003 -0.6748
vn 0.1318 0.9898 -0.0547
vn 0.7368 0.6030 -0.3056
vn 0.8810 0.3003 -0.3655
vn 0.1427 0.9898 -0.0001
vn 0.7977 0.6030 -0.0004
vn 0.9538 0.3003 -0.0005
vn 0.1318 0.9898 0.0545
vn 0.4527 0.8718 0.1873
vn 0.7371 0.6030 0.3049
vn 0.8814 0.3003 0.3646
vn 0.1010 0.9898 0.1008
vn 0.3466 0.8718 0.3463
vn 0.6748 0.3003 0.6741
vn 0.0547 0.9898 0.1318
vn 0.1877 0.8718 0.4526
vn 0.3655 0.3003 0.8810
vn 0.0001 0.9898 0.1427
vn 0.0002 0.8718 0.4899
vn 0.0005 0.3003 0.9538
vn -0.1873 0.8718 0.4527
vn -0.3049 0.6030 0.7371
vn -0.3646 0.3003 0.8814
vn -0.1009 0.9898 0.1009
vn -0.3463 0.8718 0.3466
vn -0.6741 0.3003 0.6748
vn -0.1318 0.9898 0.0547
vn -0.4526 0.8718 0.1877
vn -0.8811 0.3003 0.3654
vn -0.1427 0.9898 0.0001
vn -0.4899 0.8718 0.0002
vn -0.7977 0.6030 0.0004
vn -0.9538 0.3003 0.0005
vn -0.1319 0.9898 -0.0545
vn -0.4527 0.8718 -0.1873
vn -0.7371 0.6030 -0.3049
vn -0.8814 0.3003 -0.3646
vn -0.1010 0.9898 -0.1008
vn -0.3466 0.8718 -0.3463
vn -0.6748 0.3003 -0.6741
vn -0.0547 0.9898 -0.1318
vn -0.1877 0.8718 -0.4526
vn -0.3655 0.3003 -0.8811
vn 0.0003 -0.7071 0.7071
vn 0.0425 -0.6310 0.7746
vn 0.1608 -0.3684 0.9157
vn 0.0005 -0.3458 0.9383
vn 0.0004 -0.6251 0.7806
vn 0.2231 -0.1951 0.9551
vn 0.0005 -0.1638 0.9865
vn 0.3364 0.2351 0.9119
vn 0.3689 0.4381 0.8197
vn 0.0004 0.4900 0.8717
vn 0.0005 0.2824 0.9593
vn 0.3827 0.6806 0.6247
vn 0.0003 0.7344 0.6787
vn 0.0782 -0.6478 0.7578
vn 0.2967 -0.4326 0.8514
vn 0.4118 -0.2843 0.8658
vn 0.6212 0.1006 0.7772
vn 0.6812 0.2906 0.6720
vn 0.7068 0.5275 0.4714
vn 0.1020 -0.6730 0.7325
vn 0.3874 -0.5287 0.7552
vn 0.7030 -0.2533 0.6646
vn 0.8898 0.0697 0.4510
vn 0.9233 0.2982 0.2421
vn 0.1103 -0.7028 0.7028
vn 0.4192 -0.6421 0.6419
vn 0.7608 -0.4591 0.4587
vn 0.9630 -0.1909 0.1904
vn 0.9992 0.0278 -0.0283
vn 0.1020 -0.7326 0.6730
vn 0.3873 -0.7554 0.5285
vn 0.7028 -0.6649 0.2530
vn 0.8895 -0.4515 -0.0701
vn 0.9230 -0.2426 -0.2987
vn 0.0781 -0.7578 0.6478
vn 0.2965 -0.8515 0.4324
vn 0.5378 -0.8394 0.0786
vn 0.6807 -0.6723 -0.2908
vn 0.7063 -0.4718 -0.5278
vn 0.0424 -0.7747 0.6309
vn 0.1605 -0.9157 0.3683
vn 0.2910 -0.9560 -0.0379
vn 0.3683 -0.8199 -0.4383
vn 0.3821 -0.6249 -0.6808
vn 0.0003 -0.7806 0.6250
vn 0.0002 -0.9383 0.3458
vn -0.0000 -0.9969 -0.0787
vn -0.0004 -0.6787 -0.7344
vn -0.0418 -0.7747 0.6310
vn -0.1601 -0.9157 0.3685
vn -0.2911 -0.9560 -0.0376
vn -0.3687 -0.8199 -0.4379
vn -0.3827 -0.6249 -0.6804
vn -0.0775 -0.7578 0.6479
vn -0.2960 -0.8515 0.4327
vn -0.5377 -0.8394 0.0791
vn -0.6810 -0.6723 -0.2902
vn -0.7068 -0.4718 -0.5271
vn -0.1013 -0.7326 0.6731
vn -0.3868 -0.7554 0.5289
vn -0.7025 -0.6649 0.2536
vn -0.8896 -0.4515 -0.0692
vn -0.9233 -0.2425 -0.2978
vn -0.1097 -0.7028 0.7029
vn -0.4186 -0.6421 0.6423
vn -0.7603 -0.4591 0.4595
vn -0.9628 -0.1909 0.1914
vn -0.9992 0.0279 -0.0274
vn -0.1013 -0.6730 0.7326
vn -0.3867 -0.5287 0.7556
vn -0.7023 -0.2533 0.6653
vn -0.8893 0.0696 0.4519
vn -0.9230 0.2982 0.2430
vn -0.0774 -0.6478 0.7579
vn -0.2958 -0.4326 0.8517
vn -0.4109 -0.2843 0.8662
vn -0.6204 0.1005 0.7778
vn -0.6805 0.2905 0.6727
vn -0.7063 0.5275 0.4721
vn -0.0417 -0.6310 0.7747
vn -0.1599 -0.3684 0.9158
vn -0.2222 -0.1951 0.9553
vn -0.3355 0.2351 0.9122
vn -0.3681 0.4381 0.8201
vn -0.3821 0.6806 0.6251
vn -0.3673 -0.8263 -0.4270
vn -0.3239 -0.9296 -0.1758
vn -0.0001 -0.9752 -0.2215
vn -0.0002 -0.8779 -0.4788
vn -0.2370 -0.9598 0.1504
vn 0.0001 -0.9931 0.1170
vn -0.1245 -0.8814 0.4556
vn 0.0002 -0.8990 0.4379
vn -0.0303 -0.7571 0.6526
vn 0.0003 -0.7614 0.6482
vn -0.6785 -0.6792 -0.2798
vn -0.5984 -0.7999 -0.0460
vn -0.4380 -0.8648 0.2455
vn -0.2302 -0.8315 0.5056
vn -0.0563 -0.7449 0.6648
vn -0.8864 -0.4591 -0.0596
vn -0.7817 -0.6058 0.1482
vn -0.5722 -0.7227 0.3877
vn -0.3009 -0.7567 0.5804
vn -0.0736 -0.7265 0.6832
vn -0.9593 -0.1996 0.2000
vn -0.8460 -0.3768 0.3772
vn -0.6192 -0.5551 0.5554
vn -0.3257 -0.6685 0.6686
vn -0.0797 -0.7048 0.7049
vn -0.8861 0.0600 0.4596
vn -0.7815 -0.1478 0.6062
vn -0.5720 -0.3874 0.7230
vn -0.3008 -0.5803 0.7568
vn -0.0736 -0.6832 0.7265
vn -0.6780 0.2801 0.6796
vn -0.5980 0.0463 0.8002
vn -0.4376 -0.2453 0.8650
vn -0.2301 -0.5055 0.8316
vn -0.0562 -0.6648 0.7449
vn -0.3667 0.4272 0.8264
vn -0.3234 0.1760 0.9298
vn -0.2366 -0.1504 0.9599
vn -0.1243 -0.4555 0.8815
vn -0.0303 -0.6526 0.7571
vn 0.0004 0.4788 0.8779
vn 0.0005 0.2215 0.9752
vn 0.0005 -0.1170 0.9931
vn 0.0004 -0.4380 0.8990
vn 0.0004 -0.6482 0.7614
vn 0.3675 0.4272 0.8261
vn 0.3243 0.1760 0.9294
vn 0.2375 -0.1503 0.9597
vn 0.1252 -0.4555 0.8814
vn 0.0310 -0.6525 0.7571
vn 0.6787 0.2801 0.6789
vn 0.5987 0.0463 0.7996
vn 0.4385 -0.2453 0.8646
vn 0.2309 -0.5055 0.8314
vn 0.0570 -0.6648 0.7448
vn 0.8866 0.0600 0.4587
vn 0.7821 -0.1478 0.6054
vn 0.5727 -0.3874 0.7224
vn 0.3016 -0.5803 0.7566
vn 0.0743 -0.6832 0.7265
vn 0.9595 -0.1995 0.1991
vn 0.8464 -0.3768 0.3764
vn 0.6198 -0.5551 0.5548
vn 0.3263 -0.6685 0.6683
vn 0.0804 -0.7048 0.7048
vn 0.8863 -0.4592 -0.0605
vn 0.7818 -0.6058 0.1475
vn 0.5726 -0.7227 0.3871
vn 0.3015 -0.7567 0.5801
vn 0.0743 -0.7265 0.6831
vn 0.6782 -0.6792 -0.2804
vn 0.5983 -0.7999 -0.0466
vn 0.4382 -0.8648 0.2451
vn 0.2307 -0.8315 0.5054
vn 0.0569 -0.7449 0.6648
vn 0.3669 -0.8263 -0.4273
vn 0.3237 -0.9296 -0.1761
vn 0.2372 -0.9598 0.1502
vn 0.1250 -0.8815 0.4554
vn 0.0309 -0.7571 0.6525
vn -0.0003 -0.8268 -0.5625
vn -0.3762 -0.7739 -0.5094
vn 0.3757 -0.7739 -0.5098
vn -0.6948 -0.6233 -0.3587
vn -0.9077 -0.3980 -0.1332
vn -0.9823 -0.1321 0.1326
vn -0.9074 0.1337 0.3984
vn -0.6943 0.3590 0.6237
vn -0.3756 0.5096 0.7741
vn 0.0004 0.5625 0.8268
vn 0.3763 0.5096 0.7737
vn 0.6950 0.3590 0.6230
vn 0.9078 0.1337 0.3975
vn 0.9824 -0.1321 0.1317
vn 0.9075 -0.3980 -0.1341
vn 0.6945 -0.6233 -0.3594
vn 0.3724 0.8001 0.4702
vn 0.3354 0.9133 0.2311
vn 0.0001 0.9604 0.2785
vn 0.0003 0.8525 0.5228
vn 0.2530 0.9624 -0.0985
vn -0.0000 0.9980 -0.0627
vn 0.1421 0.8993 -0.4135
vn -0.0002 0.9194 -0.3934
vn 0.0396 0.7713 -0.6352
vn -0.0003 0.7770 -0.6296
vn 0.6878 0.6511 0.3210
vn 0.6195 0.7790 0.0967
vn 0.4675 0.8611 -0.2000
vn 0.2627 0.8423 -0.4706
vn 0.0734 0.7554 -0.6512
vn 0.8985 0.4280 0.0978
vn 0.8093 0.5780 -0.1043
vn 0.6108 0.7093 -0.3517
vn 0.3433 0.7570 -0.5559
vn 0.0960 0.7315 -0.6751
vn 0.9724 0.1649 -0.1654
vn 0.8759 0.3410 -0.3414
vn 0.6611 0.5304 -0.5307
vn 0.3716 0.6564 -0.6566
vn 0.1039 0.7033 -0.7033
vn 0.8982 -0.0983 -0.4285
vn 0.8091 0.1039 -0.5784
vn 0.6107 0.3514 -0.7096
vn 0.3432 0.5558 -0.7572
vn 0.0959 0.6751 -0.7315
vn 0.6873 -0.3214 -0.6514
vn 0.6191 -0.0970 -0.7793
vn 0.4672 0.1997 -0.8613
vn 0.2626 0.4705 -0.8425
vn 0.0733 0.6511 -0.7554
vn 0.3717 -0.4704 -0.8003
vn 0.3348 -0.2313 -0.9135
vn 0.2526 0.0983 -0.9626
vn 0.1419 0.4134 -0.8994
vn 0.0395 0.6352 -0.7714
vn -0.0004 -0.5227 -0.8525
vn -0.0005 -0.2785 -0.9604
vn -0.0005 0.0627 -0.9980
vn -0.0005 0.3934 -0.9194
vn -0.0004 0.6295 -0.7770
vn -0.3725 -0.4704 -0.8000
vn -0.3357 -0.2313 -0.9131
vn -0.2536 0.0983 -0.9623
vn -0.1428 0.4134 -0.8993
vn -0.0403 0.6352 -0.7713
vn -0.6879 -0.3213 -0.6508
vn -0.6198 -0.0970 -0.7787
vn -0.4681 0.1997 -0.8608
vn -0.2634 0.4704 -0.8422
vn -0.0741 0.6511 -0.7553
vn -0.8986 -0.0983 -0.4276
vn -0.8096 0.1039 -0.5777
vn -0.6113 0.3514 -0.7091
vn -0.3439 0.5558 -0.7569
vn -0.0966 0.6750 -0.7314
vn -0.9725 0.1649 -0.1644
vn -0.8762 0.3410 -0.3406
vn -0.6616 0.5304 -0.5301
vn -0.3722 0.6564 -0.6562
vn -0.1046 0.7033 -0.7032
vn -0.8984 0.4280 0.0987
vn -0.8094 0.5780 -0.1035
vn -0.6112 0.7094 -0.3511
vn -0.3439 0.7570 -0.5556
vn -0.0967 0.7315 -0.6750
vn -0.6875 0.6511 0.3217
vn -0.6194 0.7790 0.0973
vn -0.4677 0.8611 -0.1995
vn -0.2632 0.8423 -0.4703
vn -0.0741 0.7554 -0.6511
vn -0.3719 0.8001 0.4706
vn -0.3351 0.9133 0.2315
vn -0.2531 0.9624 -0.0982
vn -0.1425 0.8993 -0.4134
vn -0.0402 0.7714 -0.6351
vn 0.9240 0.2706 0.2701
vn 0.7073 0.5000 0.4997
vn -0.0003 0.7071 -0.7071
vn -0.9240 -0.2706 -0.2701
vn -0.7074 -0.5000 -0.4997
vn 0.9237 -0.2706 -0.2711
vn -0.9237 0.2706 0.2711
vn 0.7069 -0.5000 -0.5003
vn -0.7069 0.5000 0.5003
vn 0.3824 -0.6533 -0.6535
vn -0.3824 0.6533 0.6535
vn -0.0003 -0.7071 -0.7071
vn 0.3830 0.6533 0.6531
vn 0.0003 0.7071 0.7071
vn -0.3830 -0.6533 -0.6531
vn -0.3174 0.8956 0.3115
vn -0.3310 0.9220 0.2010
vn -0.6366 0.7539 0.1622
vn -0.6176 0.7430 0.2579
vn -0.3489 0.9268 0.1388
vn -0.6620 0.7420 0.1063
vn -0.8764 0.4713 0.0994
vn -0.8630 0.4773 0.1654
vn -0.8948 0.4427 0.0586
vn -0.9577 0.2819 0.0581
vn -0.9483 0.2999 0.1038
vn -0.9666 0.2546 0.0303
vn -0.9948 -0.0973 -0.0316
vn -0.9924 -0.1207 -0.0235
vn -0.9490 -0.3098 -0.0593
vn -0.9527 -0.2883 -0.0962
vn -0.9889 -0.1471 -0.0207
vn -0.9390 -0.3416 -0.0406
vn -0.7362 -0.6653 -0.1236
vn -0.7388 -0.6391 -0.2138
vn -0.7224 -0.6877 -0.0722
vn -0.3994 -0.9022 -0.1630
vn -0.3995 -0.8696 -0.2902
vn -0.3903 -0.9164 -0.0885
vn -0.0001 -0.9844 -0.1760
vn -0.0002 -0.9486 -0.3163
vn -0.0001 -0.9956 -0.0933
vn 0.3993 -0.9022 -0.1634
vn 0.3992 -0.8696 -0.2906
vn 0.3902 -0.9164 -0.0889
vn 0.7361 -0.6653 -0.1243
vn 0.7386 -0.6391 -0.2146
vn 0.7223 -0.6877 -0.0729
vn 0.9489 -0.3098 -0.0602
vn 0.9526 -0.2883 -0.0971
vn 0.9389 -0.3416 -0.0415
vn 0.9924 -0.1207 -0.0245
vn 0.9947 -0.0973 -0.0326
vn 0.9889 -0.1471 -0.0217
vn 0.9484 0.2999 0.1029
vn 0.9577 0.2819 0.0572
vn 0.8764 0.4713 0.0986
vn 0.8632 0.4773 0.1646
vn 0.9666 0.2546 0.0294
vn 0.8948 0.4427 0.0577
vn 0.6368 0.7539 0.1616
vn 0.6179 0.7430 0.2573
vn 0.6621 0.7420 0.1057
vn 0.3312 0.9220 0.2006
vn 0.3177 0.8956 0.3112
vn 0.3491 0.9268 0.1384
vn 0.0001 0.9769 0.2138
vn 0.0002 0.9444 0.3287
vn 0.0001 0.9887 0.1501
vn 0.9239 -0.3827 -0.0005
vn -0.9239 0.3827 0.0005
vn 0.7071 -0.7071 -0.0003
vn -0.7071 0.7071 0.0003
vn 0.3827 -0.9239 -0.0002
vn -0.3827 0.9239 0.0002
vn 0.3827 0.9239 -0.0002
vn -0.3827 -0.9239 0.0002
vn 0.7071 0.7071 -0.0003
vn -0.7071 -0.7071 0.0003
vn 0.9239 0.3827 -0.0005
vn -0.9239 -0.3827 0.0005
vn -0.6799 0.6064 0.4123
vn -0.3624 0.7712 0.5233
vn -0.3527 0.7973 0.4898
vn -0.6664 0.6349 0.3909
vn -0.3456 0.8228 0.4512
vn -0.6567 0.6609 0.3633
vn -0.3371 0.8466 0.4118
vn -0.6450 0.6869 0.3349
vn -0.3275 0.8674 0.3746
vn -0.6318 0.7113 0.3081
vn -0.9066 0.3484 0.2380
vn -0.8973 0.3753 0.2324
vn -0.8906 0.3979 0.2201
vn -0.8825 0.4223 0.2072
vn -0.8735 0.4461 0.1947
vn -0.9994 0.0291 0.0207
vn -0.9984 0.0468 0.0305
vn -0.9976 0.0597 0.0349
vn -0.9964 0.0752 0.0391
vn -0.9524 0.2789 0.1228
vn -0.9319 -0.2988 -0.2057
vn -0.9372 -0.2968 -0.1832
vn -0.9405 -0.2982 -0.1627
vn -0.9443 -0.2969 -0.1420
vn -0.9935 -0.1055 -0.0421
vn -0.9475 -0.2948 -0.1237
vn -0.7130 -0.5757 -0.4001
vn -0.7192 -0.5895 -0.3678
vn -0.7232 -0.6047 -0.3337
vn -0.7276 -0.6174 -0.2989
vn -0.7310 -0.6280 -0.2671
vn -0.3843 -0.7565 -0.5292
vn -0.3878 -0.7807 -0.4900
vn -0.3901 -0.8052 -0.4466
vn -0.3926 -0.8272 -0.4021
vn -0.3941 -0.8453 -0.3606
vn -0.0003 -0.8187 -0.5742
vn -0.0003 -0.8464 -0.5325
vn -0.0002 -0.8741 -0.4858
vn -0.0002 -0.8991 -0.4377
vn -0.0002 -0.9197 -0.3927
vn 0.3838 -0.7565 -0.5296
vn 0.3873 -0.7807 -0.4904
vn 0.3896 -0.8052 -0.4470
vn 0.3922 -0.8272 -0.4025
vn 0.3938 -0.8453 -0.3610
vn 0.7127 -0.5757 -0.4008
vn 0.7189 -0.5895 -0.3685
vn 0.7228 -0.6047 -0.3344
vn 0.7273 -0.6174 -0.2996
vn 0.7307 -0.6280 -0.2678
vn 0.9317 -0.2988 -0.2066
vn 0.9370 -0.2968 -0.1841
vn 0.9404 -0.2982 -0.1637
vn 0.9441 -0.2969 -0.1430
vn 0.9474 -0.2948 -0.1246
vn 0.9994 0.0291 0.0197
vn 0.9985 0.0468 0.0295
vn 0.9976 0.0597 0.0339
vn 0.9964 0.0752 0.0381
vn 0.9935 -0.1055 -0.0431
vn 0.9069 0.3484 0.2371
vn 0.8975 0.3753 0.2315
vn 0.8908 0.3979 0.2192
vn 0.8827 0.4223 0.2063
vn 0.9526 0.2789 0.1219
vn 0.8737 0.4461 0.1939
vn 0.6803 0.6064 0.4117
vn 0.6668 0.6349 0.3902
vn 0.6571 0.6609 0.3626
vn 0.6453 0.6869 0.3343
vn 0.6321 0.7112 0.3075
vn 0.3629 0.7712 0.5230
vn 0.3532 0.7973 0.4894
vn 0.3461 0.8228 0.4509
vn 0.3375 0.8466 0.4115
vn 0.3279 0.8674 0.3742
vn 0.0003 0.8277 0.5612
vn 0.0003 0.8522 0.5231
vn 0.0002 0.8770 0.4805
vn 0.0002 0.8994 0.4371
vn 0.0002 0.9182 0.3960
vn 0.0003 0.8170 0.5766
vn -0.3628 0.7612 0.5376
vn -0.6803 0.5982 0.4234
vn -0.9064 0.3442 0.2448
vn -0.9993 0.0310 0.0225
vn -0.9335 -0.2910 -0.2093
vn -0.7165 -0.5646 -0.4097
vn -0.3872 -0.7445 -0.5438
vn -0.0003 -0.8068 -0.5908
vn 0.3867 -0.7446 -0.5442
vn 0.7161 -0.5646 -0.4104
vn 0.9333 -0.2910 -0.2102
vn 0.9993 0.0310 0.0216
vn 0.9067 0.3442 0.2439
vn 0.6807 0.5982 0.4228
vn 0.3634 0.7612 0.5372
vn 0.0001 0.9746 0.2241
vn 0.0002 0.9242 0.3819
vn -0.0002 -0.8637 -0.5040
vn -0.0002 -0.9047 -0.4261
vn -0.0000 0.9968 0.0798
vn -0.0000 1.0000 0.0079
vn -0.0001 -0.9848 -0.1735
vn -0.0001 -0.9864 -0.1642
vn -0.0001 -0.9823 -0.1871
vn -0.0001 -0.9592 -0.2826
vn 0.0002 0.8689 0.4951
vn 0.0003 0.8472 0.5313
vn 0.0001 -0.9853 0.1706
vn -0.0004 -0.4131 -0.9107
vn -0.0005 -0.3827 -0.9239
vn -0.0002 -0.9239 -0.3827
vn 0.0002 -0.9239 0.3827
vn 0.0005 -0.3827 0.9239
vn 0.0005 0.3827 0.9239
vn 0.0002 0.9239 0.3827
vn -0.0002 0.9239 -0.3827
vn 0.0004 -0.7071 0.7071
vn -0.0005 0.3827 -0.9239
vn 0.0004 -0.3827 0.9239
vn 0.0001 1.0000 -0.0000
vn -0.0004 0.3827 -0.9239
vn -0.0001 -0.9239 -0.3827
vn -0.0004 -0.3827 -0.9239
vn 0.0001 -0.9239 0.3827
vn 0.0004 0.7071 0.7071
vn -0.0004 0.7071 -0.7071
vn -0.0001 1.0000 -0.0000
vn 0.0004 0.3827 0.9239
vn -0.0003 0.7937 -0.6084
vn 0.0003 0.8579 0.5138
vt 0.245332 0.460355
vt 0.245332 0.059031
vt 0.289121 0.058792
vt 0.289121 0.460116
vt 0.326244 0.058110
vt 0.326244 0.459434
vt 0.326244 0.459366
vt 0.326244 0.057890
vt 0.363388 0.057899
vt 0.363388 0.459374
vt 0.407185 0.057902
vt 0.407185 0.459377
vt 0.450967 0.057899
vt 0.450967 0.459374
vt 0.488068 0.057890
vt 0.488068 0.459366
vt 0.002596 0.459433
vt 0.002596 0.058113
vt 0.039719 0.058804
vt 0.039719 0.460123
vt 0.083508 0.059046
vt 0.083508 0.460366
vt 0.127298 0.058804
vt 0.127298 0.460123
vt 0.164420 0.058113
vt 0.164420 0.459433
vt 0.488068 0.459366
vt 0.488068 0.057890
vt 0.525169 0.057899
vt 0.525169 0.459374
vt 0.568951 0.057902
vt 0.568951 0.459377
vt 0.612748 0.057899
vt 0.612748 0.459374
vt 0.649892 0.057890
vt 0.649892 0.459366
vt 0.164420 0.459434
vt 0.164420 0.058110
vt 0.201543 0.058792
vt 0.201543 0.460116
vt 0.927343 0.319554
vt 0.926652 0.282431
vt 0.945665 0.282431
vt 0.946356 0.319554
vt 0.882671 0.623458
vt 0.882680 0.586314
vt 0.901701 0.586314
vt 0.901692 0.623458
vt 0.689747 0.471183
vt 0.689738 0.508285
vt 0.670718 0.508285
vt 0.670726 0.471183
vt 0.882683 0.542517
vt 0.901704 0.542517
vt 0.689735 0.552066
vt 0.670714 0.552066
vt 0.882680 0.498735
vt 0.901701 0.498735
vt 0.689738 0.595863
vt 0.670718 0.595863
vt 0.882671 0.461634
vt 0.901692 0.461634
vt 0.689747 0.633007
vt 0.670726 0.633007
vt 0.926652 0.444255
vt 0.927343 0.407132
vt 0.946356 0.407132
vt 0.945665 0.444255
vt 0.899570 0.345354
vt 0.900252 0.308231
vt 0.919265 0.308231
vt 0.918584 0.345354
vt 0.927585 0.363343
vt 0.946598 0.363343
vt 0.900491 0.264442
vt 0.900252 0.220653
vt 0.919265 0.220653
vt 0.919504 0.264442
vt 0.899570 0.183530
vt 0.918584 0.183530
vt 0.289121 0.041943
vt 0.245332 0.042182
vt 0.245332 0.020538
vt 0.287869 0.020306
vt 0.245332 0.002009
vt 0.284304 0.001796
vt 0.858684 0.319801
vt 0.873872 0.356517
vt 0.860807 0.359113
vt 0.847699 0.327424
vt 0.844904 0.362272
vt 0.834248 0.336513
vt 0.326244 0.041261
vt 0.323931 0.019643
vt 0.317343 0.001190
vt 0.830620 0.291692
vt 0.823477 0.303163
vt 0.814559 0.316792
vt 0.363388 0.041043
vt 0.326244 0.041035
vt 0.328555 0.019472
vt 0.364638 0.019480
vt 0.335138 0.001190
vt 0.368195 0.001198
vt 0.793953 0.276469
vt 0.791830 0.290025
vt 0.788834 0.306112
vt 0.407185 0.041047
vt 0.407182 0.019483
vt 0.407174 0.001200
vt 0.754264 0.276451
vt 0.757576 0.290009
vt 0.760989 0.306099
vt 0.450967 0.041043
vt 0.449712 0.019480
vt 0.446139 0.001197
vt 0.717597 0.291639
vt 0.725929 0.303117
vt 0.735264 0.316755
vt 0.488068 0.041035
vt 0.485753 0.019472
vt 0.479159 0.001190
vt 0.689533 0.319721
vt 0.701707 0.327355
vt 0.715575 0.336457
vt 0.039719 0.041955
vt 0.002596 0.041264
vt 0.004910 0.019646
vt 0.040971 0.020317
vt 0.011498 0.001190
vt 0.044536 0.001804
vt 0.674345 0.356423
vt 0.688598 0.359032
vt 0.704919 0.362206
vt 0.083508 0.042197
vt 0.083508 0.020552
vt 0.083508 0.002020
vt 0.674345 0.396157
vt 0.688598 0.393325
vt 0.704919 0.390083
vt 0.127298 0.041955
vt 0.126046 0.020317
vt 0.122480 0.001804
vt 0.689533 0.432873
vt 0.701707 0.425014
vt 0.715575 0.415842
vt 0.164420 0.041264
vt 0.162107 0.019646
vt 0.155519 0.001190
vt 0.717597 0.460982
vt 0.725929 0.449275
vt 0.735264 0.435563
vt 0.525169 0.041043
vt 0.488068 0.041035
vt 0.490383 0.019472
vt 0.526424 0.019480
vt 0.496977 0.001190
vt 0.529997 0.001197
vt 0.754265 0.476205
vt 0.757576 0.462413
vt 0.760989 0.446243
vt 0.568951 0.041047
vt 0.568954 0.019483
vt 0.568962 0.001200
vt 0.793953 0.476223
vt 0.791830 0.462429
vt 0.788834 0.446256
vt 0.612748 0.041043
vt 0.611498 0.019480
vt 0.607941 0.001197
vt 0.830620 0.461035
vt 0.823477 0.449321
vt 0.814559 0.435600
vt 0.649892 0.041035
vt 0.647581 0.019472
vt 0.640998 0.001190
vt 0.858684 0.432953
vt 0.847699 0.425083
vt 0.834248 0.415898
vt 0.201543 0.041943
vt 0.164420 0.041261
vt 0.166734 0.019643
vt 0.202795 0.020306
vt 0.173321 0.001190
vt 0.206360 0.001796
vt 0.873872 0.396251
vt 0.860807 0.393406
vt 0.844904 0.390149
vt 0.877733 0.112542
vt 0.861675 0.073723
vt 0.862639 0.073072
vt 0.878873 0.112316
vt 0.863426 0.072526
vt 0.879809 0.112130
vt 0.955360 0.272552
vt 0.955099 0.224776
vt 0.956606 0.224485
vt 0.956869 0.272552
vt 0.958368 0.224383
vt 0.958632 0.272552
vt 0.832004 0.044004
vt 0.832643 0.043028
vt 0.833155 0.042206
vt 0.954355 0.184273
vt 0.955858 0.183737
vt 0.957619 0.183548
vt 0.793237 0.027910
vt 0.793451 0.026757
vt 0.793603 0.025786
vt 0.969774 0.542477
vt 0.969784 0.501951
vt 0.971272 0.502241
vt 0.971263 0.543013
vt 0.973028 0.502343
vt 0.973019 0.543201
vt 0.751275 0.027890
vt 0.751031 0.026737
vt 0.750793 0.025766
vt 0.969787 0.454167
vt 0.971276 0.454167
vt 0.973032 0.454166
vt 0.712508 0.043948
vt 0.711839 0.042971
vt 0.711242 0.042148
vt 0.969784 0.406400
vt 0.971272 0.406109
vt 0.973028 0.406007
vt 0.682837 0.073639
vt 0.681843 0.072987
vt 0.680971 0.072440
vt 0.969774 0.365921
vt 0.971263 0.365384
vt 0.973019 0.365195
vt 0.666779 0.112443
vt 0.665610 0.112215
vt 0.664588 0.112028
vt 0.955195 0.542476
vt 0.955949 0.501974
vt 0.957456 0.502264
vt 0.956698 0.543013
vt 0.959218 0.502366
vt 0.958459 0.543201
vt 0.666779 0.154452
vt 0.665610 0.154684
vt 0.664588 0.154887
vt 0.956213 0.454198
vt 0.957722 0.454198
vt 0.959485 0.454198
vt 0.682837 0.193271
vt 0.681843 0.193928
vt 0.680971 0.194491
vt 0.955949 0.406422
vt 0.957456 0.406132
vt 0.959218 0.406030
vt 0.712508 0.222990
vt 0.711839 0.223972
vt 0.711242 0.224811
vt 0.955195 0.365920
vt 0.956698 0.365384
vt 0.958459 0.365195
vt 0.751275 0.239084
vt 0.751031 0.240243
vt 0.750793 0.241231
vt 0.982500 0.184274
vt 0.982490 0.224753
vt 0.981001 0.224462
vt 0.981011 0.183737
vt 0.979245 0.224360
vt 0.979255 0.183548
vt 0.793237 0.239104
vt 0.793451 0.240263
vt 0.793603 0.241251
vt 0.982487 0.272521
vt 0.980998 0.272520
vt 0.979242 0.272520
vt 0.832004 0.223046
vt 0.832643 0.224029
vt 0.833155 0.224868
vt 0.982490 0.320305
vt 0.981001 0.320594
vt 0.979245 0.320696
vt 0.861675 0.193355
vt 0.862639 0.194013
vt 0.863426 0.194577
vt 0.982500 0.360830
vt 0.981011 0.361366
vt 0.979255 0.361555
vt 0.877733 0.154551
vt 0.878873 0.154785
vt 0.879809 0.154988
vt 0.954355 0.360830
vt 0.955099 0.320327
vt 0.956606 0.320618
vt 0.955858 0.361366
vt 0.958368 0.320720
vt 0.957619 0.361555
vt 0.965706 0.272552
vt 0.965442 0.224383
vt 0.967191 0.224485
vt 0.967454 0.272552
vt 0.968660 0.224776
vt 0.968921 0.272552
vt 0.652079 0.353081
vt 0.670708 0.308074
vt 0.671688 0.308712
vt 0.653228 0.353310
vt 0.672813 0.309458
vt 0.654554 0.353573
vt 0.964693 0.183548
vt 0.966443 0.183737
vt 0.967916 0.184273
vt 0.705130 0.273621
vt 0.705796 0.274572
vt 0.706553 0.275688
vt 0.980096 0.543201
vt 0.980105 0.502343
vt 0.981861 0.502241
vt 0.981852 0.543013
vt 0.983350 0.501951
vt 0.983340 0.542477
vt 0.750103 0.254969
vt 0.750361 0.256089
vt 0.750635 0.257405
vt 0.980109 0.454166
vt 0.981865 0.454167
vt 0.983353 0.454167
vt 0.798783 0.254956
vt 0.798598 0.256077
vt 0.798349 0.257393
vt 0.980105 0.406007
vt 0.981861 0.406109
vt 0.983350 0.406400
vt 0.843757 0.273584
vt 0.843163 0.274536
vt 0.842432 0.275652
vt 0.980096 0.365195
vt 0.981852 0.365384
vt 0.983340 0.365921
vt 0.878178 0.308019
vt 0.877271 0.308657
vt 0.876171 0.309404
vt 0.965533 0.543201
vt 0.966292 0.502366
vt 0.968041 0.502264
vt 0.967283 0.543013
vt 0.969509 0.501974
vt 0.968756 0.542476
vt 0.896807 0.353017
vt 0.895730 0.353246
vt 0.894430 0.353510
vt 0.966559 0.454198
vt 0.968307 0.454198
vt 0.969774 0.454198
vt 0.896807 0.401727
vt 0.895730 0.401513
vt 0.894430 0.401255
vt 0.966292 0.406030
vt 0.968041 0.406132
vt 0.969509 0.406422
vt 0.878178 0.446735
vt 0.877271 0.446111
vt 0.876171 0.445370
vt 0.965533 0.365195
vt 0.967283 0.365384
vt 0.968756 0.365920
vt 0.843757 0.481187
vt 0.843163 0.480251
vt 0.842432 0.479140
vt 0.972178 0.183548
vt 0.972168 0.224360
vt 0.970413 0.224462
vt 0.970422 0.183737
vt 0.968924 0.224753
vt 0.968934 0.184274
vt 0.798783 0.499840
vt 0.798598 0.498734
vt 0.798349 0.497423
vt 0.972165 0.272520
vt 0.970409 0.272520
vt 0.968921 0.272521
vt 0.750103 0.499853
vt 0.750361 0.498746
vt 0.750635 0.497435
vt 0.972168 0.320696
vt 0.970413 0.320594
vt 0.968924 0.320305
vt 0.705130 0.481224
vt 0.705796 0.480287
vt 0.706553 0.479176
vt 0.972178 0.361555
vt 0.970422 0.361366
vt 0.968934 0.360830
vt 0.670708 0.446790
vt 0.671688 0.446166
vt 0.672813 0.445424
vt 0.964693 0.361555
vt 0.965442 0.320720
vt 0.967191 0.320618
vt 0.966443 0.361366
vt 0.968660 0.320327
vt 0.967916 0.360830
vt 0.652079 0.401792
vt 0.653228 0.401577
vt 0.654554 0.401318
vt 0.870887 0.153185
vt 0.870887 0.113902
vt 0.962169 0.272552
vt 0.961905 0.320720
vt 0.855871 0.077603
vt 0.961905 0.224383
vt 0.828126 0.049813
vt 0.961156 0.183548
vt 0.791875 0.034763
vt 0.976567 0.502343
vt 0.976557 0.543201
vt 0.976570 0.454166
vt 0.752637 0.034745
vt 0.976567 0.406007
vt 0.716386 0.049760
vt 0.976557 0.365195
vt 0.688641 0.077524
vt 0.962755 0.502366
vt 0.961996 0.543201
vt 0.673625 0.113809
vt 0.673625 0.153092
vt 0.963022 0.454198
vt 0.962755 0.406030
vt 0.688641 0.189391
vt 0.961996 0.365195
vt 0.716386 0.217181
vt 0.752637 0.232231
vt 0.975707 0.224360
vt 0.975716 0.183548
vt 0.975703 0.272520
vt 0.791875 0.232249
vt 0.975707 0.320696
vt 0.828126 0.217234
vt 0.975716 0.361555
vt 0.855871 0.189470
vt 0.961156 0.361555
vt 0.679413 0.313869
vt 0.662339 0.355121
vt 0.662339 0.399767
vt 0.710962 0.282291
vt 0.752183 0.265195
vt 0.796801 0.265183
vt 0.838022 0.282257
vt 0.869571 0.313818
vt 0.886646 0.355061
vt 0.886646 0.399707
vt 0.869571 0.440959
vt 0.838022 0.472537
vt 0.796801 0.489633
vt 0.752183 0.489645
vt 0.710962 0.472571
vt 0.679413 0.441010
vt 0.948555 0.091102
vt 0.948303 0.045042
vt 0.950722 0.044367
vt 0.950978 0.091102
vt 0.953937 0.043795
vt 0.954196 0.091102
vt 0.957458 0.043412
vt 0.957719 0.091102
vt 0.960750 0.043278
vt 0.961011 0.091102
vt 0.947586 0.005994
vt 0.949995 0.004747
vt 0.953201 0.003689
vt 0.956716 0.002983
vt 0.960005 0.002735
vt 0.907727 0.627651
vt 0.907737 0.588580
vt 0.910113 0.589254
vt 0.910104 0.628897
vt 0.913292 0.589825
vt 0.913282 0.629954
vt 0.916789 0.590207
vt 0.916780 0.630659
vt 0.920073 0.590340
vt 0.920063 0.630907
vt 0.907740 0.542512
vt 0.910116 0.542511
vt 0.913295 0.542509
vt 0.916792 0.542508
vt 0.920076 0.542508
vt 0.907737 0.496460
vt 0.910113 0.495783
vt 0.913292 0.495210
vt 0.916789 0.494826
vt 0.920073 0.494692
vt 0.907727 0.457434
vt 0.910104 0.456186
vt 0.913282 0.455127
vt 0.916780 0.454420
vt 0.920063 0.454172
vt 0.901011 0.179066
vt 0.901737 0.140018
vt 0.904157 0.140693
vt 0.903420 0.180313
vt 0.907373 0.141265
vt 0.906627 0.181370
vt 0.910894 0.141647
vt 0.910142 0.182077
vt 0.914185 0.141782
vt 0.913431 0.182325
vt 0.901992 0.093957
vt 0.904416 0.093957
vt 0.907635 0.093957
vt 0.911158 0.093957
vt 0.914450 0.093957
vt 0.901737 0.047897
vt 0.904157 0.047222
vt 0.907373 0.046650
vt 0.910894 0.046267
vt 0.914185 0.046133
vt 0.901011 0.008849
vt 0.903420 0.007602
vt 0.906627 0.006544
vt 0.910142 0.005838
vt 0.913431 0.005590
vt 0.664691 0.466983
vt 0.664682 0.506009
vt 0.662305 0.505332
vt 0.662315 0.465735
vt 0.659127 0.504759
vt 0.659136 0.464676
vt 0.655629 0.504376
vt 0.655639 0.463969
vt 0.652346 0.504241
vt 0.652355 0.463721
vt 0.664678 0.552061
vt 0.662302 0.552060
vt 0.659123 0.552058
vt 0.655626 0.552057
vt 0.652342 0.552057
vt 0.664682 0.598129
vt 0.662305 0.598803
vt 0.659127 0.599374
vt 0.655629 0.599756
vt 0.652346 0.599890
vt 0.664691 0.637200
vt 0.662315 0.638446
vt 0.659136 0.639503
vt 0.655639 0.640209
vt 0.652355 0.640456
vt 0.947586 0.176211
vt 0.948303 0.137163
vt 0.950722 0.137838
vt 0.949995 0.177458
vt 0.953937 0.138410
vt 0.953201 0.178516
vt 0.957458 0.138792
vt 0.956716 0.179222
vt 0.960750 0.138927
vt 0.960005 0.179470
vt 0.942121 0.134892
vt 0.942360 0.091102
vt 0.942121 0.047313
vt 0.949669 0.185430
vt 0.940964 0.229203
vt 0.935245 0.229422
vt 0.944401 0.183379
vt 0.949669 0.272955
vt 0.944401 0.275442
vt 0.751711 0.042982
vt 0.719087 0.064807
vt 0.715136 0.061115
vt 0.749451 0.038158
vt 0.697289 0.097471
vt 0.692207 0.095472
vt 0.689634 0.136000
vt 0.684156 0.136000
vt 0.697289 0.174529
vt 0.692207 0.176528
vt 0.719087 0.207193
vt 0.715136 0.210885
vt 0.751711 0.229018
vt 0.749451 0.233842
vt 0.920821 0.272955
vt 0.929526 0.229203
vt 0.935245 0.229422
vt 0.926089 0.275443
vt 0.920821 0.185430
vt 0.926089 0.183379
vt 0.981674 0.091102
vt 0.981413 0.043278
vt 0.984327 0.043448
vt 0.984587 0.091102
vt 0.986775 0.043932
vt 0.987033 0.091102
vt 0.652377 0.106481
vt 0.670782 0.062049
vt 0.672414 0.063112
vt 0.654292 0.106862
vt 0.674290 0.064357
vt 0.656502 0.107302
vt 0.980668 0.002735
vt 0.983585 0.003049
vt 0.986041 0.003943
vt 0.704776 0.028042
vt 0.705887 0.029627
vt 0.707147 0.031487
vt 0.940734 0.630907
vt 0.940744 0.590340
vt 0.943670 0.590171
vt 0.943660 0.630594
vt 0.946151 0.589688
vt 0.946141 0.629700
vt 0.749185 0.009637
vt 0.749614 0.011505
vt 0.750070 0.013699
vt 0.940747 0.542508
vt 0.943673 0.542508
vt 0.946154 0.542509
vt 0.797247 0.009637
vt 0.796938 0.011505
vt 0.796524 0.013699
vt 0.940744 0.494692
vt 0.943670 0.494862
vt 0.946151 0.495347
vt 0.841647 0.028042
vt 0.840656 0.029627
vt 0.839437 0.031487
vt 0.940734 0.454172
vt 0.943660 0.454486
vt 0.946141 0.455381
vt 0.875623 0.062049
vt 0.874111 0.063112
vt 0.872277 0.064357
vt 0.934094 0.182325
vt 0.934848 0.141782
vt 0.937762 0.141612
vt 0.937011 0.182011
vt 0.940210 0.141128
vt 0.939466 0.181117
vt 0.894004 0.106481
vt 0.892209 0.106862
vt 0.890042 0.107302
vt 0.935113 0.093957
vt 0.938026 0.093957
vt 0.940471 0.093957
vt 0.893991 0.154574
vt 0.892197 0.154217
vt 0.890030 0.153786
vt 0.934848 0.046133
vt 0.937762 0.046303
vt 0.940210 0.046787
vt 0.875587 0.199007
vt 0.874075 0.197967
vt 0.872241 0.196731
vt 0.934094 0.005590
vt 0.937011 0.005904
vt 0.939466 0.006798
vt 0.841592 0.233014
vt 0.840602 0.231452
vt 0.839385 0.229600
vt 0.631684 0.463721
vt 0.631675 0.504241
vt 0.628748 0.504411
vt 0.628758 0.464035
vt 0.626268 0.504896
vt 0.626277 0.464930
vt 0.797183 0.251418
vt 0.796875 0.249574
vt 0.796462 0.247389
vt 0.631671 0.552057
vt 0.628745 0.552058
vt 0.626264 0.552059
vt 0.749121 0.251418
vt 0.749551 0.249574
vt 0.750008 0.247389
vt 0.631675 0.599890
vt 0.628748 0.599720
vt 0.626268 0.599237
vt 0.704722 0.233014
vt 0.705833 0.231452
vt 0.707094 0.229600
vt 0.631684 0.640456
vt 0.628758 0.640143
vt 0.626277 0.639249
vt 0.670745 0.199007
vt 0.672379 0.197967
vt 0.674255 0.196731
vt 0.980668 0.179470
vt 0.981413 0.138927
vt 0.984327 0.138757
vt 0.983585 0.179156
vt 0.986775 0.138273
vt 0.986041 0.178262
vt 0.652364 0.154574
vt 0.654280 0.154217
vt 0.656489 0.153786
vt 0.698125 0.252607
vt 0.698060 0.240891
vt 0.699449 0.240811
vt 0.699514 0.252607
vt 0.700637 0.240582
vt 0.700704 0.252607
vt 0.805642 0.370072
vt 0.800955 0.358744
vt 0.801737 0.358239
vt 0.806557 0.369891
vt 0.802627 0.357651
vt 0.807604 0.369683
vt 0.697875 0.230960
vt 0.699263 0.230811
vt 0.700448 0.230388
vt 0.792296 0.350071
vt 0.792831 0.349319
vt 0.793430 0.348439
vt 0.889305 0.045656
vt 0.889308 0.035730
vt 0.890692 0.035810
vt 0.890689 0.045805
vt 0.891865 0.036040
vt 0.891863 0.046228
vt 0.780983 0.345374
vt 0.781195 0.344489
vt 0.781414 0.343451
vt 0.889309 0.024016
vt 0.890693 0.024017
vt 0.891866 0.024017
vt 0.768737 0.345368
vt 0.768601 0.344483
vt 0.768408 0.343445
vt 0.889308 0.012299
vt 0.890692 0.012219
vt 0.891865 0.011990
vt 0.757423 0.350054
vt 0.756965 0.349302
vt 0.756393 0.348422
vt 0.889305 0.002361
vt 0.890689 0.002213
vt 0.891863 0.001790
vt 0.748764 0.358719
vt 0.748059 0.358214
vt 0.747196 0.357624
vt 0.670708 0.303742
vt 0.670891 0.293810
vt 0.672280 0.293890
vt 0.672096 0.303890
vt 0.673468 0.294119
vt 0.673281 0.304313
vt 0.744078 0.370043
vt 0.743240 0.369861
vt 0.742219 0.369652
vt 0.670955 0.282094
vt 0.672344 0.282094
vt 0.673533 0.282094
vt 0.744078 0.382303
vt 0.743240 0.382470
vt 0.742219 0.382672
vt 0.670891 0.270379
vt 0.672280 0.270298
vt 0.673468 0.270070
vt 0.748764 0.393632
vt 0.748059 0.394121
vt 0.747196 0.394704
vt 0.670708 0.260447
vt 0.672096 0.260298
vt 0.673281 0.259875
vt 0.757423 0.402305
vt 0.756965 0.403041
vt 0.756393 0.403916
vt 0.676083 0.044192
vt 0.676085 0.034254
vt 0.677469 0.034335
vt 0.677467 0.044340
vt 0.678643 0.034563
vt 0.678641 0.044763
vt 0.768737 0.407002
vt 0.768601 0.407872
vt 0.768408 0.408904
vt 0.676086 0.022537
vt 0.677470 0.022537
vt 0.678644 0.022536
vt 0.780983 0.407007
vt 0.781195 0.407878
vt 0.781414 0.408910
vt 0.676085 0.010823
vt 0.677469 0.010743
vt 0.678643 0.010514
vt 0.792296 0.402321
vt 0.792831 0.403058
vt 0.793430 0.403933
vt 0.676083 0.000897
vt 0.677467 0.000749
vt 0.678641 0.000325
vt 0.800956 0.393656
vt 0.801737 0.394146
vt 0.802627 0.394730
vt 0.697875 0.274254
vt 0.698060 0.264322
vt 0.699449 0.264403
vt 0.699263 0.274403
vt 0.700637 0.264632
vt 0.700448 0.274826
vt 0.805642 0.382332
vt 0.806557 0.382499
vt 0.807604 0.382703
vt 0.679407 0.252607
vt 0.679353 0.242738
vt 0.679353 0.262476
vt 0.679197 0.234372
vt 0.870714 0.042240
vt 0.870715 0.033879
vt 0.870716 0.024012
vt 0.870715 0.014142
vt 0.870714 0.005771
vt 0.652031 0.300329
vt 0.652185 0.291963
vt 0.652239 0.282094
vt 0.652185 0.272226
vt 0.652031 0.263859
vt 0.657491 0.040782
vt 0.657493 0.032411
vt 0.657494 0.022541
vt 0.657493 0.012674
vt 0.657491 0.004313
vt 0.679197 0.270842
vt 0.795368 0.370885
vt 0.792202 0.363231
vt 0.798567 0.358976
vt 0.802877 0.369394
vt 0.786352 0.357372
vt 0.790605 0.351001
vt 0.778708 0.354198
vt 0.780202 0.346682
vt 0.770434 0.354194
vt 0.768941 0.346677
vt 0.762791 0.357361
vt 0.758538 0.350986
vt 0.756940 0.363215
vt 0.750575 0.358954
vt 0.753774 0.370866
vt 0.746266 0.369367
vt 0.753774 0.379149
vt 0.746266 0.380640
vt 0.756940 0.386803
vt 0.750575 0.391058
vt 0.762791 0.392662
vt 0.758538 0.399033
vt 0.770434 0.395836
vt 0.768941 0.403352
vt 0.778708 0.395840
vt 0.780202 0.403357
vt 0.786352 0.392673
vt 0.790605 0.399048
vt 0.792202 0.386819
vt 0.798567 0.391080
vt 0.795368 0.379168
vt 0.802877 0.380667
vt 0.057266 0.918302
vt 0.057266 0.923680
vt 0.053063 0.923680
vt 0.053063 0.918302
vt 0.057266 0.898430
vt 0.057266 0.903810
vt 0.053063 0.903810
vt 0.053063 0.898430
vt 0.057265 0.913745
vt 0.053062 0.913745
vt 0.057265 0.893868
vt 0.053062 0.893868
vt 0.039128 0.842532
vt 0.039043 0.847092
vt 0.034842 0.847092
vt 0.034927 0.842532
vt 0.053091 0.878551
vt 0.053175 0.873991
vt 0.057376 0.873991
vt 0.057292 0.878551
vt 0.039158 0.837153
vt 0.034956 0.837153
vt 0.053091 0.889308
vt 0.053062 0.883930
vt 0.057263 0.883930
vt 0.057292 0.889308
vt 0.039128 0.831775
vt 0.034927 0.831775
vt 0.053175 0.893868
vt 0.057376 0.893868
vt 0.039043 0.827215
vt 0.034842 0.827215
vt 0.057266 0.929059
vt 0.057265 0.933622
vt 0.053062 0.933622
vt 0.053063 0.929059
vt 0.057266 0.909188
vt 0.057265 0.913745
vt 0.053062 0.913745
vt 0.053063 0.909188
vt 0.124757 0.584189
vt 0.127510 0.590844
vt 0.127510 0.598046
vt 0.124757 0.604699
vt 0.119670 0.609789
vt 0.113024 0.612542
vt 0.105830 0.612538
vt 0.099184 0.609779
vt 0.094097 0.604684
vt 0.091344 0.598029
vt 0.091344 0.590827
vt 0.094097 0.584175
vt 0.099184 0.579085
vt 0.105830 0.576332
vt 0.113024 0.576335
vt 0.119670 0.579094
vt 0.016829 0.693521
vt 0.023893 0.693483
vt 0.023859 0.694065
vt 0.016829 0.694104
vt 0.023762 0.694555
vt 0.016829 0.694593
vt 0.113790 0.641181
vt 0.116495 0.634650
vt 0.116822 0.634863
vt 0.114173 0.641257
vt 0.117197 0.635111
vt 0.114615 0.641345
vt 0.029882 0.693373
vt 0.029819 0.693956
vt 0.029640 0.694447
vt 0.121492 0.629651
vt 0.121714 0.629969
vt 0.121966 0.630341
vt 0.031085 0.693488
vt 0.037077 0.693490
vt 0.037111 0.694075
vt 0.031148 0.694074
vt 0.037207 0.694571
vt 0.031326 0.694570
vt 0.128019 0.626946
vt 0.128105 0.627320
vt 0.128196 0.627759
vt 0.044142 0.693490
vt 0.044142 0.694076
vt 0.044142 0.694572
vt 0.135083 0.626946
vt 0.135022 0.627320
vt 0.134939 0.627759
vt 0.051205 0.693490
vt 0.051171 0.694075
vt 0.051074 0.694571
vt 0.141609 0.629651
vt 0.141411 0.629969
vt 0.141167 0.630341
vt 0.057190 0.693488
vt 0.057127 0.694074
vt 0.056948 0.694570
vt 0.146603 0.634650
vt 0.146301 0.634863
vt 0.145934 0.635111
vt 0.086579 0.693082
vt 0.092568 0.693194
vt 0.092602 0.693776
vt 0.086642 0.693666
vt 0.092699 0.694266
vt 0.086821 0.694157
vt 0.149305 0.641181
vt 0.148946 0.641257
vt 0.148513 0.641345
vt 0.099632 0.693233
vt 0.099632 0.693815
vt 0.099632 0.694304
vt 0.149303 0.648249
vt 0.148944 0.648178
vt 0.148511 0.648092
vt 0.106696 0.693194
vt 0.106662 0.693776
vt 0.106565 0.694266
vt 0.146598 0.654780
vt 0.146295 0.654572
vt 0.145929 0.654325
vt 0.112684 0.693082
vt 0.112621 0.693666
vt 0.112443 0.694157
vt 0.141601 0.659778
vt 0.141403 0.659466
vt 0.141160 0.659096
vt 0.059093 0.693026
vt 0.065078 0.693027
vt 0.065112 0.693613
vt 0.059156 0.693611
vt 0.065209 0.694109
vt 0.059335 0.694107
vt 0.135074 0.662484
vt 0.135012 0.662115
vt 0.134930 0.661678
vt 0.072141 0.693028
vt 0.072141 0.693613
vt 0.072141 0.694109
vt 0.128010 0.662484
vt 0.128096 0.662115
vt 0.128187 0.661678
vt 0.079206 0.693027
vt 0.079172 0.693613
vt 0.079075 0.694109
vt 0.121484 0.659778
vt 0.121706 0.659466
vt 0.121959 0.659096
vt 0.085198 0.693026
vt 0.085135 0.693611
vt 0.084956 0.694107
vt 0.116490 0.654780
vt 0.116817 0.654572
vt 0.117192 0.654325
vt 0.003777 0.693373
vt 0.009765 0.693483
vt 0.009799 0.694065
vt 0.003839 0.693956
vt 0.009896 0.694555
vt 0.004018 0.694447
vt 0.113788 0.648249
vt 0.114172 0.648178
vt 0.114613 0.648092
vt 0.016829 0.646447
vt 0.023893 0.646408
vt 0.119887 0.636910
vt 0.117788 0.641976
vt 0.009765 0.646408
vt 0.117786 0.647460
vt 0.123763 0.633032
vt 0.029882 0.646298
vt 0.128826 0.630934
vt 0.031085 0.646396
vt 0.037077 0.646398
vt 0.134307 0.630934
vt 0.044142 0.646398
vt 0.139369 0.633032
vt 0.051205 0.646398
vt 0.143244 0.636910
vt 0.057190 0.646396
vt 0.145339 0.641976
vt 0.086579 0.646008
vt 0.092568 0.646120
vt 0.145338 0.647460
vt 0.099632 0.646159
vt 0.143239 0.652527
vt 0.106696 0.646120
vt 0.139363 0.656404
vt 0.112684 0.646008
vt 0.134300 0.658503
vt 0.059093 0.645934
vt 0.065078 0.645935
vt 0.128819 0.658503
vt 0.072141 0.645936
vt 0.123757 0.656404
vt 0.079206 0.645935
vt 0.119882 0.652527
vt 0.085198 0.645934
vt 0.003777 0.646298
vt 0.791966 0.371302
vt 0.789315 0.364892
vt 0.789680 0.364645
vt 0.792398 0.371216
vt 0.789978 0.364438
vt 0.792753 0.371146
vt 0.896069 0.631057
vt 0.903189 0.631018
vt 0.903286 0.631521
vt 0.896069 0.631560
vt 0.903320 0.632108
vt 0.896069 0.632148
vt 0.784415 0.359984
vt 0.784657 0.359614
vt 0.784851 0.359303
vt 0.909225 0.630907
vt 0.909404 0.631408
vt 0.909467 0.631995
vt 0.778013 0.357326
vt 0.778094 0.356889
vt 0.778152 0.356521
vt 0.652643 0.208298
vt 0.658683 0.208299
vt 0.658586 0.208796
vt 0.652464 0.208794
vt 0.658552 0.209381
vt 0.652402 0.209380
vt 0.771083 0.357323
vt 0.770991 0.356886
vt 0.770901 0.356518
vt 0.665804 0.208300
vt 0.665804 0.208796
vt 0.665804 0.209382
vt 0.764681 0.359975
vt 0.764428 0.359604
vt 0.764202 0.359293
vt 0.672923 0.208299
vt 0.673020 0.208796
vt 0.673054 0.209381
vt 0.759782 0.364878
vt 0.759405 0.364631
vt 0.759075 0.364424
vt 0.678955 0.208298
vt 0.679134 0.208794
vt 0.679197 0.209380
vt 0.757130 0.371286
vt 0.756687 0.371200
vt 0.756300 0.371129
vt 0.863388 0.228026
vt 0.869424 0.228139
vt 0.869328 0.228641
vt 0.863209 0.228528
vt 0.869294 0.229229
vt 0.863147 0.229114
vt 0.757130 0.378223
vt 0.756687 0.378311
vt 0.756300 0.378388
vt 0.876544 0.228178
vt 0.876544 0.228681
vt 0.876544 0.229269
vt 0.759782 0.384634
vt 0.759405 0.384883
vt 0.759075 0.385096
vt 0.883664 0.228139
vt 0.883761 0.228641
vt 0.883795 0.229229
vt 0.764681 0.389541
vt 0.764428 0.389913
vt 0.764202 0.390231
vt 0.889700 0.228026
vt 0.889879 0.228527
vt 0.889942 0.229114
vt 0.771083 0.392199
vt 0.770991 0.392638
vt 0.770901 0.393012
vt 0.919600 0.630907
vt 0.925633 0.630909
vt 0.925536 0.631405
vt 0.919421 0.631404
vt 0.925502 0.631991
vt 0.919358 0.631989
vt 0.778013 0.392202
vt 0.778094 0.392641
vt 0.778152 0.393016
vt 0.932752 0.630909
vt 0.932752 0.631406
vt 0.932751 0.631991
vt 0.784415 0.389551
vt 0.784657 0.389923
vt 0.784851 0.390241
vt 0.939873 0.630909
vt 0.939970 0.631405
vt 0.940004 0.631991
vt 0.789315 0.384647
vt 0.789680 0.384897
vt 0.789978 0.385110
vt 0.945913 0.630907
vt 0.946091 0.631404
vt 0.946154 0.631989
vt 0.791966 0.378239
vt 0.792398 0.378328
vt 0.792753 0.378405
vt 0.882913 0.630907
vt 0.888949 0.631018
vt 0.888852 0.631521
vt 0.882734 0.631408
vt 0.888818 0.632108
vt 0.882671 0.631995
vt 0.788317 0.372027
vt 0.786221 0.366960
vt 0.903320 0.681205
vt 0.896069 0.681245
vt 0.788317 0.377511
vt 0.888818 0.681205
vt 0.909467 0.681092
vt 0.782347 0.363081
vt 0.658552 0.258497
vt 0.652402 0.258495
vt 0.777287 0.360980
vt 0.665804 0.258497
vt 0.771809 0.360977
vt 0.673054 0.258497
vt 0.766749 0.363073
vt 0.679197 0.258495
vt 0.762876 0.366949
vt 0.869294 0.278325
vt 0.863147 0.278211
vt 0.760780 0.372014
vt 0.876544 0.278365
vt 0.760780 0.377498
vt 0.883795 0.278325
vt 0.762876 0.382565
vt 0.889942 0.278211
vt 0.766749 0.386445
vt 0.925502 0.681106
vt 0.919358 0.681105
vt 0.771809 0.388546
vt 0.932751 0.681107
vt 0.777287 0.388548
vt 0.940004 0.681106
vt 0.782347 0.386452
vt 0.946154 0.681105
vt 0.786221 0.382576
vt 0.882671 0.681092
vt 0.640281 0.751453
vt 0.644302 0.751030
vt 0.648289 0.751702
vt 0.651635 0.753366
vt 0.653831 0.755769
vt 0.654541 0.758545
vt 0.653659 0.761272
vt 0.651319 0.763534
vt 0.647876 0.764986
vt 0.643855 0.765409
vt 0.639868 0.764737
vt 0.636522 0.763073
vt 0.634326 0.760670
vt 0.633615 0.757894
vt 0.634497 0.755168
vt 0.636838 0.752906
vt 0.449388 0.827895
vt 0.449774 0.827778
vt 0.449101 0.853482
vt 0.448720 0.853420
vt 0.450216 0.827708
vt 0.449539 0.853554
vt 0.450646 0.827695
vt 0.449967 0.853624
vt 0.450999 0.827741
vt 0.450320 0.853682
vt 0.443129 0.805141
vt 0.443471 0.804864
vt 0.443878 0.804667
vt 0.444288 0.804580
vt 0.444638 0.804616
vt 0.430897 0.788621
vt 0.431153 0.788228
vt 0.431492 0.787939
vt 0.539332 0.725468
vt 0.539249 0.725861
vt 0.517468 0.725874
vt 0.517620 0.725480
vt 0.539239 0.726326
vt 0.517448 0.726338
vt 0.414553 0.780851
vt 0.414694 0.780402
vt 0.414942 0.780071
vt 0.564947 0.725463
vt 0.564947 0.725857
vt 0.564947 0.726321
vt 0.451108 0.800664
vt 0.451538 0.800476
vt 0.456606 0.817807
vt 0.456141 0.817875
vt 0.451878 0.800187
vt 0.456973 0.817615
vt 0.590566 0.725468
vt 0.590648 0.725861
vt 0.590659 0.726326
vt 0.436778 0.786074
vt 0.437107 0.785782
vt 0.437367 0.785413
vt 0.612288 0.725480
vt 0.612440 0.725874
vt 0.612460 0.726338
vt 0.415331 0.776325
vt 0.415509 0.775965
vt 0.415650 0.775541
vt 0.415732 0.775117
vt 0.437519 0.785021
vt 0.415743 0.774759
vt 0.437539 0.784667
vt 0.390033 0.772901
vt 0.390033 0.772517
vt 0.390033 0.772074
vt 0.390033 0.771640
vt 0.390033 0.771280
vt 0.364735 0.776325
vt 0.364557 0.775965
vt 0.364416 0.775541
vt 0.364334 0.775117
vt 0.364323 0.774759
vt 0.343288 0.786074
vt 0.342959 0.785782
vt 0.342699 0.785413
vt 0.342547 0.785021
vt 0.342527 0.784667
vt 0.328958 0.800664
vt 0.328528 0.800476
vt 0.328188 0.800187
vt 0.920773 0.727160
vt 0.920691 0.727553
vt 0.898899 0.727566
vt 0.899051 0.727172
vt 0.920680 0.728018
vt 0.898879 0.728030
vt 0.323925 0.817875
vt 0.323460 0.817807
vt 0.323093 0.817615
vt 0.946392 0.727155
vt 0.946392 0.727549
vt 0.946392 0.728013
vt 0.411193 0.909172
vt 0.411311 0.909627
vt 0.393217 0.911804
vt 0.393225 0.911334
vt 0.411540 0.910008
vt 0.393346 0.912198
vt 0.972007 0.727160
vt 0.972089 0.727553
vt 0.972100 0.728018
vt 0.428049 0.897407
vt 0.428285 0.897779
vt 0.428608 0.898095
vt 0.993719 0.727172
vt 0.993871 0.727566
vt 0.993891 0.728030
vt 0.441226 0.877829
vt 0.441555 0.878063
vt 0.441952 0.878271
vt 0.442355 0.878420
vt 0.428969 0.898308
vt 0.442704 0.878488
vt 0.429312 0.898384
vt 0.411757 0.920414
vt 0.411833 0.920866
vt 0.388502 0.924292
vt 0.388496 0.923829
vt 0.411970 0.921368
vt 0.388508 0.924813
vt 0.412150 0.921843
vt 0.388513 0.925314
vt 0.412344 0.922220
vt 0.388518 0.925718
vt 0.431406 0.911214
vt 0.431540 0.911638
vt 0.431789 0.912088
vt 0.432116 0.912494
vt 0.432470 0.912796
vt 0.857249 0.994254
vt 0.857179 0.994715
vt 0.837364 0.994726
vt 0.837493 0.994265
vt 0.444624 0.898012
vt 0.444948 0.898385
vt 0.445371 0.898690
vt 0.445831 0.898881
vt 0.880549 0.994250
vt 0.880549 0.994711
vt 0.880549 0.995101
vt 0.857047 0.995105
vt 0.449441 0.882346
vt 0.449899 0.882532
vt 0.450395 0.882594
vt 0.903845 0.994254
vt 0.903915 0.994715
vt 0.904047 0.995105
vt 0.397357 0.787538
vt 0.397120 0.787073
vt 0.413934 0.785050
vt 0.414048 0.785529
vt 0.396999 0.786590
vt 0.413948 0.784550
vt 0.923591 0.994265
vt 0.923721 0.994726
vt 0.382106 0.798781
vt 0.381700 0.798467
vt 0.397675 0.787913
vt 0.381346 0.798083
vt 0.381099 0.797688
vt 0.370368 0.817007
vt 0.369934 0.816865
vt 0.382503 0.798977
vt 0.369459 0.816653
vt 0.369014 0.816404
vt 0.368669 0.816155
vt 0.363467 0.839486
vt 0.363012 0.839411
vt 0.362498 0.839327
vt 0.362002 0.839246
vt 0.361600 0.839181
vt 0.362851 0.862992
vt 0.362395 0.862989
vt 0.361877 0.863038
vt 0.361377 0.863133
vt 0.360970 0.863258
vt 0.368615 0.883948
vt 0.368176 0.884007
vt 0.367691 0.884175
vt 0.367234 0.884426
vt 0.366874 0.884722
vt 0.851401 0.729806
vt 0.851471 0.729345
vt 0.871276 0.729334
vt 0.871147 0.729795
vt 0.379475 0.899266
vt 0.379054 0.899521
vt 0.378681 0.899885
vt 0.378413 0.900305
vt 0.828104 0.729810
vt 0.828104 0.729349
vt 0.828104 0.728959
vt 0.851603 0.728955
vt 0.394237 0.906738
vt 0.393976 0.907157
vt 0.393830 0.907635
vt 0.804804 0.729806
vt 0.804735 0.729345
vt 0.804603 0.728955
vt 0.331486 0.899664
vt 0.331069 0.899979
vt 0.326179 0.883927
vt 0.326632 0.883731
vt 0.330614 0.900180
vt 0.325684 0.884000
vt 0.785049 0.729795
vt 0.784919 0.729334
vt 0.345189 0.912612
vt 0.344950 0.913067
vt 0.331801 0.899284
vt 0.344633 0.913481
vt 0.344286 0.913790
vt 0.365164 0.920940
vt 0.365100 0.921393
vt 0.345313 0.912184
vt 0.364973 0.921898
vt 0.364804 0.922377
vt 0.364619 0.922758
vt 0.775996 0.995772
vt 0.773420 0.767259
vt 0.777419 0.766671
vt 0.799257 0.992357
vt 0.446178 0.853004
vt 0.439109 0.876030
vt 0.446808 0.828927
vt 0.752664 0.992882
vt 0.769408 0.766762
vt 0.780797 0.765089
vt 0.818906 0.983156
vt 0.440904 0.807463
vt 0.873127 0.729286
vt 0.876524 0.729284
vt 0.429365 0.791879
vt 0.880530 0.729284
vt 0.884536 0.729285
vt 0.396585 0.783013
vt 0.887931 0.729286
vt 0.379729 0.794778
vt 0.594146 0.978890
vt 0.613606 0.988568
vt 0.366552 0.814356
vt 0.636794 0.992475
vt 0.359058 0.838765
vt 0.660179 0.990017
vt 0.358390 0.864290
vt 0.680203 0.981566
vt 0.364649 0.887044
vt 0.835487 0.994774
vt 0.832091 0.994776
vt 0.376881 0.903564
vt 0.828086 0.994776
vt 0.824079 0.994776
vt 0.410779 0.905596
vt 0.820682 0.994774
vt 0.426679 0.894497
vt 0.732813 0.984127
vt 0.765994 0.765256
vt 0.714090 0.975541
vt 0.714028 0.975985
vt 0.703032 0.974517
vt 0.703032 0.974065
vt 0.713903 0.976480
vt 0.703032 0.975028
vt 0.713734 0.976949
vt 0.703032 0.975521
vt 0.713546 0.977323
vt 0.703032 0.975919
vt 0.723465 0.979745
vt 0.723350 0.980166
vt 0.723119 0.980613
vt 0.722806 0.981018
vt 0.722459 0.981320
vt 0.553903 0.994633
vt 0.553965 0.995097
vt 0.544645 0.995103
vt 0.544531 0.994638
vt 0.729579 0.986423
vt 0.729277 0.986798
vt 0.728868 0.987107
vt 0.728414 0.987302
vt 0.564960 0.994631
vt 0.564961 0.995095
vt 0.564961 0.995489
vt 0.554090 0.995491
vt 0.731440 0.994095
vt 0.730997 0.994290
vt 0.517319 0.753589
vt 0.516835 0.753483
vt 0.515414 0.745695
vt 0.515872 0.745661
vt 0.576019 0.994633
vt 0.575958 0.995097
vt 0.575833 0.995491
vt 0.514906 0.761485
vt 0.514525 0.761147
vt 0.517745 0.753807
vt 0.514090 0.760909
vt 0.585396 0.994638
vt 0.585282 0.995103
vt 0.508383 0.768077
vt 0.508191 0.767620
vt 0.515176 0.761872
vt 0.507914 0.767186
vt 0.507596 0.766841
vt 0.498729 0.772207
vt 0.498704 0.771776
vt 0.508462 0.768487
vt 0.498622 0.771277
vt 0.498494 0.770786
vt 0.498341 0.770378
vt 0.487574 0.772840
vt 0.487612 0.772405
vt 0.487656 0.771899
vt 0.487699 0.771398
vt 0.487736 0.770979
vt 0.476696 0.770290
vt 0.476794 0.769869
vt 0.476961 0.769392
vt 0.477172 0.768930
vt 0.477393 0.768555
vt 0.467751 0.764945
vt 0.467899 0.764555
vt 0.468168 0.764138
vt 0.468515 0.763758
vt 0.468889 0.763474
vt 0.935319 0.996325
vt 0.935381 0.996789
vt 0.926057 0.996795
vt 0.925943 0.996330
vt 0.462281 0.757270
vt 0.462613 0.756936
vt 0.463047 0.756668
vt 0.463517 0.756508
vt 0.946378 0.996323
vt 0.946378 0.996787
vt 0.946378 0.997181
vt 0.935506 0.997183
vt 0.461143 0.748883
vt 0.461600 0.748741
vt 0.462095 0.748720
vt 0.957435 0.996325
vt 0.957374 0.996789
vt 0.957248 0.997183
vt 0.676787 0.986798
vt 0.677196 0.987107
vt 0.675067 0.994290
vt 0.674624 0.994095
vt 0.464394 0.741182
vt 0.464840 0.741294
vt 0.966808 0.996330
vt 0.966694 0.996795
vt 0.682714 0.980166
vt 0.682945 0.980613
vt 0.676485 0.986423
vt 0.683258 0.981018
vt 0.683605 0.981320
vt 0.677650 0.987302
vt 0.691974 0.975541
vt 0.692036 0.975985
vt 0.682599 0.979745
vt 0.692161 0.976480
vt 0.692330 0.976949
vt 0.692518 0.977323
vt 0.728742 0.752925
vt 0.703032 0.749492
vt 0.069090 0.581718
vt 0.049981 0.581718
vt 0.049978 0.576729
vt 0.069087 0.576729
vt 0.677322 0.752925
vt 0.750538 0.762699
vt 0.512982 0.989512
vt 0.500056 0.779292
vt 0.509468 0.774820
vt 0.534864 0.979114
vt 0.487242 0.993015
vt 0.488986 0.780798
vt 0.461563 0.989089
vt 0.477941 0.779110
vt 0.439855 0.978334
vt 0.468604 0.774484
vt 0.655526 0.762699
vt 0.490337 0.741084
vt 0.491195 0.731224
vt 0.501537 0.733648
vt 0.495549 0.742306
vt 0.510042 0.738730
vt 0.499834 0.744867
vt 0.502542 0.748377
vt 0.503258 0.752302
vt 0.501875 0.756044
vt 0.498602 0.759034
vt 0.493938 0.760816
vt 0.488594 0.761119
vt 0.483381 0.759897
vt 0.479096 0.757336
vt 0.476388 0.753826
vt 0.475672 0.749901
vt 0.477055 0.746159
vt 0.471335 0.735362
vt 0.480328 0.743170
vt 0.480589 0.731825
vt 0.484992 0.741387
vt 0.049605 0.570489
vt 0.068713 0.570489
vt 0.068716 0.575481
vt 0.049607 0.575481
vt 0.069091 0.587605
vt 0.049982 0.587605
vt 0.049604 0.564602
vt 0.068712 0.564602
vt 0.069090 0.593492
vt 0.049981 0.593492
vt 0.049605 0.558715
vt 0.068713 0.558715
vt 0.069087 0.598484
vt 0.049978 0.598484
vt 0.049607 0.553726
vt 0.068716 0.553726
vt 0.033125 0.604869
vt 0.019119 0.604869
vt 0.021388 0.599879
vt 0.035393 0.599879
vt 0.033915 0.616088
vt 0.048080 0.616088
vt 0.050319 0.621078
vt 0.036153 0.621078
vt 0.032328 0.610756
vt 0.018323 0.610756
vt 0.033915 0.604314
vt 0.048080 0.604314
vt 0.047294 0.610201
vt 0.033129 0.610201
vt 0.033125 0.616643
vt 0.019119 0.616643
vt 0.036307 0.599323
vt 0.050472 0.599323
vt 0.035393 0.621634
vt 0.021388 0.621634
vt 0.094456 0.627645
vt 0.090520 0.627161
vt 0.092496 0.621456
vt 0.095833 0.623670
vt 0.096147 0.616863
vt 0.098376 0.620470
vt 0.100917 0.614081
vt 0.101700 0.618531
vt 0.106080 0.613533
vt 0.105298 0.618150
vt 0.110851 0.615303
vt 0.108621 0.619383
vt 0.114502 0.619122
vt 0.111165 0.622044
vt 0.116477 0.624408
vt 0.112542 0.625727
vt 0.116477 0.630356
vt 0.112542 0.629872
vt 0.114501 0.636061
vt 0.111165 0.633847
vt 0.110850 0.640654
vt 0.108621 0.637047
vt 0.106080 0.643436
vt 0.105297 0.638985
vt 0.100917 0.643984
vt 0.101700 0.639367
vt 0.096147 0.642214
vt 0.098376 0.638134
vt 0.092496 0.638395
vt 0.095832 0.635473
vt 0.090520 0.633109
vt 0.094456 0.631790
vt 0.425538 0.958906
vt 0.425557 0.944731
vt 0.428519 0.944490
vt 0.428493 0.958279
vt 0.425992 0.930536
vt 0.429122 0.930640
vt 0.400921 0.850986
vt 0.402628 0.836937
vt 0.405192 0.837456
vt 0.403504 0.850896
vt 0.406614 0.823651
vt 0.409500 0.824864
vt 0.408551 0.838147
vt 0.406899 0.850873
vt 0.412904 0.826294
vt 0.412221 0.838912
vt 0.410619 0.850925
vt 0.416308 0.827722
vt 0.415520 0.839605
vt 0.413969 0.851018
vt 0.419193 0.828932
vt 0.337248 0.867229
vt 0.337268 0.856002
vt 0.340553 0.855653
vt 0.340539 0.866492
vt 0.337734 0.844720
vt 0.340863 0.844797
vt 0.344555 0.855530
vt 0.344555 0.866232
vt 0.344555 0.844825
vt 0.348557 0.855653
vt 0.348571 0.866492
vt 0.348247 0.844797
vt 0.351842 0.856002
vt 0.351862 0.867229
vt 0.351376 0.844720
vt 0.382755 0.850800
vt 0.381204 0.839388
vt 0.384503 0.838694
vt 0.386105 0.850707
vt 0.377530 0.828714
vt 0.380416 0.827504
vt 0.388173 0.837930
vt 0.389824 0.850655
vt 0.383820 0.826076
vt 0.391532 0.837239
vt 0.393220 0.850679
vt 0.387224 0.824646
vt 0.394096 0.836719
vt 0.395802 0.850768
vt 0.390109 0.823433
vt 0.416109 0.958279
vt 0.416083 0.944490
vt 0.419044 0.944731
vt 0.419063 0.958906
vt 0.415480 0.930640
vt 0.418609 0.930536
vt 0.422301 0.944812
vt 0.422301 0.959123
vt 0.422301 0.930500
vt 0.038597 0.976295
vt 0.035641 0.979253
vt 0.032473 0.977135
vt 0.036480 0.973126
vt 0.053459 0.991160
vt 0.055059 0.987296
vt 0.058796 0.988040
vt 0.056628 0.993278
vt 0.034041 0.983117
vt 0.034041 0.987299
vt 0.030304 0.988043
vt 0.030304 0.982374
vt 0.055059 0.983114
vt 0.058797 0.982370
vt 0.035641 0.991163
vt 0.032472 0.993281
vt 0.053459 0.979251
vt 0.056628 0.977132
vt 0.038597 0.994120
vt 0.036480 0.997290
vt 0.050503 0.976294
vt 0.052620 0.973124
vt 0.042460 0.995720
vt 0.041716 0.999459
vt 0.046641 0.974694
vt 0.047384 0.970955
vt 0.046640 0.995719
vt 0.047384 0.999458
vt 0.042460 0.974694
vt 0.041717 0.970956
vt 0.050503 0.994118
vt 0.052620 0.997288
vt 0.049092 0.903942
vt 0.049091 0.909503
vt 0.035888 0.909503
vt 0.035889 0.903942
vt 0.034490 0.858624
vt 0.034491 0.853063
vt 0.047694 0.853063
vt 0.047693 0.858624
vt 0.049088 0.914216
vt 0.035885 0.914216
vt 0.034494 0.848348
vt 0.047697 0.848348
vt 0.048933 0.873116
vt 0.049051 0.877830
vt 0.035857 0.877830
vt 0.035739 0.873116
vt 0.048059 0.869057
vt 0.048216 0.864343
vt 0.061403 0.864343
vt 0.061246 0.869057
vt 0.049092 0.883391
vt 0.035898 0.883391
vt 0.048271 0.858783
vt 0.048216 0.853222
vt 0.061403 0.853222
vt 0.061457 0.858783
vt 0.049051 0.888952
vt 0.035857 0.888952
vt 0.048059 0.848508
vt 0.061246 0.848508
vt 0.048933 0.893666
vt 0.035739 0.893666
vt 0.049088 0.893666
vt 0.049091 0.898381
vt 0.035888 0.898381
vt 0.035885 0.893666
vt 0.034494 0.868898
vt 0.034491 0.864185
vt 0.047694 0.864185
vt 0.047697 0.868898
vt 0.012310 0.832553
vt 0.012310 0.837070
vt 0.001886 0.837070
vt 0.001887 0.832553
vt 0.006245 0.978647
vt 0.004482 0.982903
vt 0.001810 0.982371
vt 0.003980 0.977134
vt 0.009501 0.975390
vt 0.007988 0.973125
vt 0.013756 0.973628
vt 0.013225 0.970955
vt 0.018361 0.973628
vt 0.018893 0.970955
vt 0.022614 0.975390
vt 0.024128 0.973125
vt 0.025870 0.978647
vt 0.028135 0.977134
vt 0.027632 0.982903
vt 0.030304 0.982372
vt 0.027631 0.987509
vt 0.030303 0.988041
vt 0.025868 0.991765
vt 0.028133 0.993279
vt 0.022612 0.995022
vt 0.024125 0.997288
vt 0.018357 0.996785
vt 0.018888 0.999458
vt 0.013753 0.996785
vt 0.013221 0.999458
vt 0.009499 0.995022
vt 0.007985 0.997288
vt 0.006243 0.991765
vt 0.003978 0.993279
vt 0.004482 0.987509
vt 0.001810 0.988041
vt 0.124013 0.649478
vt 0.126500 0.651966
vt 0.124617 0.654786
vt 0.121194 0.651363
vt 0.001884 0.815857
vt 0.001885 0.811339
vt 0.012308 0.811339
vt 0.012307 0.815857
vt 0.012307 0.840899
vt 0.001884 0.840899
vt 0.001887 0.807508
vt 0.012310 0.807508
vt 0.012182 0.840899
vt 0.012277 0.844729
vt 0.001861 0.844729
vt 0.001765 0.840899
vt 0.035724 0.933735
vt 0.035851 0.929905
vt 0.046262 0.929905
vt 0.046135 0.933736
vt 0.012310 0.849247
vt 0.001894 0.849247
vt 0.035896 0.925388
vt 0.035851 0.920870
vt 0.046262 0.920870
vt 0.046306 0.925388
vt 0.012277 0.853765
vt 0.001861 0.853765
vt 0.035724 0.917040
vt 0.046135 0.917040
vt 0.012182 0.857595
vt 0.001765 0.857595
vt 0.012307 0.824203
vt 0.012310 0.828035
vt 0.001886 0.828035
vt 0.001884 0.824203
vt 0.001887 0.824203
vt 0.001885 0.820374
vt 0.012308 0.820374
vt 0.012310 0.824203
vt 0.050932 0.623024
vt 0.051106 0.617754
vt 0.072738 0.617754
vt 0.072563 0.623024
vt 0.136514 0.636970
vt 0.133265 0.635624
vt 0.133926 0.632297
vt 0.138398 0.634150
vt 0.129750 0.653313
vt 0.129089 0.656639
vt 0.129747 0.635624
vt 0.129085 0.632297
vt 0.133267 0.653313
vt 0.133929 0.656639
vt 0.126498 0.636970
vt 0.124614 0.634150
vt 0.136516 0.651966
vt 0.138401 0.654786
vt 0.124011 0.639458
vt 0.121192 0.637574
vt 0.139003 0.649478
vt 0.141823 0.651363
vt 0.122666 0.642709
vt 0.119340 0.642047
vt 0.140349 0.646227
vt 0.143674 0.646889
vt 0.122666 0.646227
vt 0.119341 0.646889
vt 0.140348 0.642709
vt 0.139002 0.639458
vt 0.141821 0.637574
vt 0.143674 0.642047
vt 0.044794 0.645100
vt 0.040102 0.645065
vt 0.040102 0.625881
vt 0.044794 0.625916
vt 0.091419 0.581916
vt 0.091465 0.588133
vt 0.069822 0.588133
vt 0.069776 0.581916
vt 0.051168 0.611537
vt 0.051106 0.605319
vt 0.072738 0.605319
vt 0.072799 0.611537
vt 0.091419 0.594350
vt 0.069776 0.594350
vt 0.050932 0.600049
vt 0.072563 0.600049
vt 0.091288 0.599621
vt 0.069645 0.599621
vt 0.113036 0.552159
vt 0.113039 0.557431
vt 0.091381 0.557431
vt 0.091378 0.552159
vt 0.069720 0.575135
vt 0.069717 0.569865
vt 0.091375 0.569865
vt 0.091378 0.575135
vt 0.113040 0.563649
vt 0.091382 0.563649
vt 0.069716 0.563649
vt 0.091374 0.563649
vt 0.113039 0.569865
vt 0.091381 0.569865
vt 0.069717 0.557431
vt 0.091375 0.557431
vt 0.113036 0.575135
vt 0.091378 0.575135
vt 0.069720 0.552159
vt 0.091288 0.576645
vt 0.069645 0.576645
vt 0.119989 0.674813
vt 0.118158 0.679234
vt 0.114253 0.678457
vt 0.116679 0.672600
vt 0.123372 0.671430
vt 0.121160 0.668118
vt 0.127791 0.669599
vt 0.127015 0.665692
vt 0.132574 0.669599
vt 0.133351 0.665692
vt 0.136993 0.671430
vt 0.139205 0.668118
vt 0.140374 0.674813
vt 0.143685 0.672600
vt 0.142204 0.679234
vt 0.146109 0.678457
vt 0.142203 0.684019
vt 0.146109 0.684796
vt 0.140372 0.688439
vt 0.143683 0.690652
vt 0.136990 0.691822
vt 0.139201 0.695134
vt 0.132570 0.693653
vt 0.133347 0.697560
vt 0.127787 0.693653
vt 0.127010 0.697560
vt 0.123369 0.691822
vt 0.121156 0.695134
vt 0.119987 0.688439
vt 0.116676 0.690652
vt 0.118157 0.684019
vt 0.114252 0.684796
vt 0.413532 0.977592
vt 0.413532 0.981898
vt 0.411885 0.985876
vt 0.408841 0.988921
vt 0.404864 0.990568
vt 0.400559 0.990568
vt 0.396582 0.988919
vt 0.393538 0.985874
vt 0.391891 0.981895
vt 0.391891 0.977589
vt 0.393538 0.973611
vt 0.396582 0.970566
vt 0.400559 0.968919
vt 0.404864 0.968919
vt 0.408841 0.970568
vt 0.411885 0.973613
vt 0.075709 0.645508
vt 0.071731 0.645640
vt 0.071731 0.626466
vt 0.075709 0.626334
vt 0.036123 0.644966
vt 0.036123 0.625782
vt 0.053465 0.625785
vt 0.057445 0.625783
vt 0.057445 0.644980
vt 0.053465 0.644983
vt 0.018015 0.625636
vt 0.021993 0.625634
vt 0.021993 0.644831
vt 0.018015 0.644834
vt 0.062138 0.625782
vt 0.062138 0.644980
vt 0.026685 0.625633
vt 0.026685 0.644830
vt 0.066831 0.625783
vt 0.066830 0.644980
vt 0.031378 0.625634
vt 0.031378 0.644831
vt 0.070808 0.625785
vt 0.070808 0.644983
vt 0.035358 0.625636
vt 0.035358 0.644834
vt 0.053466 0.644966
vt 0.049487 0.645065
vt 0.049487 0.625881
vt 0.053466 0.625782
vt 0.089073 0.645640
vt 0.085095 0.645508
vt 0.085095 0.626334
vt 0.089073 0.626466
vt 0.080402 0.645462
vt 0.080402 0.626288
vt 0.428894 0.978290
vt 0.425827 0.979360
vt 0.425787 0.976206
vt 0.428838 0.975157
vt 0.425736 0.972378
vt 0.428766 0.971352
vt 0.425682 0.968458
vt 0.428689 0.967457
vt 0.425632 0.965045
vt 0.428618 0.964062
vt 0.405696 0.872309
vt 0.402855 0.872973
vt 0.402152 0.869385
vt 0.404952 0.868728
vt 0.401547 0.865119
vt 0.404297 0.864469
vt 0.401131 0.860824
vt 0.403829 0.860180
vt 0.400969 0.857155
vt 0.403620 0.856514
vt 0.409183 0.871581
vt 0.408419 0.868004
vt 0.407740 0.863749
vt 0.407250 0.859462
vt 0.407023 0.855797
vt 0.412794 0.870906
vt 0.412035 0.867328
vt 0.411370 0.863071
vt 0.410899 0.858784
vt 0.410695 0.855118
vt 0.415925 0.870365
vt 0.415190 0.866784
vt 0.414564 0.862524
vt 0.414139 0.858234
vt 0.413982 0.854566
vt 0.340754 0.883574
vt 0.337568 0.884645
vt 0.337519 0.881553
vt 0.340721 0.880470
vt 0.337454 0.877787
vt 0.340676 0.876688
vt 0.337382 0.873922
vt 0.340627 0.872805
vt 0.337316 0.870545
vt 0.340581 0.869411
vt 0.344555 0.883198
vt 0.344555 0.880090
vt 0.344555 0.876302
vt 0.344555 0.872411
vt 0.344555 0.869011
vt 0.348356 0.883574
vt 0.348389 0.880470
vt 0.348434 0.876688
vt 0.348483 0.872805
vt 0.348529 0.869411
vt 0.351542 0.884645
vt 0.351591 0.881553
vt 0.351656 0.877787
vt 0.351728 0.873922
vt 0.351794 0.870545
vt 0.383930 0.870688
vt 0.380799 0.870148
vt 0.381533 0.866566
vt 0.384689 0.867110
vt 0.382160 0.862306
vt 0.385354 0.862854
vt 0.382584 0.858016
vt 0.385824 0.858566
vt 0.382742 0.854348
vt 0.386029 0.854900
vt 0.387540 0.871363
vt 0.388305 0.867787
vt 0.388984 0.863531
vt 0.389474 0.859244
vt 0.389700 0.855579
vt 0.391027 0.872091
vt 0.391771 0.868510
vt 0.392427 0.864252
vt 0.392895 0.859963
vt 0.393104 0.856296
vt 0.393869 0.872755
vt 0.394572 0.869167
vt 0.395177 0.864901
vt 0.395593 0.860607
vt 0.395755 0.856937
vt 0.418775 0.979360
vt 0.415708 0.978290
vt 0.415763 0.975157
vt 0.418814 0.976206
vt 0.415835 0.971352
vt 0.418865 0.972378
vt 0.415913 0.967457
vt 0.418920 0.968458
vt 0.415984 0.964062
vt 0.418970 0.965045
vt 0.422301 0.979736
vt 0.422301 0.976573
vt 0.422301 0.972736
vt 0.422301 0.968807
vt 0.422301 0.965385
vt 0.422301 0.993784
vt 0.425992 0.993291
vt 0.429122 0.991887
vt 0.406564 0.888782
vt 0.409461 0.887600
vt 0.412879 0.886204
vt 0.416296 0.884807
vt 0.419193 0.883622
vt 0.337734 0.895898
vt 0.340863 0.894476
vt 0.344555 0.893976
vt 0.348247 0.894476
vt 0.351376 0.895898
vt 0.377530 0.883404
vt 0.380428 0.884589
vt 0.383845 0.885987
vt 0.387262 0.887382
vt 0.390159 0.888564
vt 0.415480 0.991887
vt 0.418609 0.993291
vt 0.180364 0.868589
vt 0.211677 0.868589
vt 0.211677 0.883795
vt 0.180364 0.883795
vt 0.035724 0.936978
vt 0.049416 0.936978
vt 0.049416 0.968290
vt 0.035724 0.968290
vt 0.033084 0.969241
vt 0.001772 0.969241
vt 0.001772 0.901135
vt 0.033084 0.901135
vt 0.180364 0.856768
vt 0.211677 0.856768
vt 0.180364 0.846043
vt 0.211677 0.846043
vt 0.180364 0.828693
vt 0.211677 0.828693
vt 0.026462 0.827514
vt 0.033442 0.827514
vt 0.033442 0.858827
vt 0.026462 0.858827
vt 0.033084 0.860501
vt 0.033084 0.866839
vt 0.001772 0.866839
vt 0.001772 0.860501
vt 0.033084 0.881561
vt 0.001772 0.881561
vt 0.033084 0.892982
vt 0.001772 0.892982
vt 0.180364 0.895308
vt 0.211677 0.895308
vt 0.211677 0.995371
vt 0.180364 0.995371
vt 0.143673 0.857625
vt 0.143673 0.895899
vt 0.112361 0.895899
vt 0.112361 0.857625
vt 0.102002 0.997863
vt 0.090398 0.990586
vt 0.090398 0.875901
vt 0.091464 0.863302
vt 0.095387 0.848071
vt 0.100187 0.837211
vt 0.105744 0.828030
vt 0.114973 0.813313
vt 0.120889 0.817023
vt 0.118481 0.822951
vt 0.112645 0.836580
vt 0.108780 0.847535
vt 0.107009 0.855924
vt 0.104545 0.933114
vt 0.128139 0.968752
vt 0.165880 0.990586
vt 0.154276 0.997863
vt 0.128139 0.968752
vt 0.151734 0.933114
vt 0.149269 0.855924
vt 0.147498 0.847535
vt 0.143633 0.836580
vt 0.137797 0.822951
vt 0.135389 0.817023
vt 0.141305 0.813313
vt 0.150534 0.828030
vt 0.156091 0.837211
vt 0.160891 0.848071
vt 0.164814 0.863302
vt 0.165880 0.875901
vt 0.143371 0.938970
vt 0.112059 0.938970
vt 0.112059 0.900547
vt 0.143371 0.900547
vt 0.010557 0.598421
vt 0.010557 0.553614
vt 0.014355 0.553614
vt 0.014355 0.598421
vt 0.017533 0.553614
vt 0.017533 0.598421
vt 0.034223 0.598312
vt 0.034223 0.553505
vt 0.037540 0.553505
vt 0.037540 0.598312
vt 0.041386 0.553505
vt 0.041386 0.598312
vt 0.045175 0.553505
vt 0.045175 0.598312
vt 0.048330 0.553505
vt 0.048330 0.598312
vt 0.017557 0.600194
vt 0.017557 0.645001
vt 0.014380 0.645001
vt 0.014380 0.600194
vt 0.010583 0.645001
vt 0.010583 0.600194
vt 0.006743 0.645001
vt 0.006743 0.600194
vt 0.003446 0.645001
vt 0.003446 0.600194
vt 0.018630 0.598341
vt 0.018630 0.553534
vt 0.021972 0.553534
vt 0.021972 0.598341
vt 0.025825 0.553534
vt 0.025825 0.598341
vt 0.029603 0.553534
vt 0.029603 0.598341
vt 0.032730 0.553534
vt 0.032730 0.598341
vt 0.050526 0.949734
vt 0.050526 0.947367
vt 0.050997 0.947367
vt 0.050997 0.949734
vt 0.003421 0.598421
vt 0.003421 0.553614
vt 0.006718 0.553614
vt 0.006718 0.598421
vt 0.051469 0.947367
vt 0.051469 0.949734
vt 0.050997 0.949734
vt 0.050997 0.947367
vt 0.134379 0.687249
vt 0.136431 0.685197
vt 0.138546 0.686610
vt 0.135792 0.689364
vt 0.077866 0.606600
vt 0.076756 0.609281
vt 0.074260 0.608784
vt 0.075751 0.605186
vt 0.131698 0.688359
vt 0.132194 0.690855
vt 0.076756 0.612183
vt 0.074260 0.612679
vt 0.128795 0.688359
vt 0.128299 0.690855
vt 0.077866 0.614864
vt 0.075751 0.616277
vt 0.126114 0.687249
vt 0.124701 0.689364
vt 0.079918 0.616916
vt 0.078505 0.619032
vt 0.124062 0.685197
vt 0.121947 0.686610
vt 0.082599 0.618027
vt 0.082103 0.620522
vt 0.122952 0.682515
vt 0.120456 0.683012
vt 0.085501 0.618027
vt 0.085998 0.620522
vt 0.122952 0.679613
vt 0.120456 0.679117
vt 0.088183 0.616916
vt 0.089596 0.619032
vt 0.124062 0.676932
vt 0.121947 0.675519
vt 0.090235 0.614864
vt 0.092350 0.616278
vt 0.126114 0.674880
vt 0.124701 0.672765
vt 0.091345 0.612183
vt 0.093841 0.612679
vt 0.128796 0.673770
vt 0.128299 0.671274
vt 0.091345 0.609281
vt 0.093841 0.608785
vt 0.131698 0.673770
vt 0.132194 0.671274
vt 0.090235 0.606600
vt 0.092350 0.605186
vt 0.134379 0.674880
vt 0.135792 0.672765
vt 0.088183 0.604548
vt 0.089596 0.602432
vt 0.136431 0.676932
vt 0.138546 0.675519
vt 0.085502 0.603437
vt 0.085998 0.600942
vt 0.137541 0.679613
vt 0.140037 0.679117
vt 0.082600 0.603437
vt 0.082103 0.600942
vt 0.137541 0.682516
vt 0.140037 0.683012
vt 0.079918 0.604548
vt 0.078505 0.602432
vt 0.022451 0.984000
vt 0.022451 0.986902
vt 0.021341 0.989583
vt 0.019289 0.991635
vt 0.016608 0.992745
vt 0.013706 0.992745
vt 0.011025 0.991635
vt 0.008973 0.989583
vt 0.007862 0.986902
vt 0.007862 0.984000
vt 0.008973 0.981318
vt 0.011025 0.979266
vt 0.013706 0.978156
vt 0.016608 0.978156
vt 0.019289 0.979266
vt 0.021341 0.981318
vt 0.051941 0.960372
vt 0.051941 0.963242
vt 0.051469 0.963242
vt 0.051469 0.960372
vt 0.051941 0.955425
vt 0.051941 0.952565
vt 0.052413 0.952565
vt 0.052413 0.955425
vt 0.050997 0.965921
vt 0.050997 0.963056
vt 0.051469 0.963056
vt 0.051469 0.965921
vt 0.051469 0.952564
vt 0.051469 0.955425
vt 0.050997 0.955425
vt 0.050997 0.952564
vt 0.051941 0.966057
vt 0.051469 0.966057
vt 0.051941 0.949735
vt 0.052413 0.949735
vt 0.050997 0.960233
vt 0.051469 0.960233
vt 0.051469 0.957882
vt 0.050997 0.957882
vt 0.051941 0.968387
vt 0.051469 0.968387
vt 0.051941 0.947367
vt 0.052413 0.947367
vt 0.050997 0.957882
vt 0.051469 0.957882
vt 0.051941 0.957882
vt 0.051469 0.957882
vt 0.051941 0.957882
vt 0.052413 0.957882
vt 0.050997 0.968393
vt 0.051469 0.968393
vt 0.122581 0.848435
vt 0.120529 0.846383
vt 0.119419 0.843702
vt 0.119419 0.840800
vt 0.120529 0.838119
vt 0.122581 0.836067
vt 0.125262 0.834956
vt 0.128164 0.834956
vt 0.130845 0.836067
vt 0.132897 0.838119
vt 0.134008 0.840800
vt 0.134008 0.843702
vt 0.132897 0.846383
vt 0.130845 0.848435
vt 0.128164 0.849546
vt 0.125262 0.849546
vt 0.052413 0.960372
vt 0.052413 0.963242
vt 0.051941 0.952565
vt 0.051941 0.955425
vt 0.051469 0.955425
vt 0.051469 0.952565
vt 0.050526 0.965921
vt 0.050526 0.963056
vt 0.050526 0.955425
vt 0.050526 0.952564
vt 0.050997 0.952564
vt 0.050997 0.955425
vt 0.051941 0.966057
vt 0.052413 0.966057
vt 0.051941 0.949735
vt 0.051469 0.949735
vt 0.050526 0.960233
vt 0.050526 0.957882
vt 0.052413 0.968387
vt 0.051941 0.947367
vt 0.051469 0.947367
vt 0.051941 0.957882
vt 0.050526 0.968393
vt 0.024803 0.857539
vt 0.016941 0.857539
vt 0.016941 0.854708
vt 0.024803 0.854708
vt 0.062232 0.966958
vt 0.070098 0.966958
vt 0.070098 0.998552
vt 0.062232 0.998552
vt 0.250176 0.963855
vt 0.253007 0.963855
vt 0.253007 0.995428
vt 0.250176 0.995428
vt 0.260173 0.961905
vt 0.276215 0.961905
vt 0.276215 0.993461
vt 0.260173 0.993461
vt 0.024803 0.851877
vt 0.016941 0.851877
vt 0.016941 0.835835
vt 0.024803 0.835835
vt 0.024803 0.854708
vt 0.016941 0.854708
vt 0.257342 0.961905
vt 0.257342 0.993461
vt 0.234133 0.963855
vt 0.234133 0.995428
vt 0.034325 0.808641
vt 0.026462 0.808641
vt 0.026462 0.792598
vt 0.034325 0.792598
vt 0.234133 0.799284
vt 0.250176 0.799284
vt 0.250176 0.939187
vt 0.234133 0.939187
vt 0.257342 0.797422
vt 0.260173 0.797422
vt 0.260173 0.937250
vt 0.257342 0.937250
vt 0.276215 0.797422
vt 0.276215 0.937250
vt 0.253007 0.799284
vt 0.253007 0.939187
vt 0.062232 0.802273
vt 0.070098 0.802273
vt 0.070098 0.942272
vt 0.062232 0.942272
vt 0.060642 0.804133
vt 0.060642 0.828802
vt 0.057811 0.828802
vt 0.057811 0.804133
vt 0.057811 0.847717
vt 0.060642 0.847717
vt 0.260173 0.960967
vt 0.257342 0.960967
vt 0.089021 0.966958
vt 0.074679 0.802502
vt 0.074679 0.770907
vt 0.093602 0.802502
vt 0.074679 0.827188
vt 0.034325 0.824683
vt 0.034325 0.827514
vt 0.026462 0.827514
vt 0.026462 0.824683
vt 0.168033 0.832296
vt 0.168033 0.800702
vt 0.175899 0.800702
vt 0.175899 0.832296
vt 0.218090 0.963855
vt 0.218090 0.995428
vt 0.215259 0.995428
vt 0.215259 0.963855
vt 0.292258 0.961905
vt 0.292258 0.993461
vt 0.024803 0.819792
vt 0.016941 0.819792
vt 0.024803 0.816961
vt 0.016941 0.816961
vt 0.295089 0.961905
vt 0.295089 0.993461
vt 0.218090 0.939187
vt 0.218090 0.799284
vt 0.295089 0.797422
vt 0.295089 0.937250
vt 0.292258 0.937250
vt 0.292258 0.797422
vt 0.215259 0.939187
vt 0.215259 0.799284
vt 0.168033 0.996982
vt 0.168033 0.856982
vt 0.175899 0.856982
vt 0.175899 0.996982
vt 0.057811 0.779465
vt 0.060642 0.779465
vt 0.087257 0.895083
vt 0.084426 0.895083
vt 0.084426 0.876168
vt 0.087257 0.876168
vt 0.295089 0.960967
vt 0.292258 0.960967
vt 0.091469 0.860288
vt 0.072546 0.860288
vt 0.072546 0.828693
vt 0.072523 0.911681
vt 0.091446 0.911681
vt 0.072523 0.943276
vt 0.072523 0.886996
vt 0.072546 0.884973
s 1
usemtl fire_extinguisher
f 1/1/1 2/2/1 4/3/2 3/4/2
f 3/4/2 4/3/2 6/5/3 5/6/3
f 5/7/3 6/8/3 8/9/4 7/10/4
f 7/10/4 8/9/4 10/11/5 9/12/5
f 9/12/5 10/11/5 12/13/6 11/14/6
f 11/14/6 12/13/6 14/15/7 13/16/7
f 13/17/7 14/18/7 16/19/8 15/20/8
f 15/20/8 16/19/8 18/21/9 17/22/9
f 17/22/9 18/21/9 20/23/10 19/24/10
f 19/24/10 20/23/10 22/25/11 21/26/11
f 21/27/11 22/28/11 24/29/12 23/30/12
f 23/30/12 24/29/12 26/31/13 25/32/13
f 25/32/13 26/31/13 28/33/14 27/34/14
f 27/34/14 28/33/14 30/35/15 29/36/15
f 29/37/15 30/38/15 32/39/16 31/40/16
f 31/40/16 32/39/16 2/2/1 1/1/1
f 42/41/10 43/42/11 59/43/11 58/44/10
f 35/45/3 36/46/4 52/47/4 51/48/3
f 43/49/11 44/50/12 60/51/12 59/52/11
f 36/46/4 37/53/5 53/54/5 52/47/4
f 44/50/12 45/55/13 61/56/13 60/51/12
f 37/53/5 38/57/6 54/58/6 53/54/5
f 45/55/13 46/59/14 62/60/14 61/56/13
f 38/57/6 39/61/7 55/62/7 54/58/6
f 46/59/14 47/63/15 63/64/15 62/60/14
f 39/65/7 40/66/8 56/67/8 55/68/7
f 47/69/15 48/70/16 64/71/16 63/72/15
f 40/66/8 41/73/9 57/74/9 56/67/8
f 33/75/1 34/76/2 50/77/2 49/78/1
f 48/70/16 33/75/1 49/78/1 64/71/16
f 41/73/9 42/41/10 58/44/10 57/74/9
f 34/76/2 35/79/3 51/80/3 50/77/2
f 69/81/17 65/82/18 66/83/19 72/84/20
f 72/84/20 66/83/19 67/85/21 71/86/22
f 71/87/22 67/88/21 68/89/23 70/90/24
f 70/90/24 68/89/23 465/91/25 466/92/26
f 73/93/27 69/81/17 72/84/20 76/94/28
f 76/94/28 72/84/20 71/86/22 75/95/29
f 75/96/29 71/87/22 70/90/24 74/97/30
f 74/97/30 70/90/24 466/92/26 467/98/31
f 77/99/32 73/100/27 76/101/28 80/102/33
f 80/102/33 76/101/28 75/103/29 79/104/34
f 79/105/34 75/96/29 74/97/30 78/106/35
f 78/106/35 74/97/30 467/98/31 468/107/36
f 81/108/37 77/99/32 80/102/33 84/109/38
f 84/109/38 80/102/33 79/104/34 83/110/39
f 83/111/39 79/105/34 78/106/35 82/112/40
f 82/112/40 78/106/35 468/107/36 469/113/41
f 85/114/42 81/108/37 84/109/38 88/115/43
f 88/115/43 84/109/38 83/110/39 87/116/44
f 87/117/44 83/111/39 82/112/40 86/118/45
f 86/118/45 82/112/40 469/113/41 470/119/46
f 89/120/47 85/114/42 88/115/43 92/121/48
f 92/121/48 88/115/43 87/116/44 91/122/49
f 91/123/49 87/117/44 86/118/45 90/124/50
f 90/124/50 86/118/45 470/119/46 471/125/51
f 93/126/52 89/127/47 92/128/48 96/129/53
f 96/129/53 92/128/48 91/130/49 95/131/54
f 95/132/54 91/123/49 90/124/50 94/133/55
f 94/133/55 90/124/50 471/125/51 472/134/56
f 97/135/57 93/126/52 96/129/53 100/136/58
f 100/136/58 96/129/53 95/131/54 99/137/59
f 99/138/59 95/132/54 94/133/55 98/139/60
f 98/139/60 94/133/55 472/134/56 473/140/61
f 101/141/62 97/135/57 100/136/58 104/142/63
f 104/142/63 100/136/58 99/137/59 103/143/64
f 103/144/64 99/138/59 98/139/60 102/145/65
f 102/145/65 98/139/60 473/140/61 474/146/66
f 105/147/67 101/141/62 104/142/63 108/148/68
f 108/148/68 104/142/63 103/143/64 107/149/69
f 107/150/69 103/144/64 102/145/65 106/151/70
f 106/151/70 102/145/65 474/146/66 475/152/71
f 109/153/72 105/154/67 108/155/68 112/156/73
f 112/156/73 108/155/68 107/157/69 111/158/74
f 111/159/74 107/150/69 106/151/70 110/160/75
f 110/160/75 106/151/70 475/152/71 476/161/76
f 113/162/77 109/153/72 112/156/73 116/163/78
f 116/163/78 112/156/73 111/158/74 115/164/79
f 115/165/79 111/159/74 110/160/75 114/166/80
f 114/166/80 110/160/75 476/161/76 477/167/81
f 117/168/82 113/162/77 116/163/78 120/169/83
f 120/169/83 116/163/78 115/164/79 119/170/84
f 119/171/84 115/165/79 114/166/80 118/172/85
f 118/172/85 114/166/80 477/167/81 478/173/86
f 121/174/87 117/168/82 120/169/83 124/175/88
f 124/175/88 120/169/83 119/170/84 123/176/89
f 123/177/89 119/171/84 118/172/85 122/178/90
f 122/178/90 118/172/85 478/173/86 479/179/91
f 125/180/92 121/181/87 124/182/88 128/183/93
f 128/183/93 124/182/88 123/184/89 127/185/94
f 127/186/94 123/177/89 122/178/90 126/187/95
f 126/187/95 122/178/90 479/179/91 480/188/96
f 65/82/18 125/180/92 128/183/93 66/83/19
f 66/83/19 128/183/93 127/185/94 67/85/21
f 67/88/21 127/186/94 126/187/95 68/89/23
f 68/89/23 126/187/95 480/188/96 465/91/25
f 4/3/2 2/2/1 65/82/18 69/81/17
f 2/2/1 32/39/16 125/180/92 65/82/18
f 6/5/3 4/3/2 69/81/17 73/93/27
f 8/9/4 6/8/3 73/100/27 77/99/32
f 10/11/5 8/9/4 77/99/32 81/108/37
f 12/13/6 10/11/5 81/108/37 85/114/42
f 14/15/7 12/13/6 85/114/42 89/120/47
f 16/19/8 14/18/7 89/127/47 93/126/52
f 18/21/9 16/19/8 93/126/52 97/135/57
f 20/23/10 18/21/9 97/135/57 101/141/62
f 22/25/11 20/23/10 101/141/62 105/147/67
f 24/29/12 22/28/11 105/154/67 109/153/72
f 26/31/13 24/29/12 109/153/72 113/162/77
f 28/33/14 26/31/13 113/162/77 117/168/82
f 30/35/15 28/33/14 117/168/82 121/174/87
f 32/39/16 30/38/15 121/181/87 125/180/92
f 146/189/25 150/190/26 152/191/24 149/192/23
f 149/192/23 152/191/24 153/193/22 148/194/21
f 148/195/21 153/196/22 154/197/20 147/198/19
f 147/198/19 154/197/20 151/199/17 145/200/18
f 150/190/26 155/201/31 157/202/30 152/191/24
f 152/191/24 157/202/30 158/203/29 153/193/22
f 153/196/22 158/204/29 159/205/28 154/197/20
f 154/197/20 159/205/28 156/206/27 151/199/17
f 155/201/31 160/207/36 162/208/35 157/202/30
f 157/202/30 162/208/35 163/209/34 158/203/29
f 158/210/29 163/211/34 164/212/33 159/213/28
f 159/213/28 164/212/33 161/214/32 156/215/27
f 160/207/36 165/216/41 167/217/40 162/208/35
f 162/208/35 167/217/40 168/218/39 163/209/34
f 163/211/34 168/219/39 169/220/38 164/212/33
f 164/212/33 169/220/38 166/221/37 161/214/32
f 165/216/41 170/222/46 172/223/45 167/217/40
f 167/217/40 172/223/45 173/224/44 168/218/39
f 168/219/39 173/225/44 174/226/43 169/220/38
f 169/220/38 174/226/43 171/227/42 166/221/37
f 170/222/46 175/228/51 177/229/50 172/223/45
f 172/223/45 177/229/50 178/230/49 173/224/44
f 173/225/44 178/231/49 179/232/48 174/226/43
f 174/226/43 179/232/48 176/233/47 171/227/42
f 175/228/51 180/234/56 182/235/55 177/229/50
f 177/229/50 182/235/55 183/236/54 178/230/49
f 178/237/49 183/238/54 184/239/53 179/240/48
f 179/240/48 184/239/53 181/241/52 176/242/47
f 180/234/56 185/243/61 187/244/60 182/235/55
f 182/235/55 187/244/60 188/245/59 183/236/54
f 183/238/54 188/246/59 189/247/58 184/239/53
f 184/239/53 189/247/58 186/248/57 181/241/52
f 185/243/61 190/249/66 192/250/65 187/244/60
f 187/244/60 192/250/65 193/251/64 188/245/59
f 188/246/59 193/252/64 194/253/63 189/247/58
f 189/247/58 194/253/63 191/254/62 186/248/57
f 190/249/66 195/255/71 197/256/70 192/250/65
f 192/250/65 197/256/70 198/257/69 193/251/64
f 193/252/64 198/258/69 199/259/68 194/253/63
f 194/253/63 199/259/68 196/260/67 191/254/62
f 195/255/71 200/261/76 202/262/75 197/256/70
f 197/256/70 202/262/75 203/263/74 198/257/69
f 198/264/69 203/265/74 204/266/73 199/267/68
f 199/267/68 204/266/73 201/268/72 196/269/67
f 200/261/76 205/270/81 207/271/80 202/262/75
f 202/262/75 207/271/80 208/272/79 203/263/74
f 203/265/74 208/273/79 209/274/78 204/266/73
f 204/266/73 209/274/78 206/275/77 201/268/72
f 205/270/81 210/276/86 212/277/85 207/271/80
f 207/271/80 212/277/85 213/278/84 208/272/79
f 208/273/79 213/279/84 214/280/83 209/274/78
f 209/274/78 214/280/83 211/281/82 206/275/77
f 210/276/86 215/282/91 217/283/90 212/277/85
f 212/277/85 217/283/90 218/284/89 213/278/84
f 213/279/84 218/285/89 219/286/88 214/280/83
f 214/280/83 219/286/88 216/287/87 211/281/82
f 215/282/91 220/288/96 222/289/95 217/283/90
f 217/283/90 222/289/95 223/290/94 218/284/89
f 218/291/89 223/292/94 224/293/93 219/294/88
f 219/294/88 224/293/93 221/295/92 216/296/87
f 220/288/96 146/189/25 149/192/23 222/289/95
f 222/289/95 149/192/23 148/194/21 223/290/94
f 223/292/94 148/195/21 147/198/19 224/293/93
f 224/293/93 147/198/19 145/200/18 221/295/92
f 226/297/97 230/298/98 232/299/99 229/300/100
f 229/300/100 232/299/99 233/301/101 228/302/102
f 228/303/102 233/304/101 234/305/103 227/306/104
f 227/306/104 234/305/103 231/307/105 225/308/106
f 230/298/98 235/309/107 237/310/108 232/299/99
f 232/299/99 237/310/108 238/311/109 233/301/101
f 233/304/101 238/312/109 239/313/110 234/305/103
f 234/305/103 239/313/110 236/314/111 231/307/105
f 235/315/107 240/316/112 242/317/113 237/318/108
f 237/318/108 242/317/113 243/319/114 238/320/109
f 238/312/109 243/321/114 244/322/115 239/313/110
f 239/313/110 244/322/115 241/323/116 236/314/111
f 240/316/112 245/324/117 247/325/118 242/317/113
f 242/317/113 247/325/118 248/326/119 243/319/114
f 243/321/114 248/327/119 249/328/120 244/322/115
f 244/322/115 249/328/120 246/329/121 241/323/116
f 245/324/117 250/330/122 252/331/123 247/325/118
f 247/325/118 252/331/123 253/332/124 248/326/119
f 248/327/119 253/333/124 254/334/125 249/328/120
f 249/328/120 254/334/125 251/335/126 246/329/121
f 250/330/122 255/336/127 257/337/128 252/331/123
f 252/331/123 257/337/128 258/338/129 253/332/124
f 253/333/124 258/339/129 259/340/130 254/334/125
f 254/334/125 259/340/130 256/341/131 251/335/126
f 255/342/127 260/343/132 262/344/133 257/345/128
f 257/345/128 262/344/133 263/346/134 258/347/129
f 258/339/129 263/348/134 264/349/135 259/340/130
f 259/340/130 264/349/135 261/350/136 256/341/131
f 260/343/132 265/351/137 267/352/138 262/344/133
f 262/344/133 267/352/138 268/353/139 263/346/134
f 263/348/134 268/354/139 269/355/140 264/349/135
f 264/349/135 269/355/140 266/356/141 261/350/136
f 265/351/137 270/357/142 272/358/143 267/352/138
f 267/352/138 272/358/143 273/359/144 268/353/139
f 268/354/139 273/360/144 274/361/145 269/355/140
f 269/355/140 274/361/145 271/362/146 266/356/141
f 270/357/142 275/363/147 277/364/148 272/358/143
f 272/358/143 277/364/148 278/365/149 273/359/144
f 273/360/144 278/366/149 279/367/150 274/361/145
f 274/361/145 279/367/150 276/368/151 271/362/146
f 275/369/147 280/370/152 282/371/153 277/372/148
f 277/372/148 282/371/153 283/373/154 278/374/149
f 278/366/149 283/375/154 284/376/155 279/367/150
f 279/367/150 284/376/155 281/377/156 276/368/151
f 280/370/152 285/378/157 287/379/158 282/371/153
f 282/371/153 287/379/158 288/380/159 283/373/154
f 283/375/154 288/381/159 289/382/160 284/376/155
f 284/376/155 289/382/160 286/383/161 281/377/156
f 285/378/157 290/384/162 292/385/163 287/379/158
f 287/379/158 292/385/163 293/386/164 288/380/159
f 288/381/159 293/387/164 294/388/165 289/382/160
f 289/382/160 294/388/165 291/389/166 286/383/161
f 290/384/162 295/390/167 297/391/168 292/385/163
f 292/385/163 297/391/168 298/392/169 293/386/164
f 293/387/164 298/393/169 299/394/170 294/388/165
f 294/388/165 299/394/170 296/395/171 291/389/166
f 295/396/167 300/397/172 302/398/173 297/399/168
f 297/399/168 302/398/173 303/400/174 298/401/169
f 298/393/169 303/402/174 304/403/175 299/394/170
f 299/394/170 304/403/175 301/404/176 296/395/171
f 300/397/172 226/297/97 229/300/100 302/398/173
f 302/398/173 229/300/100 228/302/102 303/400/174
f 303/402/174 228/303/102 227/306/104 304/403/175
f 304/403/175 227/306/104 225/308/106 301/404/176
f 31/405/177 1/406/177 146/189/25 220/288/96
f 221/295/92 145/200/18 140/407/1 133/408/16
f 1/406/177 3/409/177 150/190/26 146/189/25
f 145/200/18 151/199/17 139/410/2 140/407/1
f 3/409/177 5/411/177 155/201/31 150/190/26
f 151/199/17 156/206/27 136/412/3 139/410/2
f 5/411/177 7/413/177 160/207/36 155/201/31
f 156/215/27 161/214/32 135/414/4 136/415/3
f 161/214/32 166/221/37 130/416/5 135/414/4
f 7/413/177 9/417/177 165/216/41 160/207/36
f 166/221/37 171/227/42 129/418/6 130/416/5
f 9/417/177 11/419/177 170/222/46 165/216/41
f 171/227/42 176/233/47 143/420/7 129/418/6
f 11/419/177 13/421/177 175/228/51 170/222/46
f 176/242/47 181/241/52 138/422/8 143/423/7
f 13/421/177 15/424/177 180/234/56 175/228/51
f 15/424/177 17/425/177 185/243/61 180/234/56
f 181/241/52 186/248/57 137/426/9 138/422/8
f 186/248/57 191/254/62 132/427/10 137/426/9
f 17/425/177 19/428/177 190/249/66 185/243/61
f 191/254/62 196/260/67 131/429/11 132/427/10
f 19/428/177 21/430/177 195/255/71 190/249/66
f 21/430/177 23/431/177 200/261/76 195/255/71
f 196/269/67 201/268/72 144/432/12 131/433/11
f 201/268/72 206/275/77 142/434/13 144/432/12
f 23/431/177 25/435/177 205/270/81 200/261/76
f 206/275/77 211/281/82 141/436/14 142/434/13
f 25/435/177 27/437/177 210/276/86 205/270/81
f 211/281/82 216/287/87 134/438/15 141/436/14
f 27/437/177 29/439/177 215/282/91 210/276/86
f 216/296/87 221/295/92 133/408/16 134/440/15
f 29/439/177 31/405/177 220/288/96 215/282/91
f 34/441/178 33/442/178 225/308/106 231/307/105
f 133/408/16 140/407/1 226/297/97 300/397/172
f 33/442/178 48/443/178 301/404/176 225/308/106
f 140/407/1 139/410/2 230/298/98 226/297/97
f 35/444/178 34/441/178 231/307/105 236/314/111
f 139/410/2 136/412/3 235/309/107 230/298/98
f 136/415/3 135/414/4 240/316/112 235/315/107
f 36/445/178 35/444/178 236/314/111 241/323/116
f 37/446/178 36/445/178 241/323/116 246/329/121
f 135/414/4 130/416/5 245/324/117 240/316/112
f 38/447/178 37/446/178 246/329/121 251/335/126
f 130/416/5 129/418/6 250/330/122 245/324/117
f 39/448/178 38/447/178 251/335/126 256/341/131
f 129/418/6 143/420/7 255/336/127 250/330/122
f 40/449/178 39/448/178 256/341/131 261/350/136
f 143/423/7 138/422/8 260/343/132 255/342/127
f 41/450/178 40/449/178 261/350/136 266/356/141
f 138/422/8 137/426/9 265/351/137 260/343/132
f 42/451/178 41/450/178 266/356/141 271/362/146
f 137/426/9 132/427/10 270/357/142 265/351/137
f 43/452/178 42/451/178 271/362/146 276/368/151
f 132/427/10 131/429/11 275/363/147 270/357/142
f 44/453/178 43/452/178 276/368/151 281/377/156
f 131/433/11 144/432/12 280/370/152 275/369/147
f 45/454/178 44/453/178 281/377/156 286/383/161
f 144/432/12 142/434/13 285/378/157 280/370/152
f 142/434/13 141/436/14 290/384/162 285/378/157
f 46/455/178 45/454/178 286/383/161 291/389/166
f 47/456/178 46/455/178 291/389/166 296/395/171
f 141/436/14 134/438/15 295/390/167 290/384/162
f 134/440/15 133/408/16 300/397/172 295/396/167
f 48/443/178 47/456/178 296/395/171 301/404/176
f 306/457/179 310/458/180 312/459/181 309/460/182
f 309/460/182 312/459/181 313/461/183 308/462/184
f 308/462/184 313/461/183 314/463/185 307/464/186
f 307/464/186 314/463/185 311/465/187 305/466/188
f 310/458/180 315/467/189 317/468/190 312/459/181
f 312/459/181 317/468/190 318/469/191 313/461/183
f 313/461/183 318/469/191 319/470/192 314/463/185
f 314/463/185 319/470/192 316/471/193 311/465/187
f 315/472/189 320/473/194 322/474/195 317/475/190
f 317/475/190 322/474/195 323/476/196 318/477/191
f 318/477/191 323/476/196 324/478/197 319/479/192
f 319/479/192 324/478/197 321/480/198 316/481/193
f 320/473/194 325/482/199 327/483/200 322/474/195
f 322/474/195 327/483/200 328/484/201 323/476/196
f 323/476/196 328/484/201 329/485/202 324/478/197
f 324/478/197 329/485/202 326/486/203 321/480/198
f 325/482/199 330/487/204 332/488/205 327/483/200
f 327/483/200 332/488/205 333/489/206 328/484/201
f 328/484/201 333/489/206 334/490/207 329/485/202
f 329/485/202 334/490/207 331/491/208 326/486/203
f 330/487/204 335/492/209 337/493/210 332/488/205
f 332/488/205 337/493/210 338/494/211 333/489/206
f 333/489/206 338/494/211 339/495/212 334/490/207
f 334/490/207 339/495/212 336/496/213 331/491/208
f 335/497/209 340/498/214 342/499/215 337/500/210
f 337/500/210 342/499/215 343/501/216 338/502/211
f 338/502/211 343/501/216 344/503/217 339/504/212
f 339/504/212 344/503/217 341/505/218 336/506/213
f 340/498/214 345/507/219 347/508/220 342/499/215
f 342/499/215 347/508/220 348/509/221 343/501/216
f 343/501/216 348/509/221 349/510/222 344/503/217
f 344/503/217 349/510/222 346/511/223 341/505/218
f 345/507/219 350/512/224 352/513/225 347/508/220
f 347/508/220 352/513/225 353/514/226 348/509/221
f 348/509/221 353/514/226 354/515/227 349/510/222
f 349/510/222 354/515/227 351/516/228 346/511/223
f 350/512/224 355/517/229 357/518/230 352/513/225
f 352/513/225 357/518/230 358/519/231 353/514/226
f 353/514/226 358/519/231 359/520/232 354/515/227
f 354/515/227 359/520/232 356/521/233 351/516/228
f 355/522/229 360/523/234 362/524/235 357/525/230
f 357/525/230 362/524/235 363/526/236 358/527/231
f 358/527/231 363/526/236 364/528/237 359/529/232
f 359/529/232 364/528/237 361/530/238 356/531/233
f 360/523/234 365/532/239 367/533/240 362/524/235
f 362/524/235 367/533/240 368/534/241 363/526/236
f 363/526/236 368/534/241 369/535/242 364/528/237
f 364/528/237 369/535/242 366/536/243 361/530/238
f 365/532/239 370/537/244 372/538/245 367/533/240
f 367/533/240 372/538/245 373/539/246 368/534/241
f 368/534/241 373/539/246 374/540/247 369/535/242
f 369/535/242 374/540/247 371/541/248 366/536/243
f 370/537/244 375/542/249 377/543/250 372/538/245
f 372/538/245 377/543/250 378/544/251 373/539/246
f 373/539/246 378/544/251 379/545/252 374/540/247
f 374/540/247 379/545/252 376/546/253 371/541/248
f 375/547/249 380/548/254 382/549/255 377/550/250
f 377/550/250 382/549/255 383/551/256 378/552/251
f 378/552/251 383/551/256 384/553/257 379/554/252
f 379/554/252 384/553/257 381/555/258 376/556/253
f 380/548/254 306/457/179 309/460/182 382/549/255
f 382/549/255 309/460/182 308/462/184 383/551/256
f 383/551/256 308/462/184 307/464/186 384/553/257
f 384/553/257 307/464/186 305/466/188 381/555/258
f 64/557/259 49/558/260 306/457/179 380/548/254
f 49/558/260 50/559/261 310/458/180 306/457/179
f 50/560/261 51/561/262 315/562/189 310/563/180
f 51/561/262 52/564/263 320/565/194 315/562/189
f 52/47/263 53/54/264 325/482/199 320/473/194
f 53/54/264 54/58/265 330/487/204 325/482/199
f 54/566/265 55/567/266 335/568/209 330/569/204
f 55/567/266 56/570/267 340/571/214 335/568/209
f 56/570/267 57/572/268 345/573/219 340/571/214
f 57/572/268 58/574/269 350/575/224 345/573/219
f 58/574/269 59/576/270 355/577/229 350/575/224
f 59/576/270 60/578/271 360/579/234 355/577/229
f 60/51/271 61/56/272 365/532/239 360/523/234
f 61/56/272 62/60/273 370/537/244 365/532/239
f 62/580/273 63/581/274 375/582/249 370/583/244
f 63/581/274 64/584/259 380/585/254 375/582/249
f 386/586/97 390/587/98 392/588/99 389/589/100
f 389/589/100 392/588/99 393/590/101 388/591/102
f 388/592/102 393/593/101 394/594/103 387/595/104
f 387/595/104 394/594/103 391/596/105 385/597/106
f 390/587/98 395/598/107 397/599/108 392/588/99
f 392/588/99 397/599/108 398/600/109 393/590/101
f 393/593/101 398/601/109 399/602/110 394/594/103
f 394/594/103 399/602/110 396/603/111 391/596/105
f 395/604/107 400/605/112 402/606/113 397/607/108
f 397/607/108 402/606/113 403/608/114 398/609/109
f 398/601/109 403/610/114 404/611/115 399/602/110
f 399/602/110 404/611/115 401/612/116 396/603/111
f 400/605/112 405/613/117 407/614/118 402/606/113
f 402/606/113 407/614/118 408/615/119 403/608/114
f 403/610/114 408/616/119 409/617/120 404/611/115
f 404/611/115 409/617/120 406/618/121 401/612/116
f 405/613/117 410/619/122 412/620/123 407/614/118
f 407/614/118 412/620/123 413/621/124 408/615/119
f 408/616/119 413/622/124 414/623/125 409/617/120
f 409/617/120 414/623/125 411/624/126 406/618/121
f 410/619/122 415/625/127 417/626/128 412/620/123
f 412/620/123 417/626/128 418/627/129 413/621/124
f 413/622/124 418/628/129 419/629/130 414/623/125
f 414/623/125 419/629/130 416/630/131 411/624/126
f 415/631/127 420/632/132 422/633/133 417/634/128
f 417/634/128 422/633/133 423/635/134 418/636/129
f 418/628/129 423/637/134 424/638/135 419/629/130
f 419/629/130 424/638/135 421/639/136 416/630/131
f 420/632/132 425/640/137 427/641/138 422/633/133
f 422/633/133 427/641/138 428/642/139 423/635/134
f 423/637/134 428/643/139 429/644/140 424/638/135
f 424/638/135 429/644/140 426/645/141 421/639/136
f 425/640/137 430/646/142 432/647/143 427/641/138
f 427/641/138 432/647/143 433/648/144 428/642/139
f 428/643/139 433/649/144 434/650/145 429/644/140
f 429/644/140 434/650/145 431/651/146 426/645/141
f 430/646/142 435/652/147 437/653/148 432/647/143
f 432/647/143 437/653/148 438/654/149 433/648/144
f 433/649/144 438/655/149 439/656/150 434/650/145
f 434/650/145 439/656/150 436/657/151 431/651/146
f 435/658/147 440/659/152 442/660/153 437/661/148
f 437/661/148 442/660/153 443/662/154 438/663/149
f 438/655/149 443/664/154 444/665/155 439/656/150
f 439/656/150 444/665/155 441/666/156 436/657/151
f 440/659/152 445/667/157 447/668/158 442/660/153
f 442/660/153 447/668/158 448/669/159 443/662/154
f 443/664/154 448/670/159 449/671/160 444/665/155
f 444/665/155 449/671/160 446/672/161 441/666/156
f 445/667/157 450/673/162 452/674/163 447/668/158
f 447/668/158 452/674/163 453/675/164 448/669/159
f 448/670/159 453/676/164 454/677/165 449/671/160
f 449/671/160 454/677/165 451/678/166 446/672/161
f 450/673/162 455/679/167 457/680/168 452/674/163
f 452/674/163 457/680/168 458/681/169 453/675/164
f 453/676/164 458/682/169 459/683/170 454/677/165
f 454/677/165 459/683/170 456/684/171 451/678/166
f 455/685/167 460/686/172 462/687/173 457/688/168
f 457/688/168 462/687/173 463/689/174 458/690/169
f 458/682/169 463/691/174 464/692/175 459/683/170
f 459/683/170 464/692/175 461/693/176 456/684/171
f 460/686/172 386/586/97 389/589/100 462/687/173
f 462/687/173 389/589/100 388/591/102 463/689/174
f 463/691/174 388/592/102 387/595/104 464/692/175
f 464/692/175 387/595/104 385/597/106 461/693/176
f 305/466/188 311/465/187 390/587/98 386/586/97
f 385/597/106 391/596/105 396/603/111 401/612/116 406/618/121 411/624/126 416/630/131 421/639/136 426/645/141 431/651/146 436/657/151 441/666/156 446/672/161 451/678/166 456/684/171 461/693/176
f 381/555/258 305/466/188 386/586/97 460/686/172
f 311/465/187 316/471/193 395/598/107 390/587/98
f 316/481/193 321/480/198 400/605/112 395/604/107
f 321/480/198 326/486/203 405/613/117 400/605/112
f 326/486/203 331/491/208 410/619/122 405/613/117
f 331/491/208 336/496/213 415/625/127 410/619/122
f 336/506/213 341/505/218 420/632/132 415/631/127
f 341/505/218 346/511/223 425/640/137 420/632/132
f 346/511/223 351/516/228 430/646/142 425/640/137
f 351/516/228 356/521/233 435/652/147 430/646/142
f 356/531/233 361/530/238 440/659/152 435/658/147
f 361/530/238 366/536/243 445/667/157 440/659/152
f 366/536/243 371/541/248 450/673/162 445/667/157
f 371/541/248 376/546/253 455/679/167 450/673/162
f 376/556/253 381/555/258 460/686/172 455/685/167
f 498/694/275 502/695/276 504/696/277 501/697/278
f 501/697/278 504/696/277 505/698/279 500/699/280
f 500/700/280 505/701/279 506/702/281 499/703/282
f 499/703/282 506/702/281 503/704/283 497/705/284
f 502/695/276 507/706/285 509/707/286 504/696/277
f 504/696/277 509/707/286 510/708/287 505/698/279
f 505/701/279 510/709/287 511/710/288 506/702/281
f 506/702/281 511/710/288 508/711/289 503/704/283
f 507/712/285 512/713/290 514/714/291 509/715/286
f 509/715/286 514/714/291 515/716/292 510/717/287
f 510/709/287 515/718/292 516/719/293 511/710/288
f 511/710/288 516/719/293 513/720/294 508/711/289
f 512/713/290 517/721/295 519/722/296 514/714/291
f 514/714/291 519/722/296 520/723/297 515/716/292
f 515/718/292 520/724/297 521/725/298 516/719/293
f 516/719/293 521/725/298 518/726/299 513/720/294
f 517/721/295 522/727/300 524/728/301 519/722/296
f 519/722/296 524/728/301 525/729/302 520/723/297
f 520/724/297 525/730/302 526/731/303 521/725/298
f 521/725/298 526/731/303 523/732/304 518/726/299
f 522/727/300 527/733/305 529/734/306 524/728/301
f 524/728/301 529/734/306 530/735/307 525/729/302
f 525/730/302 530/736/307 531/737/308 526/731/303
f 526/731/303 531/737/308 528/738/309 523/732/304
f 527/739/305 532/740/310 534/741/311 529/742/306
f 529/742/306 534/741/311 535/743/312 530/744/307
f 530/736/307 535/745/312 536/746/313 531/737/308
f 531/737/308 536/746/313 533/747/314 528/738/309
f 532/740/310 537/748/315 539/749/316 534/741/311
f 534/741/311 539/749/316 540/750/317 535/743/312
f 535/745/312 540/751/317 541/752/318 536/746/313
f 536/746/313 541/752/318 538/753/319 533/747/314
f 537/748/315 542/754/320 544/755/321 539/749/316
f 539/749/316 544/755/321 545/756/322 540/750/317
f 540/751/317 545/757/322 546/758/323 541/752/318
f 541/752/318 546/758/323 543/759/324 538/753/319
f 542/754/320 547/760/325 549/761/326 544/755/321
f 544/755/321 549/761/326 550/762/327 545/756/322
f 545/757/322 550/763/327 551/764/328 546/758/323
f 546/758/323 551/764/328 548/765/329 543/759/324
f 547/766/325 552/767/330 554/768/331 549/769/326
f 549/769/326 554/768/331 555/770/332 550/771/327
f 550/763/327 555/772/332 556/773/333 551/764/328
f 551/764/328 556/773/333 553/774/334 548/765/329
f 552/767/330 557/775/335 559/776/336 554/768/331
f 554/768/331 559/776/336 560/777/337 555/770/332
f 555/772/332 560/778/337 561/779/338 556/773/333
f 556/773/333 561/779/338 558/780/339 553/774/334
f 557/775/335 562/781/340 564/782/341 559/776/336
f 559/776/336 564/782/341 565/783/342 560/777/337
f 560/778/337 565/784/342 566/785/343 561/779/338
f 561/779/338 566/785/343 563/786/344 558/780/339
f 562/781/340 567/787/345 569/788/346 564/782/341
f 564/782/341 569/788/346 570/789/347 565/783/342
f 565/784/342 570/790/347 571/791/348 566/785/343
f 566/785/343 571/791/348 568/792/349 563/786/344
f 567/793/345 572/794/350 574/795/351 569/796/346
f 569/796/346 574/795/351 575/797/352 570/798/347
f 570/790/347 575/799/352 576/800/353 571/791/348
f 571/791/348 576/800/353 573/801/354 568/792/349
f 572/794/350 498/694/275 501/697/278 574/795/351
f 574/795/351 501/697/278 500/699/280 575/797/352
f 575/799/352 500/700/280 499/703/282 576/800/353
f 576/800/353 499/703/282 497/705/284 573/801/354
f 502/695/276 498/694/275 577/802/355 578/803/356
f 497/705/284 503/704/283 466/92/26 465/91/25
f 498/694/275 572/794/350 592/804/357 577/802/355
f 573/801/354 497/705/284 465/91/25 480/188/96
f 503/704/283 508/711/289 467/98/31 466/92/26
f 507/706/285 502/695/276 578/803/356 579/805/358
f 508/711/289 513/720/294 468/107/36 467/98/31
f 512/713/290 507/712/285 579/806/358 580/807/359
f 513/720/294 518/726/299 469/113/41 468/107/36
f 517/721/295 512/713/290 580/807/359 581/808/360
f 518/726/299 523/732/304 470/119/46 469/113/41
f 522/727/300 517/721/295 581/808/360 582/809/361
f 527/733/305 522/727/300 582/809/361 583/810/362
f 523/732/304 528/738/309 471/125/51 470/119/46
f 528/738/309 533/747/314 472/134/56 471/125/51
f 532/740/310 527/739/305 583/811/362 584/812/363
f 533/747/314 538/753/319 473/140/61 472/134/56
f 537/748/315 532/740/310 584/812/363 585/813/364
f 538/753/319 543/759/324 474/146/66 473/140/61
f 542/754/320 537/748/315 585/813/364 586/814/365
f 543/759/324 548/765/329 475/152/71 474/146/66
f 547/760/325 542/754/320 586/814/365 587/815/366
f 548/765/329 553/774/334 476/161/76 475/152/71
f 552/767/330 547/766/325 587/816/366 588/817/367
f 553/774/334 558/780/339 477/167/81 476/161/76
f 557/775/335 552/767/330 588/817/367 589/818/368
f 558/780/339 563/786/344 478/173/86 477/167/81
f 562/781/340 557/775/335 589/818/368 590/819/369
f 563/786/344 568/792/349 479/179/91 478/173/86
f 567/787/345 562/781/340 590/819/369 591/820/370
f 568/792/349 573/801/354 480/188/96 479/179/91
f 572/794/350 567/793/345 591/821/370 592/804/357
f 481/822/177 482/823/177 578/824/177 577/825/177
f 482/823/177 483/826/177 579/827/177 578/824/177
f 483/826/177 484/828/177 580/829/177 579/827/177
f 484/828/177 485/830/177 581/831/177 580/829/177
f 485/830/177 486/832/177 582/833/177 581/831/177
f 486/832/177 487/834/177 583/835/177 582/833/177
f 487/834/177 488/836/177 584/837/177 583/835/177
f 488/836/177 489/838/177 585/839/177 584/837/177
f 489/838/177 490/840/177 586/841/177 585/839/177
f 490/840/177 491/842/177 587/843/177 586/841/177
f 491/842/177 492/844/177 588/845/177 587/843/177
f 492/844/177 493/846/177 589/847/177 588/845/177
f 493/846/177 494/848/177 590/849/177 589/847/177
f 494/848/177 495/850/177 591/851/177 590/849/177
f 495/850/177 496/852/177 592/853/177 591/851/177
f 496/852/177 481/822/177 577/825/177 592/853/177
f 598/854/6 597/855/5 613/856/5 614/857/6
f 606/858/14 605/859/13 621/860/13 622/861/14
f 599/862/7 598/854/6 614/857/6 615/863/7
f 607/864/15 606/858/14 622/861/14 623/865/15
f 600/866/8 599/867/7 615/868/7 616/869/8
f 608/870/16 607/871/15 623/872/15 624/873/16
f 601/874/9 600/866/8 616/869/8 617/875/9
f 594/876/2 593/877/1 609/878/1 610/879/2
f 593/877/1 608/870/16 624/873/16 609/878/1
f 602/880/10 601/874/9 617/875/9 618/881/10
f 595/882/3 594/876/2 610/879/2 611/883/3
f 603/884/11 602/880/10 618/881/10 619/885/11
f 596/886/4 595/887/3 611/888/3 612/889/4
f 604/890/12 603/891/11 619/892/11 620/893/12
f 597/855/5 596/886/4 612/889/4 613/856/5
f 605/859/13 604/890/12 620/893/12 621/860/13
f 626/894/177 625/895/177 640/896/177 639/897/177 638/898/177 637/899/177 636/900/177 635/901/177 634/902/177 633/903/177 632/904/177 631/905/177 630/906/177 629/907/177 628/908/177 627/909/177
f 642/910/97 646/911/98 648/912/371 645/913/372
f 645/913/372 648/912/371 649/914/101 644/915/102
f 644/916/102 649/917/101 650/918/103 643/919/104
f 643/919/104 650/918/103 647/920/373 641/921/374
f 646/911/98 651/922/107 653/923/375 648/912/371
f 648/912/371 653/923/375 654/924/376 649/914/101
f 649/917/101 654/925/376 655/926/110 650/918/103
f 650/918/103 655/926/110 652/927/111 647/920/373
f 651/928/107 656/929/112 658/930/377 653/931/375
f 653/931/375 658/930/377 659/932/378 654/933/376
f 654/925/376 659/934/378 660/935/115 655/926/110
f 655/926/110 660/935/115 657/936/116 652/927/111
f 656/929/112 661/937/117 663/938/379 658/930/377
f 658/930/377 663/938/379 664/939/380 659/932/378
f 659/934/378 664/940/380 665/941/381 660/935/115
f 660/935/115 665/941/381 662/942/382 657/936/116
f 661/937/117 666/943/122 668/944/383 663/938/379
f 663/938/379 668/944/383 669/945/384 664/939/380
f 664/940/380 669/946/384 670/947/385 665/941/381
f 665/941/381 670/947/385 667/948/386 662/942/382
f 666/943/122 671/949/127 673/950/387 668/944/383
f 668/944/383 673/950/387 674/951/388 669/945/384
f 669/946/384 674/952/388 675/953/130 670/947/385
f 670/947/385 675/953/130 672/954/389 667/948/386
f 671/955/127 676/956/132 678/957/390 673/958/387
f 673/958/387 678/957/390 679/959/134 674/960/388
f 674/952/388 679/961/134 680/962/391 675/953/130
f 675/953/130 680/962/391 677/963/392 672/954/389
f 676/956/132 681/964/137 683/965/393 678/957/390
f 678/957/390 683/965/393 684/966/139 679/959/134
f 679/961/134 684/967/139 685/968/140 680/962/391
f 680/962/391 685/968/140 682/969/394 677/963/392
f 681/964/137 686/970/142 688/971/395 683/965/393
f 683/965/393 688/971/395 689/972/144 684/966/139
f 684/967/139 689/973/144 690/974/145 685/968/140
f 685/968/140 690/974/145 687/975/396 682/969/394
f 686/970/142 691/976/147 693/977/397 688/971/395
f 688/971/395 693/977/397 694/978/149 689/972/144
f 689/973/144 694/979/149 695/980/150 690/974/145
f 690/974/145 695/980/150 692/981/398 687/975/396
f 691/982/147 696/983/152 698/984/399 693/985/397
f 693/985/397 698/984/399 699/986/154 694/987/149
f 694/979/149 699/988/154 700/989/400 695/980/150
f 695/980/150 700/989/400 697/990/401 692/981/398
f 696/983/152 701/991/157 703/992/402 698/984/399
f 698/984/399 703/992/402 704/993/159 699/986/154
f 699/988/154 704/994/159 705/995/160 700/989/400
f 700/989/400 705/995/160 702/996/403 697/990/401
f 701/991/157 706/997/162 708/998/404 703/992/402
f 703/992/402 708/998/404 709/999/405 704/993/159
f 704/994/159 709/1000/405 710/1001/406 705/995/160
f 705/995/160 710/1001/406 707/1002/407 702/996/403
f 706/997/162 711/1003/167 713/1004/408 708/998/404
f 708/998/404 713/1004/408 714/1005/409 709/999/405
f 709/1000/405 714/1006/409 715/1007/170 710/1001/406
f 710/1001/406 715/1007/170 712/1008/410 707/1002/407
f 711/1009/167 716/1010/172 718/1011/411 713/1012/408
f 713/1012/408 718/1011/411 719/1013/174 714/1014/409
f 714/1006/409 719/1015/174 720/1016/175 715/1007/170
f 715/1007/170 720/1016/175 717/1017/412 712/1008/410
f 716/1010/172 642/910/97 645/913/372 718/1011/411
f 718/1011/411 645/913/372 644/915/102 719/1013/174
f 719/1015/174 644/916/102 643/919/104 720/1016/175
f 720/1016/175 643/919/104 641/921/374 717/1017/412
f 646/911/98 642/910/97 625/1018/1 626/1019/2
f 610/1020/178 609/1021/178 641/921/374 647/920/373
f 642/910/97 716/1010/172 640/1022/16 625/1018/1
f 609/1021/178 624/1023/178 717/1017/412 641/921/374
f 611/1024/178 610/1020/178 647/920/373 652/927/111
f 651/922/107 646/911/98 626/1019/2 627/1025/3
f 612/1026/178 611/1024/178 652/927/111 657/936/116
f 656/929/112 651/928/107 627/1027/3 628/1028/4
f 613/1029/178 612/1026/178 657/936/116 662/942/382
f 661/937/117 656/929/112 628/1028/4 629/1030/5
f 614/1031/178 613/1029/178 662/942/382 667/948/386
f 666/943/122 661/937/117 629/1030/5 630/1032/6
f 615/1033/178 614/1031/178 667/948/386 672/954/389
f 671/949/127 666/943/122 630/1032/6 631/1034/7
f 616/1035/178 615/1033/178 672/954/389 677/963/392
f 676/956/132 671/955/127 631/1036/7 632/1037/8
f 617/1038/178 616/1035/178 677/963/392 682/969/394
f 681/964/137 676/956/132 632/1037/8 633/1039/9
f 618/1040/178 617/1038/178 682/969/394 687/975/396
f 686/970/142 681/964/137 633/1039/9 634/1041/10
f 619/1042/178 618/1040/178 687/975/396 692/981/398
f 691/976/147 686/970/142 634/1041/10 635/1043/11
f 620/1044/178 619/1042/178 692/981/398 697/990/401
f 696/983/152 691/982/147 635/1045/11 636/1046/12
f 621/1047/178 620/1044/178 697/990/401 702/996/403
f 701/991/157 696/983/152 636/1046/12 637/1048/13
f 622/1049/178 621/1047/178 702/996/403 707/1002/407
f 706/997/162 701/991/157 637/1048/13 638/1050/14
f 623/1051/178 622/1049/178 707/1002/407 712/1008/410
f 711/1003/167 706/997/162 638/1050/14 639/1052/15
f 624/1023/178 623/1051/178 712/1008/410 717/1017/412
f 716/1010/172 711/1009/167 639/1053/15 640/1022/16
f 722/1054/413 726/1055/414 728/1056/415 725/1057/416
f 725/1057/416 728/1056/415 729/1058/22 724/1059/21
f 724/1060/21 729/1061/22 730/1062/417 723/1063/418
f 723/1063/418 730/1062/417 727/1064/17 721/1065/18
f 726/1055/414 731/1066/419 733/1067/420 728/1056/415
f 728/1056/415 733/1067/420 734/1068/421 729/1058/22
f 729/1061/22 734/1069/421 735/1070/422 730/1062/417
f 730/1062/417 735/1070/422 732/1071/27 727/1064/17
f 731/1066/419 736/1072/423 738/1073/35 733/1067/420
f 733/1067/420 738/1073/35 739/1074/424 734/1068/421
f 734/1075/421 739/1076/424 740/1077/425 735/1078/422
f 735/1078/422 740/1077/425 737/1079/32 732/1080/27
f 736/1072/423 741/1081/426 743/1082/40 738/1073/35
f 738/1073/35 743/1082/40 744/1083/427 739/1074/424
f 739/1076/424 744/1084/427 745/1085/428 740/1077/425
f 740/1077/425 745/1085/428 742/1086/37 737/1079/32
f 741/1081/426 746/1087/429 748/1088/430 743/1082/40
f 743/1082/40 748/1088/430 749/1089/431 744/1083/427
f 744/1084/427 749/1090/431 750/1091/432 745/1085/428
f 745/1085/428 750/1091/432 747/1092/42 742/1086/37
f 746/1087/429 751/1093/433 753/1094/434 748/1088/430
f 748/1088/430 753/1094/434 754/1095/49 749/1089/431
f 749/1090/431 754/1096/49 755/1097/435 750/1091/432
f 750/1091/432 755/1097/435 752/1098/47 747/1092/42
f 751/1093/433 756/1099/436 758/1100/437 753/1094/434
f 753/1094/434 758/1100/437 759/1101/54 754/1095/49
f 754/1102/49 759/1103/54 760/1104/438 755/1105/435
f 755/1105/435 760/1104/438 757/1106/52 752/1107/47
f 756/1099/436 761/1108/439 763/1109/440 758/1100/437
f 758/1100/437 763/1109/440 764/1110/59 759/1101/54
f 759/1103/54 764/1111/59 765/1112/441 760/1104/438
f 760/1104/438 765/1112/441 762/1113/57 757/1106/52
f 761/1108/439 766/1114/66 768/1115/442 763/1109/440
f 763/1109/440 768/1115/442 769/1116/443 764/1110/59
f 764/1111/59 769/1117/443 770/1118/444 765/1112/441
f 765/1112/441 770/1118/444 767/1119/62 762/1113/57
f 766/1114/66 771/1120/445 773/1121/446 768/1115/442
f 768/1115/442 773/1121/446 774/1122/69 769/1116/443
f 769/1117/443 774/1123/69 775/1124/447 770/1118/444
f 770/1118/444 775/1124/447 772/1125/67 767/1119/62
f 771/1120/445 776/1126/448 778/1127/449 773/1121/446
f 773/1121/446 778/1127/449 779/1128/74 774/1122/69
f 774/1129/69 779/1130/74 780/1131/450 775/1132/447
f 775/1132/447 780/1131/450 777/1133/72 772/1134/67
f 776/1126/448 781/1135/451 783/1136/452 778/1127/449
f 778/1127/449 783/1136/452 784/1137/453 779/1128/74
f 779/1130/74 784/1138/453 785/1139/454 780/1131/450
f 780/1131/450 785/1139/454 782/1140/77 777/1133/72
f 781/1135/451 786/1141/455 788/1142/456 783/1136/452
f 783/1136/452 788/1142/456 789/1143/457 784/1137/453
f 784/1138/453 789/1144/457 790/1145/458 785/1139/454
f 785/1139/454 790/1145/458 787/1146/82 782/1140/77
f 786/1141/455 791/1147/459 793/1148/460 788/1142/456
f 788/1142/456 793/1148/460 794/1149/89 789/1143/457
f 789/1144/457 794/1150/89 795/1151/461 790/1145/458
f 790/1145/458 795/1151/461 792/1152/87 787/1146/82
f 791/1147/459 796/1153/462 798/1154/463 793/1148/460
f 793/1148/460 798/1154/463 799/1155/94 794/1149/89
f 794/1156/89 799/1157/94 800/1158/464 795/1159/461
f 795/1159/461 800/1158/464 797/1160/92 792/1161/87
f 796/1153/462 722/1054/413 725/1057/416 798/1154/463
f 798/1154/463 725/1057/416 724/1059/21 799/1155/94
f 799/1157/94 724/1060/21 723/1063/418 800/1158/464
f 800/1158/464 723/1063/418 721/1065/18 797/1160/92
f 593/1162/177 594/1163/177 726/1055/414 722/1054/413
f 482/1164/2 481/1165/1 721/1065/18 727/1064/17
f 608/1166/177 593/1162/177 722/1054/413 796/1153/462
f 481/1165/1 496/1167/16 797/1160/92 721/1065/18
f 483/1168/3 482/1164/2 727/1064/17 732/1071/27
f 594/1163/177 595/1169/177 731/1066/419 726/1055/414
f 484/1170/4 483/1171/3 732/1080/27 737/1079/32
f 595/1169/177 596/1172/177 736/1072/423 731/1066/419
f 485/1173/5 484/1170/4 737/1079/32 742/1086/37
f 596/1172/177 597/1174/177 741/1081/426 736/1072/423
f 486/1175/6 485/1173/5 742/1086/37 747/1092/42
f 597/1174/177 598/1176/177 746/1087/429 741/1081/426
f 487/1177/7 486/1175/6 747/1092/42 752/1098/47
f 598/1176/177 599/1178/177 751/1093/433 746/1087/429
f 488/1179/8 487/1180/7 752/1107/47 757/1106/52
f 599/1178/177 600/1181/177 756/1099/436 751/1093/433
f 489/1182/9 488/1179/8 757/1106/52 762/1113/57
f 600/1181/177 601/1183/177 761/1108/439 756/1099/436
f 490/1184/10 489/1182/9 762/1113/57 767/1119/62
f 601/1183/177 602/1185/177 766/1114/66 761/1108/439
f 491/1186/11 490/1184/10 767/1119/62 772/1125/67
f 602/1185/177 603/1187/177 771/1120/445 766/1114/66
f 492/1188/12 491/1189/11 772/1134/67 777/1133/72
f 603/1187/177 604/1190/177 776/1126/448 771/1120/445
f 493/1191/13 492/1188/12 777/1133/72 782/1140/77
f 604/1190/177 605/1192/177 781/1135/451 776/1126/448
f 494/1193/14 493/1191/13 782/1140/77 787/1146/82
f 605/1192/177 606/1194/177 786/1141/455 781/1135/451
f 495/1195/15 494/1193/14 787/1146/82 792/1152/87
f 606/1194/177 607/1196/177 791/1147/459 786/1141/455
f 496/1167/16 495/1197/15 792/1161/87 797/1160/92
f 607/1196/177 608/1166/177 796/1153/462 791/1147/459
f 801/1198/465 802/1199/465 816/1200/465 815/1201/465 814/1202/465 813/1203/465 812/1204/465 811/1205/465 810/1206/465 809/1207/465 808/1208/465 807/1209/465 806/1210/465 805/1211/465 804/1212/465 803/1213/465
f 898/1214/466 901/1215/467 904/1216/468 902/1217/469
f 901/1215/467 900/1218/470 905/1219/471 904/1216/468
f 900/1218/472 899/1220/473 906/1221/474 905/1219/475
f 899/1220/473 897/1222/476 903/1223/477 906/1221/474
f 908/1224/478 911/1225/479 901/1215/467 898/1214/466
f 911/1225/479 910/1226/480 900/1218/470 901/1215/467
f 910/1226/481 909/1227/482 899/1220/473 900/1218/472
f 909/1227/482 907/1228/483 897/1222/476 899/1220/473
f 913/1229/484 916/1230/485 911/1225/479 908/1224/478
f 916/1230/485 915/1231/486 910/1226/480 911/1225/479
f 915/1232/486 914/1233/487 909/1234/482 910/1235/481
f 914/1233/487 912/1236/488 907/1237/483 909/1234/482
f 918/1238/489 921/1239/490 916/1230/485 913/1229/484
f 921/1239/490 920/1240/491 915/1231/486 916/1230/485
f 920/1241/491 919/1242/492 914/1233/487 915/1232/486
f 919/1242/492 917/1243/493 912/1236/488 914/1233/487
f 923/1244/494 926/1245/495 921/1246/490 918/1247/489
f 926/1245/495 925/1248/496 920/1249/491 921/1246/490
f 925/1250/496 924/1251/497 919/1242/492 920/1241/491
f 924/1251/497 922/1252/498 917/1243/493 919/1242/492
f 928/1253/499 931/1254/500 926/1245/495 923/1244/494
f 931/1254/500 930/1255/501 925/1248/496 926/1245/495
f 930/1256/501 929/1257/502 924/1251/497 925/1250/496
f 929/1257/502 927/1258/503 922/1252/498 924/1251/497
f 933/1259/504 936/1260/505 931/1254/500 928/1253/499
f 936/1260/505 935/1261/506 930/1255/501 931/1254/500
f 935/1261/506 934/1262/507 929/1263/502 930/1255/501
f 934/1262/507 932/1264/508 927/1265/503 929/1263/502
f 938/1266/509 941/1267/510 936/1260/505 933/1259/504
f 941/1267/510 940/1268/511 935/1261/506 936/1260/505
f 940/1268/511 939/1269/104 934/1262/507 935/1261/506
f 939/1269/104 937/1270/512 932/1264/508 934/1262/507
f 943/1271/513 946/1272/514 941/1267/510 938/1266/509
f 946/1272/514 945/1273/515 940/1268/511 941/1267/510
f 945/1273/515 944/1274/516 939/1269/104 940/1268/511
f 944/1274/516 942/1275/517 937/1270/512 939/1269/104
f 948/1276/518 951/1277/519 946/1272/514 943/1271/513
f 951/1277/519 950/1278/520 945/1273/515 946/1272/514
f 950/1278/520 949/1279/521 944/1274/516 945/1273/515
f 949/1279/521 947/1280/522 942/1275/517 944/1274/516
f 953/1281/523 956/1282/524 951/1277/519 948/1276/518
f 956/1282/524 955/1283/525 950/1278/520 951/1277/519
f 955/1284/525 954/1285/526 949/1286/521 950/1287/520
f 954/1285/526 952/1288/527 947/1289/522 949/1286/521
f 958/1290/528 961/1291/529 956/1282/524 953/1281/523
f 961/1291/529 960/1292/530 955/1283/525 956/1282/524
f 960/1293/530 959/1294/531 954/1285/526 955/1284/525
f 959/1294/531 957/1295/532 952/1288/527 954/1285/526
f 963/1296/533 966/1297/534 961/1298/529 958/1299/528
f 966/1297/534 965/1300/535 960/1301/530 961/1298/529
f 965/1302/535 964/1303/536 959/1294/531 960/1293/530
f 964/1303/536 962/1304/537 957/1295/532 959/1294/531
f 968/1305/538 971/1306/539 966/1297/534 963/1296/533
f 971/1306/539 970/1307/540 965/1300/535 966/1297/534
f 970/1308/541 969/1309/542 964/1303/536 965/1302/535
f 969/1309/542 967/1310/543 962/1304/537 964/1303/536
f 973/1311/544 976/1312/545 971/1306/539 968/1305/538
f 976/1312/545 975/1313/546 970/1307/540 971/1306/539
f 975/1313/547 974/1314/548 969/1315/542 970/1307/541
f 974/1314/548 972/1316/549 967/1317/543 969/1315/542
f 902/1217/469 904/1216/468 976/1312/545 973/1311/544
f 904/1216/468 905/1219/471 975/1313/546 976/1312/545
f 905/1219/475 906/1221/474 974/1314/548 975/1313/547
f 906/1221/474 903/1223/477 972/1316/549 974/1314/548
f 823/1318/550 826/1319/551 819/1320/552 817/1321/553
f 826/1319/551 825/1322/554 820/1323/555 819/1320/552
f 825/1322/554 824/1324/556 821/1325/557 820/1323/555
f 824/1324/556 822/1326/558 818/1327/559 821/1325/557
f 828/1328/560 831/1329/561 826/1319/551 823/1318/550
f 831/1329/561 830/1330/562 825/1322/554 826/1319/551
f 830/1330/562 829/1331/563 824/1324/556 825/1322/554
f 829/1331/563 827/1332/564 822/1326/558 824/1324/556
f 833/1333/565 836/1334/566 831/1335/561 828/1336/560
f 836/1337/566 835/1338/567 830/1330/562 831/1329/561
f 835/1338/567 834/1339/568 829/1331/563 830/1330/562
f 834/1339/568 832/1340/569 827/1332/564 829/1331/563
f 838/1341/570 841/1342/571 836/1334/566 833/1333/565
f 841/1342/571 840/1343/572 835/1344/567 836/1334/566
f 840/1345/572 839/1346/573 834/1339/568 835/1338/567
f 839/1346/573 837/1347/574 832/1340/569 834/1339/568
f 843/1348/575 846/1349/576 841/1342/571 838/1341/570
f 846/1349/576 845/1350/577 840/1343/572 841/1342/571
f 845/1351/577 844/1352/578 839/1353/573 840/1354/572
f 844/1352/578 842/1355/579 837/1356/574 839/1353/573
f 848/1357/580 851/1358/581 846/1349/576 843/1348/575
f 851/1359/581 850/1360/582 845/1351/577 846/1361/576
f 850/1360/582 849/1362/583 844/1352/578 845/1351/577
f 849/1362/583 847/1363/584 842/1355/579 844/1352/578
f 853/1364/585 856/1365/586 851/1359/581 848/1366/580
f 856/1365/586 855/1367/587 850/1360/582 851/1359/581
f 855/1367/587 854/1368/588 849/1362/583 850/1360/582
f 854/1368/588 852/1369/589 847/1363/584 849/1362/583
f 858/1370/590 861/1371/591 856/1365/586 853/1364/585
f 861/1371/591 860/1372/592 855/1367/587 856/1365/586
f 860/1372/592 859/1373/593 854/1368/588 855/1367/587
f 859/1373/593 857/1374/594 852/1369/589 854/1368/588
f 863/1375/595 866/1376/596 861/1371/591 858/1370/590
f 866/1376/596 865/1377/597 860/1372/592 861/1371/591
f 865/1377/597 864/1378/598 859/1373/593 860/1372/592
f 864/1378/598 862/1379/599 857/1374/594 859/1373/593
f 868/1380/600 871/1381/601 866/1376/596 863/1375/595
f 871/1381/601 870/1382/602 865/1377/597 866/1376/596
f 870/1382/602 869/1383/603 864/1378/598 865/1377/597
f 869/1383/603 867/1384/604 862/1379/599 864/1378/598
f 873/1385/605 876/1386/606 871/1387/601 868/1388/600
f 876/1389/606 875/1390/607 870/1382/602 871/1381/601
f 875/1390/607 874/1391/608 869/1383/603 870/1382/602
f 874/1391/608 872/1392/609 867/1384/604 869/1383/603
f 878/1393/610 881/1394/611 876/1386/606 873/1385/605
f 881/1394/611 880/1395/612 875/1396/607 876/1386/606
f 880/1397/612 879/1398/613 874/1391/608 875/1390/607
f 879/1398/613 877/1399/614 872/1392/609 874/1391/608
f 883/1400/615 886/1401/616 881/1394/611 878/1393/610
f 886/1401/616 885/1402/617 880/1395/612 881/1394/611
f 885/1403/617 884/1404/618 879/1405/613 880/1406/612
f 884/1404/618 882/1407/619 877/1408/614 879/1405/613
f 888/1409/620 891/1410/621 886/1401/616 883/1400/615
f 891/1411/621 890/1412/622 885/1403/617 886/1413/616
f 890/1412/622 889/1414/623 884/1404/618 885/1403/617
f 889/1414/623 887/1415/624 882/1407/619 884/1404/618
f 893/1416/625 896/1417/626 891/1411/621 888/1418/620
f 896/1417/626 895/1419/627 890/1412/622 891/1411/621
f 895/1419/627 894/1420/628 889/1414/623 890/1412/622
f 894/1420/628 892/1421/629 887/1415/624 889/1414/623
f 817/1321/553 819/1320/552 896/1417/626 893/1416/625
f 819/1320/552 820/1323/555 895/1419/627 896/1417/626
f 820/1323/555 821/1325/557 894/1420/628 895/1419/627
f 821/1325/557 818/1327/559 892/1421/629 894/1420/628
f 817/1422/553 802/1423/630 801/1424/631 823/1425/550
f 818/1426/559 902/1217/469 973/1311/544 892/1427/629
f 822/1428/558 898/1214/466 902/1217/469 818/1426/559
f 893/1429/625 816/1430/632 802/1423/630 817/1422/553
f 823/1425/550 801/1424/631 803/1431/633 828/1432/560
f 827/1433/564 908/1224/478 898/1214/466 822/1428/558
f 828/1336/560 803/1434/633 804/1435/634 833/1333/565
f 832/1436/569 913/1229/484 908/1224/478 827/1433/564
f 833/1333/565 804/1435/634 805/1437/635 838/1341/570
f 837/1356/574 918/1238/489 913/1229/484 832/1436/569
f 838/1341/570 805/1437/635 806/1438/636 843/1348/575
f 842/1355/579 923/1439/494 918/1238/489 837/1356/574
f 843/1348/575 806/1438/636 807/1440/637 848/1357/580
f 847/1363/584 928/1441/499 923/1439/494 842/1355/579
f 848/1442/580 807/1209/637 808/1208/638 853/1443/585
f 852/1369/589 933/1444/504 928/1441/499 847/1363/584
f 853/1443/585 808/1208/638 809/1207/639 858/1445/590
f 857/1374/594 938/1446/509 933/1444/504 852/1369/589
f 858/1445/590 809/1207/639 810/1206/640 863/1447/595
f 862/1379/599 943/1448/513 938/1446/509 857/1374/594
f 863/1447/595 810/1206/640 811/1205/641 868/1449/600
f 867/1384/604 948/1450/518 943/1448/513 862/1379/599
f 868/1388/600 811/1451/641 812/1452/642 873/1385/605
f 872/1392/609 953/1453/523 948/1450/518 867/1384/604
f 873/1385/605 812/1452/642 813/1454/643 878/1393/610
f 877/1399/614 958/1299/528 953/1453/523 872/1392/609
f 878/1393/610 813/1454/643 814/1455/644 883/1400/615
f 882/1456/619 963/1296/533 958/1299/528 877/1399/614
f 883/1400/615 814/1455/644 815/1457/645 888/1409/620
f 887/1458/624 968/1305/538 963/1296/533 882/1456/619
f 888/1459/620 815/1460/645 816/1430/632 893/1429/625
f 892/1427/629 973/1311/544 968/1305/538 887/1458/624
f 983/1461/646 986/1462/647 979/1463/648 977/1464/649
f 986/1462/647 985/1465/650 980/1466/651 979/1463/648
f 985/1465/650 984/1467/652 981/1468/653 980/1466/651
f 984/1467/652 1058/1469/654 1057/1470/655 981/1468/653
f 988/1471/656 991/1472/657 986/1462/647 983/1461/646
f 991/1472/657 990/1473/658 985/1465/650 986/1462/647
f 990/1473/658 989/1474/659 984/1467/652 985/1465/650
f 989/1474/659 1059/1475/660 1058/1469/654 984/1467/652
f 993/1476/661 996/1477/662 991/1478/657 988/1479/656
f 996/1480/662 995/1481/663 990/1473/658 991/1472/657
f 995/1481/663 994/1482/664 989/1474/659 990/1473/658
f 994/1482/664 1060/1483/665 1059/1475/660 989/1474/659
f 998/1484/666 1001/1485/667 996/1477/662 993/1476/661
f 1001/1485/667 1000/1486/668 995/1487/663 996/1477/662
f 1000/1488/668 999/1489/669 994/1482/664 995/1481/663
f 999/1490/669 1061/1491/670 1060/1492/665 994/1493/664
f 1003/1494/671 1006/1495/672 1001/1485/667 998/1484/666
f 1006/1495/672 1005/1496/673 1000/1486/668 1001/1485/667
f 1005/1497/673 1004/1498/674 999/1490/669 1000/1499/668
f 1004/1498/674 1062/1500/675 1061/1491/670 999/1490/669
f 1008/1501/676 1011/1502/677 1006/1495/672 1003/1494/671
f 1011/1503/677 1010/1504/678 1005/1497/673 1006/1505/672
f 1010/1504/678 1009/1506/679 1004/1498/674 1005/1497/673
f 1009/1506/679 1063/1507/680 1062/1500/675 1004/1498/674
f 1013/1508/681 1016/1509/682 1011/1503/677 1008/1510/676
f 1016/1509/682 1015/1511/683 1010/1504/678 1011/1503/677
f 1015/1511/683 1014/1512/684 1009/1506/679 1010/1504/678
f 1014/1512/684 1064/1513/685 1063/1507/680 1009/1506/679
f 1018/1514/686 1021/1515/687 1016/1509/682 1013/1508/681
f 1021/1515/687 1020/1516/688 1015/1511/683 1016/1509/682
f 1020/1516/688 1019/1517/689 1014/1512/684 1015/1511/683
f 1019/1517/689 1065/1518/690 1064/1513/685 1014/1512/684
f 1023/1519/691 1026/1520/692 1021/1515/687 1018/1514/686
f 1026/1520/692 1025/1521/693 1020/1516/688 1021/1515/687
f 1025/1521/693 1024/1522/694 1019/1517/689 1020/1516/688
f 1024/1522/694 1066/1523/695 1065/1518/690 1019/1517/689
f 1028/1524/696 1031/1525/697 1026/1520/692 1023/1519/691
f 1031/1525/697 1030/1526/698 1025/1521/693 1026/1520/692
f 1030/1526/698 1029/1527/699 1024/1522/694 1025/1521/693
f 1029/1527/699 1067/1528/700 1066/1523/695 1024/1522/694
f 1033/1529/701 1036/1530/702 1031/1531/697 1028/1532/696
f 1036/1533/702 1035/1534/703 1030/1526/698 1031/1525/697
f 1035/1534/703 1034/1535/704 1029/1527/699 1030/1526/698
f 1034/1535/704 1068/1536/705 1067/1528/700 1029/1527/699
f 1038/1537/706 1041/1538/707 1036/1530/702 1033/1529/701
f 1041/1538/707 1040/1539/708 1035/1540/703 1036/1530/702
f 1040/1541/708 1039/1542/709 1034/1535/704 1035/1534/703
f 1039/1542/709 1069/1543/710 1068/1536/705 1034/1535/704
f 1043/1544/711 1046/1545/712 1041/1538/707 1038/1537/706
f 1046/1545/712 1045/1546/713 1040/1539/708 1041/1538/707
f 1045/1547/713 1044/1548/714 1039/1549/709 1040/1550/708
f 1044/1551/714 1070/1552/715 1069/1543/710 1039/1542/709
f 1048/1553/716 1051/1554/717 1046/1545/712 1043/1544/711
f 1051/1555/717 1050/1556/718 1045/1547/713 1046/1557/712
f 1050/1556/718 1049/1558/719 1044/1548/714 1045/1547/713
f 1049/1558/719 1071/1559/720 1070/1560/715 1044/1548/714
f 1053/1561/721 1056/1562/722 1051/1555/717 1048/1563/716
f 1056/1562/722 1055/1564/723 1050/1556/718 1051/1555/717
f 1055/1564/723 1054/1565/724 1049/1558/719 1050/1556/718
f 1054/1565/724 1072/1566/725 1071/1559/720 1049/1558/719
f 977/1464/649 979/1463/648 1056/1562/722 1053/1561/721
f 979/1463/648 980/1466/651 1055/1564/723 1056/1562/722
f 980/1466/651 981/1468/653 1054/1565/724 1055/1564/723
f 981/1468/653 1057/1470/655 1072/1566/725 1054/1565/724
f 897/1567/476 983/1461/646 977/1464/649 903/1568/477
f 992/1569/726 1092/1570/726 1091/1571/727 987/1572/727
f 903/1568/477 977/1464/649 1053/1561/721 972/1573/549
f 907/1574/483 988/1471/656 983/1461/646 897/1567/476
f 912/1236/488 993/1476/661 988/1479/656 907/1237/483
f 917/1243/493 998/1484/666 993/1476/661 912/1236/488
f 922/1252/498 1003/1494/671 998/1484/666 917/1243/493
f 927/1258/503 1008/1501/676 1003/1494/671 922/1252/498
f 932/1575/508 1013/1576/681 1008/1577/676 927/1578/503
f 937/1579/512 1018/1580/686 1013/1576/681 932/1575/508
f 942/1581/517 1023/1582/691 1018/1580/686 937/1579/512
f 947/1583/522 1028/1584/696 1023/1582/691 942/1581/517
f 952/1288/527 1033/1529/701 1028/1532/696 947/1289/522
f 957/1295/532 1038/1537/706 1033/1529/701 952/1288/527
f 962/1304/537 1043/1544/711 1038/1537/706 957/1295/532
f 967/1310/543 1048/1553/716 1043/1544/711 962/1304/537
f 972/1573/549 1053/1561/721 1048/1563/716 967/1585/543
f 978/1586/728 1057/1587/655 1058/1588/654 982/1589/728
f 982/1589/728 1058/1588/654 1059/1590/660 987/1591/728
f 987/1591/728 1059/1590/660 1060/1492/665 992/1592/728
f 992/1592/728 1060/1492/665 1061/1491/670 997/1593/728
f 997/1593/728 1061/1491/670 1062/1500/675 1002/1594/728
f 1002/1594/728 1062/1500/675 1063/1507/680 1007/1595/728
f 1007/1595/728 1063/1507/680 1064/1513/685 1012/1596/728
f 1012/1596/728 1064/1513/685 1065/1518/690 1017/1597/728
f 1017/1597/728 1065/1518/690 1066/1523/695 1022/1598/728
f 1022/1598/728 1066/1523/695 1067/1528/700 1027/1599/728
f 1027/1599/728 1067/1528/700 1068/1536/705 1032/1600/728
f 1032/1600/728 1068/1536/705 1069/1543/710 1037/1601/728
f 1037/1601/728 1069/1543/710 1070/1552/715 1042/1602/728
f 1042/1602/728 1070/1552/715 1071/1603/720 1047/1604/728
f 1047/1604/728 1071/1603/720 1072/1605/725 1052/1606/728
f 1052/1606/728 1072/1605/725 1057/1587/655 978/1586/728
f 1032/1607/729 1100/1608/729 1099/1609/730 1027/1610/730
f 997/1611/5 1093/1612/5 1092/1570/726 992/1569/726
f 1037/1613/13 1101/1614/13 1100/1608/729 1032/1607/729
f 1002/1615/731 1094/1616/731 1093/1612/5 997/1611/5
f 1042/1617/732 1102/1618/732 1101/1614/13 1037/1613/13
f 1007/1619/733 1095/1620/733 1094/1616/731 1002/1615/731
f 1047/1621/734 1103/1622/734 1102/1618/732 1042/1617/732
f 1012/1623/735 1096/1624/735 1095/1625/733 1007/1626/733
f 1052/1627/736 1104/1628/736 1103/1629/734 1047/1630/734
f 1017/1631/737 1097/1632/737 1096/1624/735 1012/1623/735
f 982/1633/738 1090/1634/738 1089/1635/739 978/1636/739
f 978/1636/739 1089/1635/739 1104/1628/736 1052/1627/736
f 1022/1637/740 1098/1638/740 1097/1632/737 1017/1631/737
f 987/1639/727 1091/1640/727 1090/1634/738 982/1633/738
f 1027/1641/730 1099/1642/730 1098/1638/740 1022/1637/740
f 1073/1643/728 1089/1644/728 1090/1645/728 1074/1646/728
f 1074/1646/728 1090/1645/728 1091/1647/728 1075/1648/728
f 1075/1648/728 1091/1647/728 1092/1649/728 1076/1650/728
f 1076/1650/728 1092/1649/728 1093/1651/728 1077/1652/728
f 1077/1652/728 1093/1651/728 1094/1653/728 1078/1654/728
f 1078/1654/728 1094/1653/728 1095/1655/728 1079/1656/728
f 1079/1656/728 1095/1655/728 1096/1657/728 1080/1658/728
f 1080/1658/728 1096/1657/728 1097/1659/728 1081/1660/728
f 1081/1660/728 1097/1659/728 1098/1661/728 1082/1662/728
f 1082/1662/728 1098/1661/728 1099/1663/728 1083/1664/728
f 1083/1664/728 1099/1663/728 1100/1665/728 1084/1666/728
f 1084/1666/728 1100/1665/728 1101/1667/728 1085/1668/728
f 1085/1668/728 1101/1667/728 1102/1669/728 1086/1670/728
f 1086/1670/728 1102/1669/728 1103/1671/728 1087/1672/728
f 1087/1672/728 1103/1671/728 1104/1673/728 1088/1674/728
f 1088/1674/728 1104/1673/728 1089/1644/728 1073/1643/728
f 1121/1675/741 1122/1676/742 1124/1677/743 1123/1678/744
f 1122/1676/742 1120/1679/745 1119/1680/746 1124/1677/743
f 1123/1681/744 1124/1682/743 1126/1683/747 1125/1684/748
f 1124/1682/743 1119/1685/746 1118/1686/749 1126/1683/747
f 1125/1684/748 1126/1683/747 1128/1687/750 1127/1688/751
f 1126/1683/747 1118/1686/749 1117/1689/752 1128/1687/750
f 1127/1688/753 1128/1687/754 1130/1690/755 1129/1691/756
f 1128/1687/754 1117/1689/757 1116/1692/758 1130/1690/755
f 1129/1691/756 1130/1690/755 1132/1693/759 1131/1694/760
f 1130/1690/755 1116/1692/758 1115/1695/761 1132/1693/759
f 1131/1696/760 1132/1697/759 1134/1698/762 1133/1699/763
f 1132/1697/759 1115/1700/761 1114/1701/764 1134/1698/762
f 1133/1699/763 1134/1698/762 1136/1702/765 1135/1703/766
f 1134/1698/762 1114/1701/764 1113/1704/767 1136/1702/765
f 1135/1703/766 1136/1702/765 1138/1705/768 1137/1706/769
f 1136/1702/765 1113/1704/767 1112/1707/770 1138/1705/768
f 1137/1706/769 1138/1705/768 1140/1708/771 1139/1709/772
f 1138/1705/768 1112/1707/770 1111/1710/773 1140/1708/771
f 1139/1711/772 1140/1712/771 1142/1713/774 1141/1714/775
f 1140/1712/771 1111/1715/773 1110/1716/776 1142/1713/774
f 1141/1714/775 1142/1713/774 1144/1717/777 1143/1718/778
f 1142/1713/774 1110/1716/776 1109/1719/779 1144/1717/777
f 1143/1718/780 1144/1717/781 1146/1720/782 1145/1721/783
f 1144/1717/781 1109/1719/784 1108/1722/785 1146/1720/782
f 1145/1721/783 1146/1720/782 1148/1723/786 1147/1724/787
f 1146/1720/782 1108/1722/785 1107/1725/788 1148/1723/786
f 1147/1726/787 1148/1727/786 1150/1728/789 1149/1729/790
f 1148/1727/786 1107/1730/788 1106/1731/791 1150/1728/789
f 1149/1729/790 1150/1728/789 1152/1732/792 1151/1733/793
f 1150/1728/789 1106/1731/791 1105/1734/794 1152/1732/792
f 1151/1733/793 1152/1732/792 1122/1676/742 1121/1675/741
f 1152/1732/792 1105/1734/794 1120/1679/745 1122/1676/742
f 1119/1735/9 1120/1736/9 1168/1737/9 1167/1738/9
f 1112/1739/9 1113/1740/9 1161/1741/9 1160/1742/9
f 1105/1743/9 1106/1744/9 1154/1745/9 1153/1746/9
f 1120/1736/9 1105/1743/9 1153/1746/9 1168/1737/9
f 1113/1740/9 1114/1747/9 1162/1748/9 1161/1741/9
f 1106/1744/9 1107/1749/9 1155/1750/9 1154/1745/9
f 1114/1747/9 1115/1751/9 1163/1752/9 1162/1748/9
f 1107/1749/9 1108/1753/9 1156/1754/9 1155/1750/9
f 1115/1751/9 1116/1755/9 1164/1756/9 1163/1752/9
f 1108/1753/9 1109/1757/9 1157/1758/9 1156/1754/9
f 1116/1755/9 1117/1759/9 1165/1760/9 1164/1756/9
f 1109/1757/9 1110/1761/9 1158/1762/9 1157/1758/9
f 1117/1759/9 1118/1763/9 1166/1764/9 1165/1760/9
f 1110/1761/9 1111/1765/9 1159/1766/9 1158/1762/9
f 1118/1763/9 1119/1735/9 1167/1738/9 1166/1764/9
f 1111/1765/9 1112/1739/9 1160/1742/9 1159/1766/9
f 1157/1767/5 1158/1768/795 1190/1769/795 1189/1770/5
f 1165/1771/13 1166/1772/796 1198/1773/796 1197/1774/13
f 1158/1768/795 1159/1775/797 1191/1776/797 1190/1769/795
f 1166/1772/796 1167/1777/798 1199/1778/798 1198/1773/796
f 1159/1779/797 1160/1780/799 1192/1781/799 1191/1782/797
f 1167/1783/798 1168/1784/800 1200/1785/800 1199/1786/798
f 1160/1780/799 1161/1787/178 1193/1788/178 1192/1781/799
f 1153/1789/177 1154/1790/801 1186/1791/801 1185/1792/177
f 1168/1784/800 1153/1789/177 1185/1792/177 1200/1785/800
f 1161/1787/178 1162/1793/802 1194/1794/802 1193/1788/178
f 1154/1790/801 1155/1795/803 1187/1796/803 1186/1791/801
f 1162/1793/802 1163/1797/804 1195/1798/804 1194/1794/802
f 1155/1799/803 1156/1800/805 1188/1801/805 1187/1802/803
f 1163/1803/804 1164/1804/806 1196/1805/806 1195/1806/804
f 1156/1800/805 1157/1767/5 1189/1770/5 1188/1801/805
f 1164/1804/806 1165/1771/13 1197/1774/13 1196/1805/806
f 1173/1807/5 1174/1808/795 1206/1809/795 1205/1810/5
f 1170/1811/1 1169/1812/1 1185/1813/1 1186/1814/1
f 1171/1815/1 1170/1811/1 1186/1814/1 1187/1816/1
f 1172/1817/1 1171/1815/1 1187/1816/1 1188/1818/1
f 1173/1819/1 1172/1817/1 1188/1818/1 1189/1820/1
f 1174/1821/1 1173/1819/1 1189/1820/1 1190/1822/1
f 1175/1823/1 1174/1821/1 1190/1822/1 1191/1824/1
f 1176/1825/1 1175/1823/1 1191/1824/1 1192/1826/1
f 1177/1827/1 1176/1825/1 1192/1826/1 1193/1828/1
f 1178/1829/1 1177/1827/1 1193/1828/1 1194/1830/1
f 1179/1831/1 1178/1829/1 1194/1830/1 1195/1832/1
f 1180/1833/1 1179/1831/1 1195/1832/1 1196/1834/1
f 1181/1835/1 1180/1833/1 1196/1834/1 1197/1836/1
f 1182/1837/1 1181/1835/1 1197/1836/1 1198/1838/1
f 1183/1839/1 1182/1837/1 1198/1838/1 1199/1840/1
f 1184/1841/1 1183/1839/1 1199/1840/1 1200/1842/1
f 1169/1812/1 1184/1841/1 1200/1842/1 1185/1813/1
f 1210/1843/9 1211/1844/9 1227/1845/9 1226/1846/9
f 1181/1847/13 1182/1848/796 1214/1849/796 1213/1850/13
f 1174/1808/795 1175/1851/797 1207/1852/797 1206/1809/795
f 1182/1848/796 1183/1853/798 1215/1854/798 1214/1849/796
f 1175/1855/797 1176/1856/799 1208/1857/799 1207/1858/797
f 1183/1859/798 1184/1860/800 1216/1861/800 1215/1862/798
f 1176/1856/799 1177/1863/178 1209/1864/178 1208/1857/799
f 1169/1865/177 1170/1866/801 1202/1867/801 1201/1868/177
f 1184/1860/800 1169/1865/177 1201/1868/177 1216/1861/800
f 1177/1863/178 1178/1869/802 1210/1870/802 1209/1864/178
f 1170/1866/801 1171/1871/803 1203/1872/803 1202/1867/801
f 1178/1869/802 1179/1873/804 1211/1874/804 1210/1870/802
f 1171/1875/803 1172/1876/805 1204/1877/805 1203/1878/803
f 1179/1879/804 1180/1880/806 1212/1881/806 1211/1882/804
f 1172/1876/805 1173/1807/5 1205/1810/5 1204/1877/805
f 1180/1880/806 1181/1847/13 1213/1850/13 1212/1881/806
f 1231/1883/798 1232/1884/800 1264/1885/800 1263/1886/798
f 1203/1887/9 1204/1888/9 1220/1889/9 1219/1890/9
f 1211/1844/9 1212/1891/9 1228/1892/9 1227/1845/9
f 1204/1888/9 1205/1893/9 1221/1894/9 1220/1889/9
f 1212/1891/9 1213/1895/9 1229/1896/9 1228/1892/9
f 1205/1893/9 1206/1897/9 1222/1898/9 1221/1894/9
f 1213/1895/9 1214/1899/9 1230/1900/9 1229/1896/9
f 1206/1897/9 1207/1901/9 1223/1902/9 1222/1898/9
f 1214/1899/9 1215/1903/9 1231/1904/9 1230/1900/9
f 1207/1901/9 1208/1905/9 1224/1906/9 1223/1902/9
f 1215/1903/9 1216/1907/9 1232/1908/9 1231/1904/9
f 1208/1905/9 1209/1909/9 1225/1910/9 1224/1906/9
f 1201/1911/9 1202/1912/9 1218/1913/9 1217/1914/9
f 1216/1907/9 1201/1911/9 1217/1914/9 1232/1908/9
f 1209/1909/9 1210/1843/9 1226/1846/9 1225/1910/9
f 1202/1912/9 1203/1887/9 1219/1890/9 1218/1913/9
f 1241/1915/178 1242/1916/802 1274/1917/802 1273/1918/178
f 1224/1919/799 1225/1920/178 1257/1921/178 1256/1922/799
f 1217/1923/177 1218/1924/801 1250/1925/801 1249/1926/177
f 1232/1884/800 1217/1923/177 1249/1926/177 1264/1885/800
f 1225/1920/178 1226/1927/802 1258/1928/802 1257/1921/178
f 1218/1924/801 1219/1929/803 1251/1930/803 1250/1925/801
f 1226/1927/802 1227/1931/804 1259/1932/804 1258/1928/802
f 1219/1933/803 1220/1934/805 1252/1935/805 1251/1936/803
f 1227/1937/804 1228/1938/806 1260/1939/806 1259/1940/804
f 1220/1934/805 1221/1941/5 1253/1942/5 1252/1935/805
f 1228/1938/806 1229/1943/13 1261/1944/13 1260/1939/806
f 1221/1941/5 1222/1945/795 1254/1946/795 1253/1942/5
f 1229/1943/13 1230/1947/796 1262/1948/796 1261/1944/13
f 1222/1945/795 1223/1949/797 1255/1950/797 1254/1946/795
f 1230/1947/796 1231/1951/798 1263/1936/798 1262/1948/796
f 1223/1952/797 1224/1919/799 1256/1922/799 1255/1953/797
f 1234/1954/1 1233/1955/1 1249/1956/1 1250/1957/1
f 1235/1958/1 1234/1954/1 1250/1957/1 1251/1959/1
f 1236/1960/1 1235/1958/1 1251/1959/1 1252/1961/1
f 1237/1962/1 1236/1960/1 1252/1961/1 1253/1963/1
f 1238/1964/1 1237/1962/1 1253/1963/1 1254/1965/1
f 1239/1966/1 1238/1964/1 1254/1965/1 1255/1967/1
f 1240/1968/1 1239/1966/1 1255/1967/1 1256/1969/1
f 1241/1970/1 1240/1968/1 1256/1969/1 1257/1971/1
f 1242/1972/1 1241/1970/1 1257/1971/1 1258/1973/1
f 1243/1974/1 1242/1972/1 1258/1973/1 1259/1975/1
f 1244/1976/1 1243/1974/1 1259/1975/1 1260/1977/1
f 1245/1978/1 1244/1976/1 1260/1977/1 1261/1979/1
f 1246/1980/1 1245/1978/1 1261/1979/1 1262/1981/1
f 1247/1982/1 1246/1980/1 1262/1981/1 1263/1983/1
f 1248/1984/1 1247/1982/1 1263/1983/1 1264/1985/1
f 1233/1955/1 1248/1984/1 1264/1985/1 1249/1956/1
f 1265/1986/1 1266/1987/1 1267/1988/1 1268/1989/1 1269/1990/1 1270/1991/1 1271/1992/1 1272/1993/1 1273/1994/1 1274/1995/1 1275/1996/1 1276/1997/1 1277/1998/1 1278/1999/1 1279/2000/1 1280/2001/1
f 1234/2002/801 1235/2003/803 1267/2004/803 1266/2005/801
f 1242/1916/802 1243/2006/804 1275/2007/804 1274/1917/802
f 1235/2008/803 1236/2009/805 1268/2010/805 1267/2011/803
f 1243/2012/804 1244/2013/806 1276/2014/806 1275/2015/804
f 1236/2009/805 1237/2016/5 1269/2017/5 1268/2010/805
f 1244/2013/806 1245/2018/13 1277/2019/13 1276/2014/806
f 1237/2016/5 1238/2020/795 1270/2021/795 1269/2017/5
f 1245/2018/13 1246/2022/796 1278/2023/796 1277/2019/13
f 1238/2020/795 1239/2024/797 1271/2025/797 1270/2021/795
f 1246/2022/796 1247/2026/798 1279/2027/798 1278/2023/796
f 1239/2028/797 1240/2029/799 1272/2030/799 1271/2031/797
f 1247/2032/798 1248/2033/800 1280/2034/800 1279/2035/798
f 1240/2029/799 1241/1915/178 1273/1918/178 1272/2030/799
f 1233/2036/177 1234/2002/801 1266/2005/801 1265/2037/177
f 1248/2033/800 1233/2036/177 1265/2037/177 1280/2034/800
f 1287/2038/807 1281/2039/808 1283/2040/809 1290/2041/810
f 1290/2041/810 1283/2040/809 1284/2042/811 1289/2043/812
f 1289/2043/812 1284/2042/811 1285/2044/813 1288/2045/814
f 1288/2045/814 1285/2044/813 1282/2046/815 1286/2047/816
f 1292/2048/817 1287/2049/807 1290/2050/810 1295/2051/818
f 1295/2051/818 1290/2050/810 1289/2052/812 1294/2053/819
f 1294/2053/819 1289/2052/812 1288/2054/814 1293/2055/820
f 1293/2055/820 1288/2054/814 1286/2056/816 1291/2057/821
f 1297/2058/822 1292/2048/817 1295/2051/818 1300/2059/823
f 1300/2059/823 1295/2051/818 1294/2053/819 1299/2060/824
f 1299/2060/824 1294/2053/819 1293/2055/820 1298/2061/825
f 1298/2061/825 1293/2055/820 1291/2057/821 1296/2062/826
f 1302/2063/827 1297/2058/822 1300/2059/823 1305/2064/828
f 1305/2064/828 1300/2059/823 1299/2060/824 1304/2065/829
f 1304/2065/829 1299/2060/824 1298/2061/825 1303/2066/830
f 1303/2066/830 1298/2061/825 1296/2062/831 1301/2067/832
f 1307/2068/833 1302/2063/827 1305/2064/828 1310/2069/834
f 1310/2069/834 1305/2064/828 1304/2065/829 1309/2070/835
f 1309/2070/835 1304/2065/829 1303/2066/830 1308/2071/836
f 1308/2071/836 1303/2066/830 1301/2067/832 1306/2072/837
f 1312/2073/838 1307/2074/833 1310/2075/834 1315/2076/839
f 1315/2076/839 1310/2075/834 1309/2077/835 1314/2078/840
f 1314/2078/840 1309/2077/835 1308/2079/836 1313/2080/841
f 1313/2080/841 1308/2079/836 1306/2081/837 1311/2082/842
f 1317/2083/843 1312/2073/838 1315/2076/839 1320/2084/844
f 1320/2084/844 1315/2076/839 1314/2078/840 1319/2085/845
f 1319/2085/845 1314/2078/840 1313/2080/841 1318/2086/846
f 1318/2086/846 1313/2080/841 1311/2082/842 1316/2087/847
f 1322/2088/848 1317/2083/843 1320/2084/844 1325/2089/849
f 1325/2089/849 1320/2084/844 1319/2085/845 1324/2090/850
f 1324/2090/850 1319/2085/845 1318/2086/846 1323/2091/851
f 1323/2091/851 1318/2086/846 1316/2087/847 1321/2092/852
f 1327/2093/853 1322/2088/848 1325/2089/849 1330/2094/854
f 1330/2094/854 1325/2089/849 1324/2090/850 1329/2095/855
f 1329/2095/855 1324/2090/850 1323/2091/851 1328/2096/856
f 1328/2096/856 1323/2091/851 1321/2092/852 1326/2097/857
f 1332/2098/858 1327/2099/853 1330/2100/854 1335/2101/859
f 1335/2101/859 1330/2100/854 1329/2102/855 1334/2103/860
f 1334/2103/860 1329/2102/855 1328/2104/856 1333/2105/861
f 1333/2105/861 1328/2104/856 1326/2106/857 1331/2107/862
f 1337/2108/863 1332/2098/858 1335/2101/859 1340/2109/864
f 1340/2109/864 1335/2101/859 1334/2103/860 1339/2110/865
f 1339/2110/865 1334/2103/860 1333/2105/861 1338/2111/866
f 1338/2111/866 1333/2105/861 1331/2107/862 1336/2112/867
f 1342/2113/868 1337/2108/863 1340/2109/864 1345/2114/869
f 1345/2114/869 1340/2109/864 1339/2110/865 1344/2115/870
f 1344/2115/870 1339/2110/865 1338/2111/866 1343/2116/871
f 1343/2116/871 1338/2111/866 1336/2112/872 1341/2117/873
f 1347/2118/874 1342/2113/868 1345/2114/869 1350/2119/875
f 1350/2119/875 1345/2114/869 1344/2115/870 1349/2120/876
f 1349/2120/876 1344/2115/870 1343/2116/871 1348/2121/877
f 1348/2121/877 1343/2116/871 1341/2117/873 1346/2122/878
f 1352/2123/879 1347/2124/874 1350/2125/875 1355/2126/880
f 1355/2126/880 1350/2125/875 1349/2127/876 1354/2128/881
f 1354/2128/881 1349/2127/876 1348/2129/877 1353/2130/882
f 1353/2130/882 1348/2129/877 1346/2131/878 1351/2132/883
f 1357/2133/884 1352/2123/879 1355/2126/880 1360/2134/885
f 1360/2134/885 1355/2126/880 1354/2128/881 1359/2135/886
f 1359/2135/886 1354/2128/881 1353/2130/882 1358/2136/887
f 1358/2136/887 1353/2130/882 1351/2132/883 1356/2137/888
f 1281/2039/808 1357/2133/884 1360/2134/885 1283/2040/809
f 1283/2040/809 1360/2134/885 1359/2135/886 1284/2042/811
f 1284/2042/811 1359/2135/886 1358/2136/887 1285/2044/813
f 1285/2044/813 1358/2136/887 1356/2137/888 1282/2046/815
f 1073/2138/889 1357/2133/884 1281/2039/808 1088/2139/890
f 1088/2139/890 1281/2039/808 1287/2038/807 1087/2140/891
f 1282/2046/815 1121/1675/741 1123/1678/744 1286/2047/816
f 1356/2137/888 1151/1733/793 1121/1675/741 1282/2046/815
f 1286/2056/816 1123/1681/744 1125/1684/748 1291/2057/821
f 1087/2141/891 1287/2049/807 1292/2048/817 1086/2142/892
f 1291/2057/821 1125/1684/748 1127/1688/751 1296/2062/826
f 1086/2142/892 1292/2048/817 1297/2058/822 1085/2143/893
f 1296/2062/831 1127/1688/753 1129/1691/756 1301/2067/832
f 1085/2143/893 1297/2058/822 1302/2063/827 1084/2144/894
f 1301/2067/832 1129/1691/756 1131/1694/760 1306/2072/837
f 1084/2144/894 1302/2063/827 1307/2068/833 1083/2145/895
f 1306/2081/837 1131/1696/760 1133/1699/763 1311/2082/842
f 1083/2146/895 1307/2074/833 1312/2073/838 1082/2147/896
f 1082/2147/896 1312/2073/838 1317/2083/843 1081/2148/897
f 1311/2082/842 1133/1699/763 1135/1703/766 1316/2087/847
f 1316/2087/847 1135/1703/766 1137/1706/769 1321/2092/852
f 1081/2148/897 1317/2083/843 1322/2088/848 1080/2149/898
f 1321/2092/852 1137/1706/769 1139/1709/772 1326/2097/857
f 1080/2149/898 1322/2088/848 1327/2093/853 1079/2150/899
f 1326/2106/857 1139/1711/772 1141/1714/775 1331/2107/862
f 1079/2151/899 1327/2099/853 1332/2098/858 1078/2152/900
f 1331/2107/862 1141/1714/775 1143/1718/778 1336/2112/867
f 1078/2152/900 1332/2098/858 1337/2108/863 1077/2153/901
f 1336/2112/872 1143/1718/780 1145/1721/783 1341/2117/873
f 1077/2153/901 1337/2108/863 1342/2113/868 1076/2154/902
f 1341/2117/873 1145/1721/783 1147/1724/787 1346/2122/878
f 1076/2154/902 1342/2113/868 1347/2118/874 1075/2155/903
f 1075/2156/903 1347/2124/874 1352/2123/879 1074/2157/904
f 1346/2131/878 1147/1726/787 1149/1729/790 1351/2132/883
f 1074/2157/904 1352/2123/879 1357/2133/884 1073/2138/889
f 1351/2132/883 1149/1729/790 1151/1733/793 1356/2137/888
f 1370/2158/905 1369/2159/905 1367/2160/906 1368/2161/906
f 1362/2162/9 1361/2163/9 1364/2164/9 1365/2165/9
f 1389/2166/907 1390/2167/907 1385/2168/908 1386/2169/908
f 1370/2158/905 1372/2170/909 1371/2171/909 1369/2159/905
f 1372/2170/909 1374/2172/910 1373/2173/910 1371/2171/909
f 1374/2172/910 1376/2174/177 1375/2175/177 1373/2173/910
f 1376/2176/1 1378/2177/1 1377/2178/1 1375/2179/1
f 1378/2180/911 1380/2181/912 1379/2182/912 1377/2183/911
f 1382/2184/913 1381/2185/913 1379/2182/912 1380/2181/912
f 1384/2186/914 1383/2187/914 1381/2185/913 1382/2184/913
f 1386/2169/908 1385/2168/908 1383/2187/914 1384/2186/914
f 1366/2188/915 1363/2189/915 1362/2190/916 1365/2191/916
f 1366/2188/915 1368/2161/906 1367/2160/906 1363/2189/915
f 1387/2192/917 1364/2193/917 1361/2194/917 1388/2195/917
f 1361/2196/13 1362/2197/13 1363/2198/13 1367/2199/13 1369/2200/13 1371/2201/13 1373/2202/13 1375/2203/13 1377/2204/13 1379/2205/13 1381/2206/13 1383/2207/13 1385/2208/13 1390/2209/13 1388/2210/13
f 1365/2211/5 1364/2212/5 1387/2213/5 1389/2214/5 1386/2215/5 1384/2216/5 1382/2217/5 1380/2218/5 1378/2219/5 1376/2220/5 1374/2221/5 1372/2222/5 1370/2223/5 1368/2224/5 1366/2225/5
f 1387/2226/918 1388/2227/918 1390/2228/918 1389/2229/918
f 1423/2230/1 1426/2231/1 1425/2232/919 1424/2233/919
f 1424/2233/919 1425/2232/919 1428/2234/737 1427/2235/737
f 1427/2236/737 1428/2237/737 1430/2238/920 1429/2239/920
f 1429/2239/920 1430/2238/920 1432/2240/178 1431/2241/178
f 1431/2241/178 1432/2240/178 1434/2242/921 1433/2243/921
f 1433/2243/921 1434/2242/921 1436/2244/465 1435/2245/465
f 1435/2246/465 1436/2247/465 1438/2248/922 1437/2249/922
f 1437/2249/922 1438/2248/922 1440/2250/9 1439/2251/9
f 1439/2251/9 1440/2250/9 1442/2252/923 1441/2253/923
f 1441/2253/923 1442/2252/923 1444/2254/739 1443/2255/739
f 1443/2256/739 1444/2257/739 1446/2258/924 1445/2259/924
f 1445/2259/924 1446/2258/924 1448/2260/177 1447/2261/177
f 1447/2261/177 1448/2260/177 1450/2262/925 1449/2263/925
f 1449/2263/925 1450/2262/925 1452/2264/728 1451/2265/728
f 1422/2266/922 1420/2267/926 1485/2268/926 1486/2269/922
f 1451/2270/728 1452/2271/728 1454/2272/927 1453/2273/927
f 1453/2273/927 1454/2272/927 1426/2231/1 1423/2230/1
f 1419/2274/465 1421/2275/928 1470/2276/928 1469/2277/465
f 1393/2278/13 1391/2279/13 1423/2280/13 1424/2281/13
f 1392/2282/5 1394/2283/5 1425/2284/5 1426/2285/5
f 1395/2286/13 1393/2278/13 1424/2281/13 1427/2287/13
f 1394/2283/5 1396/2288/5 1428/2289/5 1425/2284/5
f 1397/2290/13 1395/2286/13 1427/2287/13 1429/2291/13
f 1396/2288/5 1398/2292/5 1430/2293/5 1428/2289/5
f 1399/2294/13 1397/2290/13 1429/2291/13 1431/2295/13
f 1398/2292/5 1400/2296/5 1432/2297/5 1430/2293/5
f 1401/2298/13 1399/2294/13 1431/2295/13 1433/2299/13
f 1400/2296/5 1402/2300/5 1434/2301/5 1432/2297/5
f 1403/2302/13 1401/2298/13 1433/2299/13 1435/2303/13
f 1402/2300/5 1404/2304/5 1436/2305/5 1434/2301/5
f 1405/2306/13 1403/2302/13 1435/2303/13 1437/2307/13
f 1404/2304/5 1406/2308/5 1438/2309/5 1436/2305/5
f 1407/2310/13 1405/2306/13 1437/2307/13 1439/2311/13
f 1406/2308/5 1408/2312/5 1440/2313/5 1438/2309/5
f 1409/2314/13 1407/2310/13 1439/2311/13 1441/2315/13
f 1408/2312/5 1410/2316/5 1442/2317/5 1440/2313/5
f 1411/2318/13 1409/2314/13 1441/2315/13 1443/2319/13
f 1410/2316/5 1412/2320/5 1444/2321/5 1442/2317/5
f 1413/2322/13 1411/2318/13 1443/2319/13 1445/2323/13
f 1412/2320/5 1414/2324/5 1446/2325/5 1444/2321/5
f 1415/2326/13 1413/2322/13 1445/2323/13 1447/2327/13
f 1414/2324/5 1416/2328/5 1448/2329/5 1446/2325/5
f 1417/2330/13 1415/2326/13 1447/2327/13 1449/2331/13
f 1416/2328/5 1418/2332/5 1450/2333/5 1448/2329/5
f 1419/2334/13 1417/2330/13 1449/2331/13 1451/2335/13
f 1418/2332/5 1420/2336/5 1452/2337/5 1450/2333/5
f 1421/2338/13 1419/2334/13 1451/2335/13 1453/2339/13
f 1420/2336/5 1422/2340/5 1454/2341/5 1452/2337/5
f 1391/2279/13 1421/2338/13 1453/2339/13 1423/2280/13
f 1422/2340/5 1392/2282/5 1426/2285/5 1454/2341/5
f 1455/2342/13 1456/2343/13 1457/2344/13 1458/2345/13 1459/2346/13 1460/2347/13 1461/2348/13 1462/2349/13 1463/2350/13 1464/2351/13 1465/2352/13 1466/2353/13 1467/2354/13 1468/2355/13 1469/2356/13 1470/2357/13
f 1397/2358/924 1399/2359/929 1459/2360/929 1458/2361/924
f 1405/2362/930 1407/2363/1 1463/2364/1 1462/2365/930
f 1413/2366/931 1415/2367/178 1467/2368/178 1466/2369/931
f 1391/2370/9 1393/2371/923 1456/2372/923 1455/2373/9
f 1421/2275/928 1391/2370/9 1455/2373/9 1470/2276/928
f 1399/2359/929 1401/2374/925 1460/2375/925 1459/2360/929
f 1407/2363/1 1409/2376/932 1464/2377/932 1463/2364/1
f 1415/2367/178 1417/2378/933 1468/2379/933 1467/2368/178
f 1393/2371/923 1395/2380/934 1457/2381/934 1456/2372/923
f 1401/2374/925 1403/2382/935 1461/2383/935 1460/2375/925
f 1409/2376/932 1411/2384/737 1465/2385/737 1464/2377/932
f 1417/2378/933 1419/2386/465 1469/2387/465 1468/2379/933
f 1395/2388/934 1397/2358/924 1458/2361/924 1457/2389/934
f 1403/2390/935 1405/2362/930 1462/2365/930 1461/2391/935
f 1411/2392/737 1413/2366/931 1466/2369/931 1465/2393/737
f 1471/2394/5 1472/2395/5 1486/2396/5 1485/2397/5 1484/2398/5 1483/2399/5 1482/2400/5 1481/2401/5 1480/2402/5 1479/2403/5 1478/2404/5 1477/2405/5 1476/2406/5 1475/2407/5 1474/2408/5 1473/2409/5
f 1400/2359/936 1398/2358/924 1474/2410/924 1475/2411/936
f 1408/2412/1 1406/2413/930 1478/2414/930 1479/2415/1
f 1416/2367/178 1414/2366/920 1482/2416/920 1483/2417/178
f 1394/2418/937 1392/2419/9 1472/2420/9 1471/2421/937
f 1392/2419/9 1422/2266/922 1486/2269/922 1472/2420/9
f 1402/2422/925 1400/2359/936 1475/2411/936 1476/2423/925
f 1410/2424/932 1408/2412/1 1479/2415/1 1480/2425/932
f 1418/2378/921 1416/2367/178 1483/2417/178 1484/2426/921
f 1396/2427/934 1394/2418/937 1471/2421/937 1473/2386/934
f 1404/2382/728 1402/2422/925 1476/2423/925 1477/2428/728
f 1412/2429/737 1410/2424/932 1480/2425/932 1481/2430/737
f 1420/2386/926 1418/2378/921 1484/2426/921 1485/2427/926
f 1398/2358/924 1396/2431/934 1473/2391/934 1474/2410/924
f 1406/2413/930 1404/2431/728 1477/2380/728 1478/2414/930
f 1414/2366/920 1412/2392/737 1481/2432/737 1482/2416/920
s 0
f 1497/2433/1 1495/2434/1 1490/2435/1 1489/2436/1
f 1510/2437/5 1505/2438/5 1488/2439/5 1487/2440/5
f 1509/2441/178 1510/2442/178 1487/2443/178 1496/2444/178
f 1508/2445/177 1506/2446/177 1494/2447/177 1498/2448/177
f 1496/2449/9 1498/2450/9 1494/2451/9 1493/2452/9
f 1487/2453/9 1488/2454/9 1498/2450/9 1496/2449/9
f 1505/2455/177 1508/2445/177 1498/2448/177 1488/2456/177
f 1507/2457/178 1509/2441/178 1496/2444/178 1493/2458/178
f 1491/2459/1 1492/2460/1 1495/2461/1 1497/2462/1
f 1491/2463/178 1497/2464/178 1504/2465/178 1502/2466/178
f 1490/2467/177 1495/2468/177 1503/2469/177 1500/2470/177
f 1495/2468/177 1492/2471/177 1501/2472/177 1503/2469/177
f 1497/2464/178 1489/2473/178 1499/2474/178 1504/2465/178
f 1489/2475/5 1490/2476/5 1500/2477/5 1499/2478/5
f 1502/2466/178 1504/2465/178 1509/2441/178 1507/2457/178
f 1500/2479/178 1505/2480/178 1508/2481/178 1503/2482/178
f 1503/2469/177 1501/2472/177 1506/2446/177 1508/2445/177
f 1504/2465/178 1499/2474/178 1510/2442/178 1509/2441/178
f 1499/2478/5 1500/2477/5 1505/2438/5 1510/2437/5
f 1505/2483/9 1511/2481/9 1512/2480/9 1508/2484/9
f 1500/2470/938 1503/2469/938 1512/2485/938 1511/2486/938
f 1511/2486/939 1512/2485/939 1498/2448/939 1488/2456/939
f 1511/2487/5 1488/2439/5 1505/2438/5
f 1508/2488/13 1498/2489/13 1512/2490/13
f 1503/2491/13 1508/2488/13 1512/2490/13
f 1511/2487/5 1505/2438/5 1500/2477/5
f 1519/2492/1 1515/2493/1 1516/2494/1 1517/2495/1
f 1528/2496/13 1513/2497/13 1514/2498/13 1525/2499/13
f 1527/2500/178 1518/2501/178 1513/2502/178 1528/2503/178
f 1526/2504/177 1520/2505/177 1494/2447/177 1506/2446/177
f 1518/2506/9 1493/2452/9 1494/2451/9 1520/2507/9
f 1513/2508/9 1518/2506/9 1520/2507/9 1514/2509/9
f 1525/2510/177 1514/2511/177 1520/2505/177 1526/2504/177
f 1507/2457/178 1493/2458/178 1518/2501/178 1527/2500/178
f 1491/2459/1 1519/2492/1 1517/2495/1 1492/2460/1
f 1491/2463/178 1502/2466/178 1524/2512/178 1519/2513/178
f 1516/2514/177 1522/2515/177 1523/2516/177 1517/2517/177
f 1517/2517/177 1523/2516/177 1501/2472/177 1492/2471/177
f 1519/2513/178 1524/2512/178 1521/2518/178 1515/2519/178
f 1515/2520/13 1521/2521/13 1522/2522/13 1516/2523/13
f 1502/2466/178 1507/2457/178 1527/2500/178 1524/2512/178
f 1522/2524/178 1523/2525/178 1526/2479/178 1525/2482/178
f 1523/2516/177 1526/2504/177 1506/2446/177 1501/2472/177
f 1524/2512/178 1527/2500/178 1528/2503/178 1521/2518/178
f 1521/2521/13 1528/2496/13 1525/2499/13 1522/2522/13
f 1525/2526/9 1526/2527/9 1530/2528/9 1529/2529/9
f 1522/2515/938 1529/2530/938 1530/2531/938 1523/2516/938
f 1529/2530/939 1514/2511/939 1520/2505/939 1530/2531/939
f 1529/2532/13 1525/2533/13 1514/2534/13
f 1526/2535/5 1530/2536/5 1520/2537/5
f 1523/2538/5 1530/2536/5 1526/2535/5
f 1529/2532/13 1522/2539/13 1525/2533/13
