# Blender 5.0.0
# www.blender.org
mtllib work_table.mtl
o dresser_3
v -0.100000 0.062002 0.968000
v -0.100000 0.287998 0.968000
v -0.100000 0.288002 0.592000
v -0.100000 0.062005 0.592000
v 0.400000 0.062002 0.968000
v 0.380000 0.287999 0.948000
v 0.380000 0.288001 0.612000
v 0.400000 0.062005 0.592000
v -0.080000 0.288001 0.612000
v 0.400000 0.288002 0.592000
v -0.080000 0.287999 0.948000
v 0.400000 0.287998 0.968000
v -0.080000 0.088001 0.612000
v -0.080000 0.087999 0.948000
v 0.380000 0.088001 0.612000
v 0.380000 0.087999 0.948000
v 0.423160 0.182502 0.830000
v 0.428463 0.180305 0.830000
v 0.430660 0.175002 0.830000
v 0.428463 0.169698 0.830000
v 0.423160 0.167502 0.830000
v 0.417857 0.169698 0.830000
v 0.415660 0.175002 0.830000
v 0.417857 0.180305 0.830000
v 0.422026 0.182502 0.837157
v 0.427070 0.180305 0.838796
v 0.429159 0.175002 0.839474
v 0.427070 0.169698 0.838796
v 0.422026 0.167502 0.837157
v 0.416983 0.169698 0.835518
v 0.414893 0.175002 0.834839
v 0.416983 0.180305 0.835518
v 0.418737 0.182502 0.843613
v 0.423027 0.180305 0.846730
v 0.424804 0.175002 0.848021
v 0.423027 0.169698 0.846730
v 0.418737 0.167502 0.843613
v 0.414446 0.169698 0.840496
v 0.412669 0.175002 0.839205
v 0.414446 0.180305 0.840496
v 0.413613 0.182502 0.848737
v 0.416730 0.180305 0.853027
v 0.418021 0.175002 0.854804
v 0.416730 0.169698 0.853027
v 0.413613 0.167502 0.848737
v 0.410496 0.169698 0.844446
v 0.409205 0.175002 0.842669
v 0.410496 0.180305 0.844446
v 0.407157 0.182502 0.852026
v 0.408796 0.180305 0.857070
v 0.409474 0.175002 0.859159
v 0.408796 0.169698 0.857070
v 0.407157 0.167502 0.852026
v 0.405518 0.169698 0.846983
v 0.404839 0.175002 0.844893
v 0.405518 0.180305 0.846983
v 0.400000 0.182502 0.853160
v 0.400000 0.180305 0.858463
v 0.400000 0.175002 0.860660
v 0.400000 0.169698 0.858463
v 0.400000 0.167502 0.853160
v 0.400000 0.169698 0.847856
v 0.400000 0.175002 0.845660
v 0.400000 0.180305 0.847856
v 0.423160 0.182502 0.730000
v 0.428463 0.180305 0.730000
v 0.430660 0.175002 0.730000
v 0.428463 0.169698 0.730000
v 0.423160 0.167502 0.730000
v 0.417857 0.169698 0.730000
v 0.415660 0.175002 0.730000
v 0.417857 0.180305 0.730000
v 0.422026 0.182502 0.722843
v 0.427070 0.180305 0.721204
v 0.429159 0.175002 0.720526
v 0.427070 0.169698 0.721204
v 0.422026 0.167502 0.722843
v 0.416983 0.169698 0.724482
v 0.414893 0.175002 0.725161
v 0.416983 0.180305 0.724482
v 0.418737 0.182502 0.716387
v 0.423027 0.180305 0.713270
v 0.424804 0.175002 0.711979
v 0.423027 0.169698 0.713270
v 0.418737 0.167502 0.716387
v 0.414446 0.169698 0.719504
v 0.412669 0.175002 0.720795
v 0.414446 0.180305 0.719504
v 0.413613 0.182502 0.711263
v 0.416730 0.180305 0.706973
v 0.418021 0.175002 0.705196
v 0.416730 0.169698 0.706973
v 0.413613 0.167502 0.711263
v 0.410496 0.169698 0.715554
v 0.409205 0.175002 0.717331
v 0.410496 0.180305 0.715554
v 0.407157 0.182502 0.707974
v 0.408796 0.180305 0.702930
v 0.409474 0.175002 0.700841
v 0.408796 0.169698 0.702930
v 0.407157 0.167502 0.707974
v 0.405518 0.169698 0.713017
v 0.404839 0.175002 0.715107
v 0.405518 0.180305 0.713017
v 0.400000 0.182502 0.706840
v 0.400000 0.180305 0.701537
v 0.400000 0.175002 0.699340
v 0.400000 0.169698 0.701537
v 0.400000 0.167502 0.706840
v 0.400000 0.169698 0.712143
v 0.400000 0.175002 0.714340
v 0.400000 0.180305 0.712143
vn -0.0000 -0.0000 -1.0000
vn 1.0000 -0.0000 -0.0000
vn -0.0000 -1.0000 -0.0000
vn -0.0000 -0.0000 1.0000
vn -0.0000 1.0000 -0.0000
vn -1.0000 -0.0000 -0.0000
vn 0.7149 0.6969 0.0564
vn 0.7149 0.6969 -0.0564
vn 0.0191 0.9998 -0.0030
vn 0.0191 0.9998 0.0030
vn 0.9970 -0.0000 0.0770
vn 0.9970 -0.0000 -0.0770
vn 0.7149 -0.6969 0.0564
vn 0.7149 -0.6969 -0.0564
vn 0.0191 -0.9998 0.0030
vn 0.0191 -0.9998 -0.0030
vn -0.6959 -0.7160 -0.0549
vn -0.6959 -0.7160 0.0549
vn -0.6959 0.7160 -0.0549
vn -0.9968 -0.0000 -0.0800
vn -0.9511 -0.0000 -0.3090
vn -0.6533 0.7267 -0.2123
vn -0.9968 -0.0000 0.0800
vn -0.6959 0.7160 0.0549
vn -0.6533 -0.7267 -0.2123
vn -0.0543 -0.9984 -0.0128
vn 0.0436 -0.9990 -0.0113
vn -0.5558 -0.7267 -0.4038
vn 0.9511 -0.0000 0.3090
vn 0.6897 -0.6885 0.2241
vn -0.0495 0.9984 -0.0262
vn 0.6897 0.6885 0.2241
vn -0.5558 0.7267 -0.4038
vn -0.8090 -0.0000 -0.5878
vn -0.5878 -0.0000 -0.8090
vn -0.4038 0.7267 -0.5558
vn 0.8090 -0.0000 0.5878
vn 0.5867 -0.6885 0.4263
vn 0.0397 0.9991 -0.0125
vn 0.5867 0.6885 0.4263
vn -0.4038 -0.7267 -0.5558
vn -0.2123 -0.7267 -0.6533
vn -0.3090 -0.0000 -0.9511
vn 0.0347 -0.9993 0.0153
vn 0.5878 -0.0000 0.8090
vn 0.4263 -0.6885 0.5867
vn 0.0335 0.9993 0.0143
vn 0.4263 0.6885 0.5867
vn 0.2241 0.6885 0.6897
vn 0.0093 0.9997 0.0229
vn 0.0058 0.9996 0.0273
vn 0.1141 0.6840 0.7205
vn 0.2241 -0.6885 0.6897
vn 0.0059 -0.9997 0.0240
vn 0.3090 -0.0000 0.9511
vn -0.2123 0.7267 -0.6533
vn -0.1082 0.7224 -0.6829
vn -0.1082 -0.7224 -0.6829
vn -0.1564 -0.0000 -0.9877
vn 0.1141 -0.6840 0.7205
vn 0.0058 -0.9996 0.0273
vn 0.1564 -0.0000 0.9877
vn -0.6533 0.7267 0.2123
vn -0.9511 -0.0000 0.3090
vn -0.6533 -0.7267 0.2123
vn -0.5558 -0.7267 0.4038
vn -0.0000 -1.0000 -0.0039
vn 0.0252 -0.9964 0.0814
vn 0.6897 -0.6885 -0.2241
vn 0.9511 -0.0000 -0.3090
vn 0.0252 0.9964 0.0814
vn 0.6897 0.6885 -0.2241
vn -0.5558 0.7267 0.4038
vn -0.4038 0.7267 0.5558
vn -0.5878 -0.0000 0.8090
vn -0.8090 -0.0000 0.5878
vn 0.5867 -0.6885 -0.4263
vn 0.8090 -0.0000 -0.5878
vn 0.5867 0.6885 -0.4263
vn -0.0000 1.0000 -0.0039
vn -0.3090 -0.0000 0.9511
vn -0.2123 -0.7267 0.6533
vn -0.4038 -0.7267 0.5558
vn 0.0089 -0.9998 -0.0164
vn 0.4263 -0.6885 -0.5867
vn 0.5878 -0.0000 -0.8090
vn 0.4263 0.6885 -0.5867
vn 0.0089 0.9998 -0.0164
vn 0.2241 0.6885 -0.6897
vn 0.1141 0.6840 -0.7205
vn 0.0058 0.9996 -0.0273
vn 0.0210 0.9994 -0.0262
vn 0.0210 -0.9994 -0.0262
vn 0.2241 -0.6885 -0.6897
vn 0.3090 -0.0000 -0.9511
vn -0.2123 0.7267 0.6533
vn -0.1082 0.7224 0.6829
vn -0.1564 -0.0000 0.9877
vn -0.1082 -0.7224 0.6829
vn 0.0058 -0.9996 -0.0273
vn 0.1141 -0.6840 -0.7205
vn 0.1564 -0.0000 -0.9877
vt 0.378622 0.957718
vt 0.316868 0.957718
vt 0.316868 0.821092
vt 0.378622 0.821092
vt 0.801422 0.719565
vt 0.728112 0.719565
vt 0.728112 0.597596
vt 0.801422 0.597596
vt 0.562734 0.981149
vt 0.562734 0.813265
vt 0.635727 0.813265
vt 0.635727 0.981149
vt 0.019569 0.821092
vt 0.122312 0.821092
vt 0.122312 0.957718
vt 0.019569 0.957718
vt 0.897746 0.378477
vt 0.980226 0.378477
vt 0.980226 0.560959
vt 0.897746 0.560959
vt 0.127777 0.952253
vt 0.219590 0.952253
vt 0.225055 0.957718
vt 0.122312 0.957718
vt 0.219590 0.826557
vt 0.127777 0.826557
vt 0.122312 0.821092
vt 0.225055 0.821092
vt 0.316868 0.946788
vt 0.225055 0.946788
vt 0.316868 0.821092
vt 0.900391 0.687128
vt 0.900391 0.564500
vt 0.973384 0.564501
vt 0.973384 0.687129
vt 0.923264 0.860523
vt 0.923264 0.692640
vt 0.996257 0.692640
vt 0.996257 0.860523
vt 0.876407 0.597161
vt 0.876407 0.719789
vt 0.803414 0.719790
vt 0.803414 0.597162
vt 0.967309 0.949750
vt 0.967309 0.986247
vt 0.965373 0.986247
vt 0.965373 0.949750
vt 0.933710 0.951354
vt 0.933710 0.987850
vt 0.931774 0.987850
vt 0.931774 0.951354
vt 0.935645 0.951354
vt 0.935645 0.987850
vt 0.946893 0.949650
vt 0.946893 0.986146
vt 0.944958 0.986146
vt 0.944958 0.949650
vt 0.948829 0.949650
vt 0.948829 0.986146
vt 0.935645 0.985104
vt 0.937581 0.985104
vt 0.937581 0.986870
vt 0.935645 0.987117
vt 0.937581 0.948607
vt 0.939516 0.948607
vt 0.939516 0.985104
vt 0.935645 0.948607
vt 0.949148 0.947636
vt 0.947307 0.947038
vt 0.948507 0.944682
vt 0.950073 0.945819
vt 0.933710 0.947896
vt 0.935645 0.948144
vt 0.963438 0.949750
vt 0.963119 0.947737
vt 0.964959 0.947139
vt 0.939516 0.987117
vt 0.945466 0.946440
vt 0.931774 0.948144
vt 0.966800 0.946540
vt 0.988135 0.963832
vt 0.990071 0.964481
vt 0.990071 0.965745
vt 0.988135 0.965274
vt 0.933710 0.944777
vt 0.935645 0.945248
vt 0.963759 0.944782
vt 0.965325 0.943645
vt 0.962193 0.945920
vt 0.939516 0.988934
vt 0.937581 0.988463
vt 0.946942 0.943544
vt 0.931774 0.945248
vt 0.935645 0.988934
vt 0.992006 0.965274
vt 0.992006 0.967091
vt 0.990071 0.967338
vt 0.950377 0.942812
vt 0.951515 0.944378
vt 0.990560 0.988093
vt 0.988625 0.988742
vt 0.988625 0.986266
vt 0.990560 0.985795
vt 0.961889 0.942912
vt 0.963026 0.941346
vt 0.960751 0.944478
vt 0.992006 0.963832
vt 0.949240 0.941246
vt 0.986689 0.988093
vt 0.986689 0.985795
vt 0.960131 0.939871
vt 0.959532 0.941712
vt 0.956921 0.941298
vt 0.956921 0.939362
vt 0.952136 0.939770
vt 0.952734 0.941611
vt 0.986689 0.982899
vt 0.988625 0.983147
vt 0.988135 0.967091
vt 0.953332 0.943452
vt 0.990560 0.982899
vt 0.958934 0.943552
vt 0.991712 0.957303
vt 0.993193 0.958784
vt 0.993193 0.960879
vt 0.991712 0.962361
vt 0.989617 0.962361
vt 0.988135 0.960879
vt 0.988135 0.958784
vt 0.989617 0.957303
vt 0.956921 0.943233
vt 0.992006 0.969104
vt 0.990071 0.969104
vt 0.955346 0.939262
vt 0.955346 0.941197
vt 0.986689 0.979689
vt 0.988625 0.979689
vt 0.988135 0.969104
vt 0.955346 0.943133
vt 0.990560 0.979689
vt 0.935645 0.946593
vt 0.937581 0.946841
vt 0.949148 0.988160
vt 0.950073 0.989977
vt 0.948507 0.991115
vt 0.947307 0.988758
vt 0.935645 0.991060
vt 0.933710 0.991308
vt 0.964959 0.988859
vt 0.963119 0.988261
vt 0.963438 0.986247
vt 0.939516 0.946593
vt 0.945466 0.989356
vt 0.931774 0.991060
vt 0.966800 0.989457
vt 0.990560 0.975909
vt 0.990560 0.974467
vt 0.992496 0.973996
vt 0.992496 0.975260
vt 0.935645 0.993956
vt 0.933710 0.994427
vt 0.965325 0.992353
vt 0.963759 0.991215
vt 0.962193 0.990077
vt 0.937581 0.945248
vt 0.939516 0.944777
vt 0.946942 0.992252
vt 0.931774 0.993956
vt 0.935645 0.944777
vt 0.992496 0.972402
vt 0.994431 0.972650
vt 0.994431 0.974467
vt 0.951515 0.991419
vt 0.950377 0.992985
vt 0.990560 0.971285
vt 0.990560 0.973583
vt 0.988625 0.973112
vt 0.988625 0.970636
vt 0.963026 0.994651
vt 0.961889 0.993085
vt 0.960751 0.991519
vt 0.994431 0.975909
vt 0.949240 0.994550
vt 0.986689 0.973583
vt 0.986689 0.971285
vt 0.960131 0.996127
vt 0.956921 0.996635
vt 0.956921 0.994699
vt 0.959532 0.994286
vt 0.952734 0.994185
vt 0.952136 0.996026
vt 0.988625 0.976231
vt 0.986689 0.976479
vt 0.990560 0.972650
vt 0.953332 0.992344
vt 0.990560 0.976479
vt 0.958934 0.992445
vt 0.989617 0.952245
vt 0.991712 0.952245
vt 0.993193 0.953727
vt 0.993193 0.955822
vt 0.991712 0.957303
vt 0.989617 0.957303
vt 0.988135 0.955822
vt 0.988135 0.953727
vt 0.956921 0.992764
vt 0.992496 0.970636
vt 0.994431 0.970636
vt 0.955346 0.994599
vt 0.955346 0.996534
vt 0.990560 0.970636
vt 0.955346 0.992663
s 0
usemtl work_table
f 4/1/1 3/2/1 10/3/1 8/4/1
f 12/5/2 5/6/2 8/7/2 10/8/2
f 11/9/1 6/10/1 16/11/1 14/12/1
f 1/13/3 4/14/3 8/15/3 5/16/3
f 2/17/4 1/18/4 5/19/4 12/20/4
f 11/21/5 9/22/5 3/23/5 2/24/5
f 7/25/5 6/26/5 12/27/5 10/28/5
f 9/22/5 7/25/5 10/28/5 3/23/5
f 6/26/5 11/21/5 2/24/5 12/27/5
f 13/29/5 14/30/5 16/28/5 15/31/5
f 6/32/6 7/33/6 15/34/6 16/35/6
f 7/36/4 9/37/4 13/38/4 15/39/4
f 9/40/2 11/41/2 14/42/2 13/43/2
s 1
f 18/44/7 66/45/8 65/46/9 17/47/10
f 19/48/11 67/49/12 66/50/8 18/51/7
f 20/52/13 68/53/14 67/49/12 19/48/11
f 21/54/15 69/55/16 68/56/14 20/57/13
f 22/58/17 70/59/18 69/55/16 21/54/15
f 24/60/19 23/61/20 31/62/21 32/63/22
f 23/61/20 71/64/23 70/65/18 22/66/17
f 24/60/19 72/67/24 71/64/23 23/61/20
f 30/68/25 29/69/26 37/70/27 38/71/28
f 22/58/17 21/54/15 29/69/26 30/68/25
f 20/52/13 19/48/11 27/72/29 28/73/30
f 17/47/10 24/74/19 32/75/22 25/76/31
f 23/61/20 22/66/17 30/77/25 31/62/21
f 21/54/15 20/57/13 28/78/30 29/69/26
f 19/48/11 18/51/7 26/79/32 27/72/29
f 18/44/7 17/47/10 25/76/31 26/80/32
f 40/81/33 39/82/34 47/83/35 48/84/36
f 28/73/30 27/72/29 35/85/37 36/86/38
f 26/80/32 25/76/31 33/87/39 34/88/40
f 25/76/31 32/75/22 40/89/33 33/87/39
f 31/62/21 30/77/25 38/90/28 39/91/34
f 29/69/26 28/78/30 36/92/38 37/70/27
f 27/72/29 26/79/32 34/93/40 35/85/37
f 32/63/22 31/62/21 39/91/34 40/94/33
f 47/83/35 46/95/41 54/96/42 55/97/43
f 38/71/28 37/70/27 45/98/44 46/99/41
f 36/100/38 35/101/37 43/102/45 44/103/46
f 34/88/40 33/87/39 41/104/47 42/105/48
f 33/87/39 40/89/33 48/106/36 41/104/47
f 39/82/34 38/107/28 46/95/41 47/83/35
f 37/70/27 36/92/38 44/108/46 45/98/44
f 35/101/37 34/109/40 42/110/48 43/102/45
f 50/111/49 49/112/50 57/113/51 58/114/52
f 45/98/44 44/108/46 52/115/53 53/116/54
f 43/102/45 42/110/48 50/117/49 51/118/55
f 48/84/36 47/83/35 55/97/43 56/119/56
f 46/99/41 45/98/44 53/116/54 54/120/42
f 44/103/46 43/102/45 51/118/55 52/121/53
f 42/105/48 41/104/47 49/112/50 50/111/49
f 41/104/47 48/106/36 56/122/56 49/112/50
f 58/123/6 57/124/6 64/125/6 63/126/6 62/127/6 61/128/6 60/129/6 59/130/6
f 49/112/50 56/122/56 64/131/57 57/113/51
f 55/97/43 54/96/42 62/132/58 63/133/59
f 53/116/54 52/115/53 60/134/60 61/135/61
f 51/118/55 50/117/49 58/136/52 59/137/62
f 56/119/56 55/97/43 63/133/59 64/138/57
f 54/120/42 53/116/54 61/135/61 62/139/58
f 52/121/53 51/118/55 59/137/62 60/140/60
f 72/67/24 80/141/63 79/142/64 71/64/23
f 78/143/65 86/144/66 85/145/67 77/146/68
f 70/59/18 78/143/65 77/146/68 69/55/16
f 68/53/14 76/147/69 75/148/70 67/49/12
f 65/46/9 73/149/71 80/150/63 72/151/24
f 71/64/23 79/142/64 78/152/65 70/65/18
f 69/55/16 77/146/68 76/153/69 68/56/14
f 67/49/12 75/148/70 74/154/72 66/50/8
f 66/45/8 74/155/72 73/149/71 65/46/9
f 88/156/73 96/157/74 95/158/75 87/159/76
f 76/147/69 84/160/77 83/161/78 75/148/70
f 74/155/72 82/162/79 81/163/80 73/149/71
f 73/149/71 81/163/80 88/164/73 80/150/63
f 79/142/64 87/165/76 86/166/66 78/152/65
f 77/146/68 85/145/67 84/167/77 76/153/69
f 75/148/70 83/161/78 82/168/79 74/154/72
f 80/141/63 88/169/73 87/165/76 79/142/64
f 95/158/75 103/170/81 102/171/82 94/172/83
f 86/144/66 94/173/83 93/174/84 85/145/67
f 84/175/77 92/176/85 91/177/86 83/178/78
f 82/162/79 90/179/87 89/180/88 81/163/80
f 81/163/80 89/180/88 96/181/74 88/164/73
f 87/159/76 95/158/75 94/172/83 86/182/66
f 85/145/67 93/174/84 92/183/85 84/167/77
f 83/178/78 91/177/86 90/184/87 82/185/79
f 98/186/89 106/187/90 105/188/91 97/189/92
f 93/174/84 101/190/93 100/191/94 92/183/85
f 91/177/86 99/192/95 98/193/89 90/184/87
f 96/157/74 104/194/96 103/170/81 95/158/75
f 94/173/83 102/195/82 101/190/93 93/174/84
f 92/176/85 100/196/94 99/192/95 91/177/86
f 90/179/87 98/186/89 97/189/92 89/180/88
f 89/180/88 97/189/92 104/197/96 96/181/74
f 106/198/6 107/199/6 108/200/6 109/201/6 110/202/6 111/203/6 112/204/6 105/205/6
f 97/189/92 105/188/91 112/206/97 104/197/96
f 103/170/81 111/207/98 110/208/99 102/171/82
f 101/190/93 109/209/100 108/210/101 100/191/94
f 99/192/95 107/137/102 106/136/90 98/193/89
f 104/194/96 112/211/97 111/207/98 103/170/81
f 102/195/82 110/212/99 109/209/100 101/190/93
f 100/196/94 108/140/101 107/137/102 99/192/95
f 17/47/10 65/46/9 72/151/24 24/74/19
o dresser_2
v -0.100000 0.312002 0.968000
v -0.100000 0.537998 0.968000
v -0.100000 0.538002 0.592000
v -0.100000 0.312005 0.592000
v 0.400000 0.312002 0.968000
v 0.380000 0.537999 0.948000
v 0.380000 0.538001 0.612000
v 0.400000 0.312005 0.592000
v -0.080000 0.538001 0.612000
v 0.400000 0.538002 0.592000
v -0.080000 0.537999 0.948000
v 0.400000 0.537998 0.968000
v -0.080000 0.338001 0.612000
v -0.080000 0.337999 0.948000
v 0.380000 0.338001 0.612000
v 0.380000 0.337999 0.948000
v 0.423160 0.432502 0.830000
v 0.428463 0.430305 0.830000
v 0.430660 0.425002 0.830000
v 0.428463 0.419698 0.830000
v 0.423160 0.417502 0.830000
v 0.417857 0.419698 0.830000
v 0.415660 0.425002 0.830000
v 0.417857 0.430305 0.830000
v 0.422026 0.432502 0.837157
v 0.427070 0.430305 0.838796
v 0.429159 0.425002 0.839474
v 0.427070 0.419698 0.838796
v 0.422026 0.417502 0.837157
v 0.416983 0.419698 0.835518
v 0.414893 0.425002 0.834839
v 0.416983 0.430305 0.835518
v 0.418737 0.432502 0.843613
v 0.423027 0.430305 0.846730
v 0.424804 0.425002 0.848021
v 0.423027 0.419698 0.846730
v 0.418737 0.417502 0.843613
v 0.414446 0.419698 0.840496
v 0.412669 0.425002 0.839205
v 0.414446 0.430305 0.840496
v 0.413613 0.432502 0.848737
v 0.416730 0.430305 0.853027
v 0.418021 0.425002 0.854804
v 0.416730 0.419698 0.853027
v 0.413613 0.417502 0.848737
v 0.410496 0.419698 0.844446
v 0.409205 0.425002 0.842669
v 0.410496 0.430305 0.844446
v 0.407157 0.432502 0.852026
v 0.408796 0.430305 0.857070
v 0.409474 0.425002 0.859159
v 0.408796 0.419698 0.857070
v 0.407157 0.417502 0.852026
v 0.405518 0.419698 0.846983
v 0.404839 0.425002 0.844893
v 0.405518 0.430305 0.846983
v 0.400000 0.432502 0.853160
v 0.400000 0.430305 0.858463
v 0.400000 0.425002 0.860660
v 0.400000 0.419698 0.858463
v 0.400000 0.417502 0.853160
v 0.400000 0.419698 0.847856
v 0.400000 0.425002 0.845660
v 0.400000 0.430305 0.847856
v 0.423160 0.432502 0.730000
v 0.428463 0.430305 0.730000
v 0.430660 0.425002 0.730000
v 0.428463 0.419698 0.730000
v 0.423160 0.417502 0.730000
v 0.417857 0.419698 0.730000
v 0.415660 0.425002 0.730000
v 0.417857 0.430305 0.730000
v 0.422026 0.432502 0.722843
v 0.427070 0.430305 0.721204
v 0.429159 0.425002 0.720526
v 0.427070 0.419698 0.721204
v 0.422026 0.417502 0.722843
v 0.416983 0.419698 0.724482
v 0.414893 0.425002 0.725161
v 0.416983 0.430305 0.724482
v 0.418737 0.432502 0.716387
v 0.423027 0.430305 0.713270
v 0.424804 0.425002 0.711979
v 0.423027 0.419698 0.713270
v 0.418737 0.417502 0.716387
v 0.414446 0.419698 0.719504
v 0.412669 0.425002 0.720795
v 0.414446 0.430305 0.719504
v 0.413613 0.432502 0.711263
v 0.416730 0.430305 0.706973
v 0.418021 0.425002 0.705196
v 0.416730 0.419698 0.706973
v 0.413613 0.417502 0.711263
v 0.410496 0.419698 0.715554
v 0.409205 0.425002 0.717331
v 0.410496 0.430305 0.715554
v 0.407157 0.432502 0.707974
v 0.408796 0.430305 0.702930
v 0.409474 0.425002 0.700841
v 0.408796 0.419698 0.702930
v 0.407157 0.417502 0.707974
v 0.405518 0.419698 0.713017
v 0.404839 0.425002 0.715107
v 0.405518 0.430305 0.713017
v 0.400000 0.432502 0.706840
v 0.400000 0.430305 0.701537
v 0.400000 0.425002 0.699340
v 0.400000 0.419698 0.701537
v 0.400000 0.417502 0.706840
v 0.400000 0.419698 0.712143
v 0.400000 0.425002 0.714340
v 0.400000 0.430305 0.712143
vn -0.0000 -0.0000 -1.0000
vn 1.0000 -0.0000 -0.0000
vn -0.0000 -1.0000 -0.0000
vn -0.0000 -0.0000 1.0000
vn -0.0000 1.0000 -0.0000
vn -1.0000 -0.0000 -0.0000
vn 0.7149 0.6969 0.0564
vn 0.7149 0.6969 -0.0564
vn 0.0191 0.9998 -0.0030
vn 0.0191 0.9998 0.0030
vn 0.9970 -0.0000 0.0770
vn 0.9970 -0.0000 -0.0770
vn 0.7149 -0.6969 0.0564
vn 0.7149 -0.6969 -0.0564
vn 0.0191 -0.9998 0.0030
vn 0.0191 -0.9998 -0.0030
vn -0.6959 -0.7160 -0.0549
vn -0.6959 -0.7160 0.0549
vn -0.6959 0.7160 -0.0549
vn -0.9968 -0.0000 -0.0800
vn -0.9511 -0.0000 -0.3090
vn -0.6533 0.7267 -0.2123
vn -0.9968 -0.0000 0.0800
vn -0.6959 0.7160 0.0549
vn -0.6533 -0.7267 -0.2123
vn -0.0543 -0.9984 -0.0128
vn 0.0436 -0.9990 -0.0113
vn -0.5558 -0.7267 -0.4038
vn 0.9511 -0.0000 0.3090
vn 0.6897 -0.6885 0.2241
vn -0.0495 0.9984 -0.0262
vn 0.6897 0.6885 0.2241
vn -0.5558 0.7267 -0.4038
vn -0.8090 -0.0000 -0.5878
vn -0.5878 -0.0000 -0.8090
vn -0.4038 0.7267 -0.5558
vn 0.8090 -0.0000 0.5878
vn 0.5867 -0.6885 0.4263
vn 0.0397 0.9991 -0.0125
vn 0.5867 0.6885 0.4263
vn -0.4038 -0.7267 -0.5558
vn -0.2123 -0.7267 -0.6533
vn -0.3090 -0.0000 -0.9511
vn 0.0347 -0.9993 0.0153
vn 0.5878 -0.0000 0.8090
vn 0.4263 -0.6885 0.5867
vn 0.0335 0.9993 0.0143
vn 0.4263 0.6885 0.5867
vn 0.2241 0.6885 0.6897
vn 0.0093 0.9997 0.0229
vn 0.0058 0.9996 0.0273
vn 0.1141 0.6840 0.7205
vn 0.2241 -0.6885 0.6897
vn 0.0059 -0.9997 0.0240
vn 0.3090 -0.0000 0.9511
vn -0.2123 0.7267 -0.6533
vn -0.1082 0.7224 -0.6829
vn -0.1082 -0.7224 -0.6829
vn -0.1564 -0.0000 -0.9877
vn 0.1141 -0.6840 0.7205
vn 0.0058 -0.9996 0.0273
vn 0.1564 -0.0000 0.9877
vn -0.6533 0.7267 0.2123
vn -0.9511 -0.0000 0.3090
vn -0.6533 -0.7267 0.2123
vn -0.5558 -0.7267 0.4038
vn -0.0000 -1.0000 -0.0039
vn 0.0252 -0.9964 0.0814
vn 0.6897 -0.6885 -0.2241
vn 0.9511 -0.0000 -0.3090
vn 0.0252 0.9964 0.0814
vn 0.6897 0.6885 -0.2241
vn -0.5558 0.7267 0.4038
vn -0.4038 0.7267 0.5558
vn -0.5878 -0.0000 0.8090
vn -0.8090 -0.0000 0.5878
vn 0.5867 -0.6885 -0.4263
vn 0.8090 -0.0000 -0.5878
vn 0.5867 0.6885 -0.4263
vn -0.0000 1.0000 -0.0039
vn -0.3090 -0.0000 0.9511
vn -0.2123 -0.7267 0.6533
vn -0.4038 -0.7267 0.5558
vn 0.0089 -0.9998 -0.0164
vn 0.4263 -0.6885 -0.5867
vn 0.5878 -0.0000 -0.8090
vn 0.4263 0.6885 -0.5867
vn 0.0089 0.9998 -0.0164
vn 0.2241 0.6885 -0.6897
vn 0.1141 0.6840 -0.7205
vn 0.0058 0.9996 -0.0273
vn 0.0210 0.9994 -0.0262
vn 0.0210 -0.9994 -0.0262
vn 0.2241 -0.6885 -0.6897
vn 0.3090 -0.0000 -0.9511
vn -0.2123 0.7267 0.6533
vn -0.1082 0.7224 0.6829
vn -0.1564 -0.0000 0.9877
vn -0.1082 -0.7224 0.6829
vn 0.0058 -0.9996 -0.0273
vn 0.1141 -0.6840 -0.7205
vn 0.1564 -0.0000 -0.9877
vt 0.378622 0.957718
vt 0.316868 0.957718
vt 0.316868 0.821092
vt 0.378622 0.821092
vt 0.801422 0.719565
vt 0.728112 0.719565
vt 0.728112 0.597596
vt 0.801422 0.597596
vt 0.562734 0.981149
vt 0.562734 0.813265
vt 0.635727 0.813265
vt 0.635727 0.981149
vt 0.019569 0.821092
vt 0.122312 0.821092
vt 0.122312 0.957718
vt 0.019569 0.957718
vt 0.897746 0.378477
vt 0.980226 0.378477
vt 0.980226 0.560959
vt 0.897746 0.560959
vt 0.127777 0.952253
vt 0.219590 0.952253
vt 0.225055 0.957718
vt 0.122312 0.957718
vt 0.219590 0.826557
vt 0.127777 0.826557
vt 0.122312 0.821092
vt 0.225055 0.821092
vt 0.316868 0.946788
vt 0.225055 0.946788
vt 0.316868 0.821092
vt 0.900391 0.687128
vt 0.900391 0.564500
vt 0.973384 0.564501
vt 0.973384 0.687129
vt 0.923264 0.860523
vt 0.923264 0.692640
vt 0.996257 0.692640
vt 0.996257 0.860523
vt 0.876407 0.597161
vt 0.876407 0.719789
vt 0.803414 0.719790
vt 0.803414 0.597162
vt 0.967309 0.949750
vt 0.967309 0.986247
vt 0.965373 0.986247
vt 0.965373 0.949750
vt 0.933710 0.951354
vt 0.933710 0.987850
vt 0.931774 0.987850
vt 0.931774 0.951354
vt 0.935645 0.951354
vt 0.935645 0.987850
vt 0.946893 0.949650
vt 0.946893 0.986146
vt 0.944958 0.986146
vt 0.944958 0.949650
vt 0.948829 0.949650
vt 0.948829 0.986146
vt 0.935645 0.985104
vt 0.937581 0.985104
vt 0.937581 0.986870
vt 0.935645 0.987117
vt 0.937581 0.948607
vt 0.939516 0.948607
vt 0.939516 0.985104
vt 0.935645 0.948607
vt 0.949148 0.947636
vt 0.947307 0.947038
vt 0.948507 0.944682
vt 0.950073 0.945819
vt 0.933710 0.947896
vt 0.935645 0.948144
vt 0.963438 0.949750
vt 0.963119 0.947737
vt 0.964959 0.947139
vt 0.939516 0.987117
vt 0.945466 0.946440
vt 0.931774 0.948144
vt 0.966800 0.946540
vt 0.988135 0.963832
vt 0.990071 0.964481
vt 0.990071 0.965745
vt 0.988135 0.965274
vt 0.933710 0.944777
vt 0.935645 0.945248
vt 0.963759 0.944782
vt 0.965325 0.943645
vt 0.962193 0.945920
vt 0.939516 0.988934
vt 0.937581 0.988463
vt 0.946942 0.943544
vt 0.931774 0.945248
vt 0.935645 0.988934
vt 0.992006 0.965274
vt 0.992006 0.967091
vt 0.990071 0.967338
vt 0.950377 0.942812
vt 0.951515 0.944378
vt 0.990560 0.988093
vt 0.988625 0.988742
vt 0.988625 0.986266
vt 0.990560 0.985795
vt 0.961889 0.942912
vt 0.963026 0.941346
vt 0.960751 0.944478
vt 0.992006 0.963832
vt 0.949240 0.941246
vt 0.986689 0.988093
vt 0.986689 0.985795
vt 0.960131 0.939871
vt 0.959532 0.941712
vt 0.956921 0.941298
vt 0.956921 0.939362
vt 0.952136 0.939770
vt 0.952734 0.941611
vt 0.986689 0.982899
vt 0.988625 0.983147
vt 0.988135 0.967091
vt 0.953332 0.943452
vt 0.990560 0.982899
vt 0.958934 0.943552
vt 0.991712 0.957303
vt 0.993193 0.958784
vt 0.993193 0.960879
vt 0.991712 0.962361
vt 0.989617 0.962361
vt 0.988135 0.960879
vt 0.988135 0.958784
vt 0.989617 0.957303
vt 0.956921 0.943233
vt 0.992006 0.969104
vt 0.990071 0.969104
vt 0.955346 0.939262
vt 0.955346 0.941197
vt 0.986689 0.979689
vt 0.988625 0.979689
vt 0.988135 0.969104
vt 0.955346 0.943133
vt 0.990560 0.979689
vt 0.935645 0.946593
vt 0.937581 0.946841
vt 0.949148 0.988160
vt 0.950073 0.989977
vt 0.948507 0.991115
vt 0.947307 0.988758
vt 0.935645 0.991060
vt 0.933710 0.991308
vt 0.964959 0.988859
vt 0.963119 0.988261
vt 0.963438 0.986247
vt 0.939516 0.946593
vt 0.945466 0.989356
vt 0.931774 0.991060
vt 0.966800 0.989457
vt 0.990560 0.975909
vt 0.990560 0.974467
vt 0.992496 0.973996
vt 0.992496 0.975260
vt 0.935645 0.993956
vt 0.933710 0.994427
vt 0.965325 0.992353
vt 0.963759 0.991215
vt 0.962193 0.990077
vt 0.937581 0.945248
vt 0.939516 0.944777
vt 0.946942 0.992252
vt 0.931774 0.993956
vt 0.935645 0.944777
vt 0.992496 0.972402
vt 0.994431 0.972650
vt 0.994431 0.974467
vt 0.951515 0.991419
vt 0.950377 0.992985
vt 0.990560 0.971285
vt 0.990560 0.973583
vt 0.988625 0.973112
vt 0.988625 0.970636
vt 0.963026 0.994651
vt 0.961889 0.993085
vt 0.960751 0.991519
vt 0.994431 0.975909
vt 0.949240 0.994550
vt 0.986689 0.973583
vt 0.986689 0.971285
vt 0.960131 0.996127
vt 0.956921 0.996635
vt 0.956921 0.994699
vt 0.959532 0.994286
vt 0.952734 0.994185
vt 0.952136 0.996026
vt 0.988625 0.976231
vt 0.986689 0.976479
vt 0.990560 0.972650
vt 0.953332 0.992344
vt 0.990560 0.976479
vt 0.958934 0.992445
vt 0.989617 0.952245
vt 0.991712 0.952245
vt 0.993193 0.953727
vt 0.993193 0.955822
vt 0.991712 0.957303
vt 0.989617 0.957303
vt 0.988135 0.955822
vt 0.988135 0.953727
vt 0.956921 0.992764
vt 0.992496 0.970636
vt 0.994431 0.970636
vt 0.955346 0.994599
vt 0.955346 0.996534
vt 0.990560 0.970636
vt 0.955346 0.992663
s 0
usemtl work_table
f 116/213/103 115/214/103 122/215/103 120/216/103
f 124/217/104 117/218/104 120/219/104 122/220/104
f 123/221/103 118/222/103 128/223/103 126/224/103
f 113/225/105 116/226/105 120/227/105 117/228/105
f 114/229/106 113/230/106 117/231/106 124/232/106
f 123/233/107 121/234/107 115/235/107 114/236/107
f 119/237/107 118/238/107 124/239/107 122/240/107
f 121/234/107 119/237/107 122/240/107 115/235/107
f 118/238/107 123/233/107 114/236/107 124/239/107
f 125/241/107 126/242/107 128/240/107 127/243/107
f 118/244/108 119/245/108 127/246/108 128/247/108
f 119/248/106 121/249/106 125/250/106 127/251/106
f 121/252/104 123/253/104 126/254/104 125/255/104
s 1
f 130/256/109 178/257/110 177/258/111 129/259/112
f 131/260/113 179/261/114 178/262/110 130/263/109
f 132/264/115 180/265/116 179/261/114 131/260/113
f 133/266/117 181/267/118 180/268/116 132/269/115
f 134/270/119 182/271/120 181/267/118 133/266/117
f 136/272/121 135/273/122 143/274/123 144/275/124
f 135/273/122 183/276/125 182/277/120 134/278/119
f 136/272/121 184/279/126 183/276/125 135/273/122
f 142/280/127 141/281/128 149/282/129 150/283/130
f 134/270/119 133/266/117 141/281/128 142/280/127
f 132/264/115 131/260/113 139/284/131 140/285/132
f 129/259/112 136/286/121 144/287/124 137/288/133
f 135/273/122 134/278/119 142/289/127 143/274/123
f 133/266/117 132/269/115 140/290/132 141/281/128
f 131/260/113 130/263/109 138/291/134 139/284/131
f 130/256/109 129/259/112 137/288/133 138/292/134
f 152/293/135 151/294/136 159/295/137 160/296/138
f 140/285/132 139/284/131 147/297/139 148/298/140
f 138/292/134 137/288/133 145/299/141 146/300/142
f 137/288/133 144/287/124 152/301/135 145/299/141
f 143/274/123 142/289/127 150/302/130 151/303/136
f 141/281/128 140/290/132 148/304/140 149/282/129
f 139/284/131 138/291/134 146/305/142 147/297/139
f 144/275/124 143/274/123 151/303/136 152/306/135
f 159/295/137 158/307/143 166/308/144 167/309/145
f 150/283/130 149/282/129 157/310/146 158/311/143
f 148/312/140 147/313/139 155/314/147 156/315/148
f 146/300/142 145/299/141 153/316/149 154/317/150
f 145/299/141 152/301/135 160/318/138 153/316/149
f 151/294/136 150/319/130 158/307/143 159/295/137
f 149/282/129 148/304/140 156/320/148 157/310/146
f 147/313/139 146/321/142 154/322/150 155/314/147
f 162/323/151 161/324/152 169/325/153 170/326/154
f 157/310/146 156/320/148 164/327/155 165/328/156
f 155/314/147 154/322/150 162/329/151 163/330/157
f 160/296/138 159/295/137 167/309/145 168/331/158
f 158/311/143 157/310/146 165/328/156 166/332/144
f 156/315/148 155/314/147 163/330/157 164/333/155
f 154/317/150 153/316/149 161/324/152 162/323/151
f 153/316/149 160/318/138 168/334/158 161/324/152
f 170/335/108 169/336/108 176/337/108 175/338/108 174/339/108 173/340/108 172/341/108 171/342/108
f 161/324/152 168/334/158 176/343/159 169/325/153
f 167/309/145 166/308/144 174/344/160 175/345/161
f 165/328/156 164/327/155 172/346/162 173/347/163
f 163/330/157 162/329/151 170/348/154 171/349/164
f 168/331/158 167/309/145 175/345/161 176/350/159
f 166/332/144 165/328/156 173/347/163 174/351/160
f 164/333/155 163/330/157 171/349/164 172/352/162
f 184/279/126 192/353/165 191/354/166 183/276/125
f 190/355/167 198/356/168 197/357/169 189/358/170
f 182/271/120 190/355/167 189/358/170 181/267/118
f 180/265/116 188/359/171 187/360/172 179/261/114
f 177/258/111 185/361/173 192/362/165 184/363/126
f 183/276/125 191/354/166 190/364/167 182/277/120
f 181/267/118 189/358/170 188/365/171 180/268/116
f 179/261/114 187/360/172 186/366/174 178/262/110
f 178/257/110 186/367/174 185/361/173 177/258/111
f 200/368/175 208/369/176 207/370/177 199/371/178
f 188/359/171 196/372/179 195/373/180 187/360/172
f 186/367/174 194/374/181 193/375/182 185/361/173
f 185/361/173 193/375/182 200/376/175 192/362/165
f 191/354/166 199/377/178 198/378/168 190/364/167
f 189/358/170 197/357/169 196/379/179 188/365/171
f 187/360/172 195/373/180 194/380/181 186/366/174
f 192/353/165 200/381/175 199/377/178 191/354/166
f 207/370/177 215/382/183 214/383/184 206/384/185
f 198/356/168 206/385/185 205/386/186 197/357/169
f 196/387/179 204/388/187 203/389/188 195/390/180
f 194/374/181 202/391/189 201/392/190 193/375/182
f 193/375/182 201/392/190 208/393/176 200/376/175
f 199/371/178 207/370/177 206/384/185 198/394/168
f 197/357/169 205/386/186 204/395/187 196/379/179
f 195/390/180 203/389/188 202/396/189 194/397/181
f 210/398/191 218/399/192 217/400/193 209/401/194
f 205/386/186 213/402/195 212/403/196 204/395/187
f 203/389/188 211/404/197 210/405/191 202/396/189
f 208/369/176 216/406/198 215/382/183 207/370/177
f 206/385/185 214/407/184 213/402/195 205/386/186
f 204/388/187 212/408/196 211/404/197 203/389/188
f 202/391/189 210/398/191 209/401/194 201/392/190
f 201/392/190 209/401/194 216/409/198 208/393/176
f 218/410/108 219/411/108 220/412/108 221/413/108 222/414/108 223/415/108 224/416/108 217/417/108
f 209/401/194 217/400/193 224/418/199 216/409/198
f 215/382/183 223/419/200 222/420/201 214/383/184
f 213/402/195 221/421/202 220/422/203 212/403/196
f 211/404/197 219/349/204 218/348/192 210/405/191
f 216/406/198 224/423/199 223/419/200 215/382/183
f 214/407/184 222/424/201 221/421/202 213/402/195
f 212/408/196 220/352/203 219/349/204 211/404/197
f 129/259/112 177/258/111 184/363/126 136/286/121
o dresser_1
v -0.100000 0.562002 0.968000
v -0.100000 0.787998 0.968000
v -0.100000 0.788002 0.592000
v -0.100000 0.562005 0.592000
v 0.400000 0.562002 0.968000
v 0.380000 0.787999 0.948000
v 0.380000 0.788001 0.612000
v 0.400000 0.562005 0.592000
v -0.080000 0.788001 0.612000
v 0.400000 0.788002 0.592000
v -0.080000 0.787999 0.948000
v 0.400000 0.787998 0.968000
v -0.080000 0.588001 0.612000
v -0.080000 0.587999 0.948000
v 0.380000 0.588001 0.612000
v 0.380000 0.587999 0.948000
v 0.423160 0.682502 0.830000
v 0.428463 0.680305 0.830000
v 0.430660 0.675002 0.830000
v 0.428463 0.669698 0.830000
v 0.423160 0.667502 0.830000
v 0.417857 0.669698 0.830000
v 0.415660 0.675002 0.830000
v 0.417857 0.680305 0.830000
v 0.422026 0.682502 0.837157
v 0.427070 0.680305 0.838796
v 0.429159 0.675002 0.839474
v 0.427070 0.669698 0.838796
v 0.422026 0.667502 0.837157
v 0.416983 0.669698 0.835518
v 0.414893 0.675002 0.834839
v 0.416983 0.680305 0.835518
v 0.418737 0.682502 0.843613
v 0.423027 0.680305 0.846730
v 0.424804 0.675002 0.848021
v 0.423027 0.669698 0.846730
v 0.418737 0.667502 0.843613
v 0.414446 0.669698 0.840496
v 0.412669 0.675002 0.839205
v 0.414446 0.680305 0.840496
v 0.413613 0.682502 0.848737
v 0.416730 0.680305 0.853027
v 0.418021 0.675002 0.854804
v 0.416730 0.669698 0.853027
v 0.413613 0.667502 0.848737
v 0.410496 0.669698 0.844446
v 0.409205 0.675002 0.842669
v 0.410496 0.680305 0.844446
v 0.407157 0.682502 0.852026
v 0.408796 0.680305 0.857070
v 0.409474 0.675002 0.859159
v 0.408796 0.669698 0.857070
v 0.407157 0.667502 0.852026
v 0.405518 0.669698 0.846983
v 0.404839 0.675002 0.844893
v 0.405518 0.680305 0.846983
v 0.400000 0.682502 0.853160
v 0.400000 0.680305 0.858463
v 0.400000 0.675002 0.860660
v 0.400000 0.669698 0.858463
v 0.400000 0.667502 0.853160
v 0.400000 0.669698 0.847856
v 0.400000 0.675002 0.845660
v 0.400000 0.680305 0.847856
v 0.423160 0.682502 0.730000
v 0.428463 0.680305 0.730000
v 0.430660 0.675002 0.730000
v 0.428463 0.669698 0.730000
v 0.423160 0.667502 0.730000
v 0.417857 0.669698 0.730000
v 0.415660 0.675002 0.730000
v 0.417857 0.680305 0.730000
v 0.422026 0.682502 0.722843
v 0.427070 0.680305 0.721204
v 0.429159 0.675002 0.720526
v 0.427070 0.669698 0.721204
v 0.422026 0.667502 0.722843
v 0.416983 0.669698 0.724482
v 0.414893 0.675002 0.725161
v 0.416983 0.680305 0.724482
v 0.418737 0.682502 0.716387
v 0.423027 0.680305 0.713270
v 0.424804 0.675002 0.711979
v 0.423027 0.669698 0.713270
v 0.418737 0.667502 0.716387
v 0.414446 0.669698 0.719504
v 0.412669 0.675002 0.720795
v 0.414446 0.680305 0.719504
v 0.413613 0.682502 0.711263
v 0.416730 0.680305 0.706973
v 0.418021 0.675002 0.705196
v 0.416730 0.669698 0.706973
v 0.413613 0.667502 0.711263
v 0.410496 0.669698 0.715554
v 0.409205 0.675002 0.717331
v 0.410496 0.680305 0.715554
v 0.407157 0.682502 0.707974
v 0.408796 0.680305 0.702930
v 0.409474 0.675002 0.700841
v 0.408796 0.669698 0.702930
v 0.407157 0.667502 0.707974
v 0.405518 0.669698 0.713017
v 0.404839 0.675002 0.715107
v 0.405518 0.680305 0.713017
v 0.400000 0.682502 0.706840
v 0.400000 0.680305 0.701537
v 0.400000 0.675002 0.699340
v 0.400000 0.669698 0.701537
v 0.400000 0.667502 0.706840
v 0.400000 0.669698 0.712143
v 0.400000 0.675002 0.714340
v 0.400000 0.680305 0.712143
vn -0.0000 -0.0000 -1.0000
vn 1.0000 -0.0000 -0.0000
vn -0.0000 -1.0000 -0.0000
vn -0.0000 -0.0000 1.0000
vn -0.0000 1.0000 -0.0000
vn -1.0000 -0.0000 -0.0000
vn 0.7149 0.6969 0.0564
vn 0.7149 0.6969 -0.0564
vn 0.0191 0.9998 -0.0030
vn 0.0191 0.9998 0.0030
vn 0.9970 -0.0000 0.0770
vn 0.9970 -0.0000 -0.0770
vn 0.7149 -0.6969 0.0564
vn 0.7149 -0.6969 -0.0564
vn 0.0191 -0.9998 0.0030
vn 0.0191 -0.9998 -0.0030
vn -0.6959 -0.7160 -0.0549
vn -0.6959 -0.7160 0.0549
vn -0.6959 0.7160 -0.0549
vn -0.9968 -0.0000 -0.0800
vn -0.9511 -0.0000 -0.3090
vn -0.6533 0.7267 -0.2123
vn -0.9968 -0.0000 0.0800
vn -0.6959 0.7160 0.0549
vn -0.6533 -0.7267 -0.2123
vn -0.0543 -0.9984 -0.0128
vn 0.0436 -0.9990 -0.0113
vn -0.5558 -0.7267 -0.4038
vn 0.9511 -0.0000 0.3090
vn 0.6897 -0.6885 0.2241
vn -0.0495 0.9984 -0.0262
vn 0.6897 0.6885 0.2241
vn -0.5558 0.7267 -0.4038
vn -0.8090 -0.0000 -0.5878
vn -0.5878 -0.0000 -0.8090
vn -0.4038 0.7267 -0.5558
vn 0.8090 -0.0000 0.5878
vn 0.5867 -0.6885 0.4263
vn 0.0397 0.9991 -0.0125
vn 0.5867 0.6885 0.4263
vn -0.4038 -0.7267 -0.5558
vn -0.2123 -0.7267 -0.6533
vn -0.3090 -0.0000 -0.9511
vn 0.0347 -0.9993 0.0153
vn 0.5878 -0.0000 0.8090
vn 0.4263 -0.6885 0.5867
vn 0.0335 0.9993 0.0143
vn 0.4263 0.6885 0.5867
vn 0.2241 0.6885 0.6897
vn 0.0093 0.9997 0.0229
vn 0.0058 0.9996 0.0273
vn 0.1141 0.6840 0.7205
vn 0.2241 -0.6885 0.6897
vn 0.0059 -0.9997 0.0240
vn 0.3090 -0.0000 0.9511
vn -0.2123 0.7267 -0.6533
vn -0.1082 0.7224 -0.6829
vn -0.1082 -0.7224 -0.6829
vn -0.1564 -0.0000 -0.9877
vn 0.1141 -0.6840 0.7205
vn 0.0058 -0.9996 0.0273
vn 0.1564 -0.0000 0.9877
vn -0.6533 0.7267 0.2123
vn -0.9511 -0.0000 0.3090
vn -0.6533 -0.7267 0.2123
vn -0.5558 -0.7267 0.4038
vn -0.0000 -1.0000 -0.0039
vn 0.0252 -0.9964 0.0814
vn 0.6897 -0.6885 -0.2241
vn 0.9511 -0.0000 -0.3090
vn 0.0252 0.9964 0.0814
vn 0.6897 0.6885 -0.2241
vn -0.5558 0.7267 0.4038
vn -0.4038 0.7267 0.5558
vn -0.5878 -0.0000 0.8090
vn -0.8090 -0.0000 0.5878
vn 0.5867 -0.6885 -0.4263
vn 0.8090 -0.0000 -0.5878
vn 0.5867 0.6885 -0.4263
vn -0.0000 1.0000 -0.0039
vn -0.3090 -0.0000 0.9511
vn -0.2123 -0.7267 0.6533
vn -0.4038 -0.7267 0.5558
vn 0.0089 -0.9998 -0.0164
vn 0.4263 -0.6885 -0.5867
vn 0.5878 -0.0000 -0.8090
vn 0.4263 0.6885 -0.5867
vn 0.0089 0.9998 -0.0164
vn 0.2241 0.6885 -0.6897
vn 0.1141 0.6840 -0.7205
vn 0.0058 0.9996 -0.0273
vn 0.0210 0.9994 -0.0262
vn 0.0210 -0.9994 -0.0262
vn 0.2241 -0.6885 -0.6897
vn 0.3090 -0.0000 -0.9511
vn -0.2123 0.7267 0.6533
vn -0.1082 0.7224 0.6829
vn -0.1564 -0.0000 0.9877
vn -0.1082 -0.7224 0.6829
vn 0.0058 -0.9996 -0.0273
vn 0.1141 -0.6840 -0.7205
vn 0.1564 -0.0000 -0.9877
vt 0.378622 0.957718
vt 0.316868 0.957718
vt 0.316868 0.821092
vt 0.378622 0.821092
vt 0.801422 0.719565
vt 0.728112 0.719565
vt 0.728112 0.597596
vt 0.801422 0.597596
vt 0.562734 0.981149
vt 0.562734 0.813265
vt 0.635727 0.813265
vt 0.635727 0.981149
vt 0.019569 0.821092
vt 0.122312 0.821092
vt 0.122312 0.957718
vt 0.019569 0.957718
vt 0.897746 0.378477
vt 0.980226 0.378477
vt 0.980226 0.560959
vt 0.897746 0.560959
vt 0.127777 0.952253
vt 0.219590 0.952253
vt 0.225055 0.957718
vt 0.122312 0.957718
vt 0.219590 0.826557
vt 0.127777 0.826557
vt 0.122312 0.821092
vt 0.225055 0.821092
vt 0.316868 0.946788
vt 0.225055 0.946788
vt 0.316868 0.821092
vt 0.900391 0.687128
vt 0.900391 0.564500
vt 0.973384 0.564501
vt 0.973384 0.687129
vt 0.923264 0.860523
vt 0.923264 0.692640
vt 0.996257 0.692640
vt 0.996257 0.860523
vt 0.876407 0.597161
vt 0.876407 0.719789
vt 0.803414 0.719790
vt 0.803414 0.597162
vt 0.967309 0.949750
vt 0.967309 0.986247
vt 0.965373 0.986247
vt 0.965373 0.949750
vt 0.933710 0.951354
vt 0.933710 0.987850
vt 0.931774 0.987850
vt 0.931774 0.951354
vt 0.935645 0.951354
vt 0.935645 0.987850
vt 0.946893 0.949650
vt 0.946893 0.986146
vt 0.944958 0.986146
vt 0.944958 0.949650
vt 0.948829 0.949650
vt 0.948829 0.986146
vt 0.935645 0.985104
vt 0.937581 0.985104
vt 0.937581 0.986870
vt 0.935645 0.987117
vt 0.937581 0.948607
vt 0.939516 0.948607
vt 0.939516 0.985104
vt 0.935645 0.948607
vt 0.949148 0.947636
vt 0.947307 0.947038
vt 0.948507 0.944682
vt 0.950073 0.945819
vt 0.933710 0.947896
vt 0.935645 0.948144
vt 0.963438 0.949750
vt 0.963119 0.947737
vt 0.964959 0.947139
vt 0.939516 0.987117
vt 0.945466 0.946440
vt 0.931774 0.948144
vt 0.966800 0.946540
vt 0.988135 0.963832
vt 0.990071 0.964481
vt 0.990071 0.965745
vt 0.988135 0.965274
vt 0.933710 0.944777
vt 0.935645 0.945248
vt 0.963759 0.944782
vt 0.965325 0.943645
vt 0.962193 0.945920
vt 0.939516 0.988934
vt 0.937581 0.988463
vt 0.946942 0.943544
vt 0.931774 0.945248
vt 0.935645 0.988934
vt 0.992006 0.965274
vt 0.992006 0.967091
vt 0.990071 0.967338
vt 0.950377 0.942812
vt 0.951515 0.944378
vt 0.990560 0.988093
vt 0.988625 0.988742
vt 0.988625 0.986266
vt 0.990560 0.985795
vt 0.961889 0.942912
vt 0.963026 0.941346
vt 0.960751 0.944478
vt 0.992006 0.963832
vt 0.949240 0.941246
vt 0.986689 0.988093
vt 0.986689 0.985795
vt 0.960131 0.939871
vt 0.959532 0.941712
vt 0.956921 0.941298
vt 0.956921 0.939362
vt 0.952136 0.939770
vt 0.952734 0.941611
vt 0.986689 0.982899
vt 0.988625 0.983147
vt 0.988135 0.967091
vt 0.953332 0.943452
vt 0.990560 0.982899
vt 0.958934 0.943552
vt 0.991712 0.957303
vt 0.993193 0.958784
vt 0.993193 0.960879
vt 0.991712 0.962361
vt 0.989617 0.962361
vt 0.988135 0.960879
vt 0.988135 0.958784
vt 0.989617 0.957303
vt 0.956921 0.943233
vt 0.992006 0.969104
vt 0.990071 0.969104
vt 0.955346 0.939262
vt 0.955346 0.941197
vt 0.986689 0.979689
vt 0.988625 0.979689
vt 0.988135 0.969104
vt 0.955346 0.943133
vt 0.990560 0.979689
vt 0.935645 0.946593
vt 0.937581 0.946841
vt 0.949148 0.988160
vt 0.950073 0.989977
vt 0.948507 0.991115
vt 0.947307 0.988758
vt 0.935645 0.991060
vt 0.933710 0.991308
vt 0.964959 0.988859
vt 0.963119 0.988261
vt 0.963438 0.986247
vt 0.939516 0.946593
vt 0.945466 0.989356
vt 0.931774 0.991060
vt 0.966800 0.989457
vt 0.990560 0.975909
vt 0.990560 0.974467
vt 0.992496 0.973996
vt 0.992496 0.975260
vt 0.935645 0.993956
vt 0.933710 0.994427
vt 0.965325 0.992353
vt 0.963759 0.991215
vt 0.962193 0.990077
vt 0.937581 0.945248
vt 0.939516 0.944777
vt 0.946942 0.992252
vt 0.931774 0.993956
vt 0.935645 0.944777
vt 0.992496 0.972402
vt 0.994431 0.972650
vt 0.994431 0.974467
vt 0.951515 0.991419
vt 0.950377 0.992985
vt 0.990560 0.971285
vt 0.990560 0.973583
vt 0.988625 0.973112
vt 0.988625 0.970636
vt 0.963026 0.994651
vt 0.961889 0.993085
vt 0.960751 0.991519
vt 0.994431 0.975909
vt 0.949240 0.994550
vt 0.986689 0.973583
vt 0.986689 0.971285
vt 0.960131 0.996127
vt 0.956921 0.996635
vt 0.956921 0.994699
vt 0.959532 0.994286
vt 0.952734 0.994185
vt 0.952136 0.996026
vt 0.988625 0.976231
vt 0.986689 0.976479
vt 0.990560 0.972650
vt 0.953332 0.992344
vt 0.990560 0.976479
vt 0.958934 0.992445
vt 0.989617 0.952245
vt 0.991712 0.952245
vt 0.993193 0.953727
vt 0.993193 0.955822
vt 0.991712 0.957303
vt 0.989617 0.957303
vt 0.988135 0.955822
vt 0.988135 0.953727
vt 0.956921 0.992764
vt 0.992496 0.970636
vt 0.994431 0.970636
vt 0.955346 0.994599
vt 0.955346 0.996534
vt 0.990560 0.970636
vt 0.955346 0.992663
s 0
usemtl work_table
f 228/425/205 227/426/205 234/427/205 232/428/205
f 236/429/206 229/430/206 232/431/206 234/432/206
f 235/433/205 230/434/205 240/435/205 238/436/205
f 225/437/207 228/438/207 232/439/207 229/440/207
f 226/441/208 225/442/208 229/443/208 236/444/208
f 235/445/209 233/446/209 227/447/209 226/448/209
f 231/449/209 230/450/209 236/451/209 234/452/209
f 233/446/209 231/449/209 234/452/209 227/447/209
f 230/450/209 235/445/209 226/448/209 236/451/209
f 237/453/209 238/454/209 240/452/209 239/455/209
f 230/456/210 231/457/210 239/458/210 240/459/210
f 231/460/208 233/461/208 237/462/208 239/463/208
f 233/464/206 235/465/206 238/466/206 237/467/206
s 1
f 242/468/211 290/469/212 289/470/213 241/471/214
f 243/472/215 291/473/216 290/474/212 242/475/211
f 244/476/217 292/477/218 291/473/216 243/472/215
f 245/478/219 293/479/220 292/480/218 244/481/217
f 246/482/221 294/483/222 293/479/220 245/478/219
f 248/484/223 247/485/224 255/486/225 256/487/226
f 247/485/224 295/488/227 294/489/222 246/490/221
f 248/484/223 296/491/228 295/488/227 247/485/224
f 254/492/229 253/493/230 261/494/231 262/495/232
f 246/482/221 245/478/219 253/493/230 254/492/229
f 244/476/217 243/472/215 251/496/233 252/497/234
f 241/471/214 248/498/223 256/499/226 249/500/235
f 247/485/224 246/490/221 254/501/229 255/486/225
f 245/478/219 244/481/217 252/502/234 253/493/230
f 243/472/215 242/475/211 250/503/236 251/496/233
f 242/468/211 241/471/214 249/500/235 250/504/236
f 264/505/237 263/506/238 271/507/239 272/508/240
f 252/497/234 251/496/233 259/509/241 260/510/242
f 250/504/236 249/500/235 257/511/243 258/512/244
f 249/500/235 256/499/226 264/513/237 257/511/243
f 255/486/225 254/501/229 262/514/232 263/515/238
f 253/493/230 252/502/234 260/516/242 261/494/231
f 251/496/233 250/503/236 258/517/244 259/509/241
f 256/487/226 255/486/225 263/515/238 264/518/237
f 271/507/239 270/519/245 278/520/246 279/521/247
f 262/495/232 261/494/231 269/522/248 270/523/245
f 260/524/242 259/525/241 267/526/249 268/527/250
f 258/512/244 257/511/243 265/528/251 266/529/252
f 257/511/243 264/513/237 272/530/240 265/528/251
f 263/506/238 262/531/232 270/519/245 271/507/239
f 261/494/231 260/516/242 268/532/250 269/522/248
f 259/525/241 258/533/244 266/534/252 267/526/249
f 274/535/253 273/536/254 281/537/255 282/538/256
f 269/522/248 268/532/250 276/539/257 277/540/258
f 267/526/249 266/534/252 274/541/253 275/542/259
f 272/508/240 271/507/239 279/521/247 280/543/260
f 270/523/245 269/522/248 277/540/258 278/544/246
f 268/527/250 267/526/249 275/542/259 276/545/257
f 266/529/252 265/528/251 273/536/254 274/535/253
f 265/528/251 272/530/240 280/546/260 273/536/254
f 282/547/210 281/548/210 288/549/210 287/550/210 286/551/210 285/552/210 284/553/210 283/554/210
f 273/536/254 280/546/260 288/555/261 281/537/255
f 279/521/247 278/520/246 286/556/262 287/557/263
f 277/540/258 276/539/257 284/558/264 285/559/265
f 275/542/259 274/541/253 282/560/256 283/561/266
f 280/543/260 279/521/247 287/557/263 288/562/261
f 278/544/246 277/540/258 285/559/265 286/563/262
f 276/545/257 275/542/259 283/561/266 284/564/264
f 296/491/228 304/565/267 303/566/268 295/488/227
f 302/567/269 310/568/270 309/569/271 301/570/272
f 294/483/222 302/567/269 301/570/272 293/479/220
f 292/477/218 300/571/273 299/572/274 291/473/216
f 289/470/213 297/573/275 304/574/267 296/575/228
f 295/488/227 303/566/268 302/576/269 294/489/222
f 293/479/220 301/570/272 300/577/273 292/480/218
f 291/473/216 299/572/274 298/578/276 290/474/212
f 290/469/212 298/579/276 297/573/275 289/470/213
f 312/580/277 320/581/278 319/582/279 311/583/280
f 300/571/273 308/584/281 307/585/282 299/572/274
f 298/579/276 306/586/283 305/587/284 297/573/275
f 297/573/275 305/587/284 312/588/277 304/574/267
f 303/566/268 311/589/280 310/590/270 302/576/269
f 301/570/272 309/569/271 308/591/281 300/577/273
f 299/572/274 307/585/282 306/592/283 298/578/276
f 304/565/267 312/593/277 311/589/280 303/566/268
f 319/582/279 327/594/285 326/595/286 318/596/287
f 310/568/270 318/597/287 317/598/288 309/569/271
f 308/599/281 316/600/289 315/601/290 307/602/282
f 306/586/283 314/603/291 313/604/292 305/587/284
f 305/587/284 313/604/292 320/605/278 312/588/277
f 311/583/280 319/582/279 318/596/287 310/606/270
f 309/569/271 317/598/288 316/607/289 308/591/281
f 307/602/282 315/601/290 314/608/291 306/609/283
f 322/610/293 330/611/294 329/612/295 321/613/296
f 317/598/288 325/614/297 324/615/298 316/607/289
f 315/601/290 323/616/299 322/617/293 314/608/291
f 320/581/278 328/618/300 327/594/285 319/582/279
f 318/597/287 326/619/286 325/614/297 317/598/288
f 316/600/289 324/620/298 323/616/299 315/601/290
f 314/603/291 322/610/293 321/613/296 313/604/292
f 313/604/292 321/613/296 328/621/300 320/605/278
f 330/622/210 331/623/210 332/624/210 333/625/210 334/626/210 335/627/210 336/628/210 329/629/210
f 321/613/296 329/612/295 336/630/301 328/621/300
f 327/594/285 335/631/302 334/632/303 326/595/286
f 325/614/297 333/633/304 332/634/305 324/615/298
f 323/616/299 331/561/306 330/560/294 322/617/293
f 328/618/300 336/635/301 335/631/302 327/594/285
f 326/619/286 334/636/303 333/633/304 325/614/297
f 324/620/298 332/564/305 331/561/306 323/616/299
f 241/471/214 289/470/213 296/575/228 248/498/223
o dresser_6
v -0.100000 0.062002 -0.592000
v -0.100000 0.287998 -0.592000
v -0.100000 0.288002 -0.968000
v -0.100000 0.062005 -0.968000
v 0.400000 0.062002 -0.592000
v 0.380000 0.287999 -0.612000
v 0.380000 0.288001 -0.948000
v 0.400000 0.062005 -0.968000
v -0.080000 0.288001 -0.948000
v 0.400000 0.288002 -0.968000
v -0.080000 0.287999 -0.612000
v 0.400000 0.287998 -0.592000
v -0.080000 0.088001 -0.948000
v -0.080000 0.087999 -0.612000
v 0.380000 0.088001 -0.948000
v 0.380000 0.087999 -0.612000
v 0.423160 0.182502 -0.730000
v 0.428463 0.180305 -0.730000
v 0.430660 0.175002 -0.730000
v 0.428463 0.169698 -0.730000
v 0.423160 0.167502 -0.730000
v 0.417857 0.169698 -0.730000
v 0.415660 0.175002 -0.730000
v 0.417857 0.180305 -0.730000
v 0.422026 0.182502 -0.722843
v 0.427070 0.180305 -0.721204
v 0.429159 0.175002 -0.720526
v 0.427070 0.169698 -0.721204
v 0.422026 0.167502 -0.722843
v 0.416983 0.169698 -0.724482
v 0.414893 0.175002 -0.725161
v 0.416983 0.180305 -0.724482
v 0.418737 0.182502 -0.716387
v 0.423027 0.180305 -0.713270
v 0.424804 0.175002 -0.711979
v 0.423027 0.169698 -0.713270
v 0.418737 0.167502 -0.716387
v 0.414446 0.169698 -0.719504
v 0.412669 0.175002 -0.720795
v 0.414446 0.180305 -0.719504
v 0.413613 0.182502 -0.711263
v 0.416730 0.180305 -0.706973
v 0.418021 0.175002 -0.705196
v 0.416730 0.169698 -0.706973
v 0.413613 0.167502 -0.711263
v 0.410496 0.169698 -0.715554
v 0.409205 0.175002 -0.717331
v 0.410496 0.180305 -0.715554
v 0.407157 0.182502 -0.707974
v 0.408796 0.180305 -0.702930
v 0.409474 0.175002 -0.700841
v 0.408796 0.169698 -0.702930
v 0.407157 0.167502 -0.707974
v 0.405518 0.169698 -0.713017
v 0.404839 0.175002 -0.715107
v 0.405518 0.180305 -0.713017
v 0.400000 0.182502 -0.706840
v 0.400000 0.180305 -0.701537
v 0.400000 0.175002 -0.699340
v 0.400000 0.169698 -0.701537
v 0.400000 0.167502 -0.706840
v 0.400000 0.169698 -0.712143
v 0.400000 0.175002 -0.714340
v 0.400000 0.180305 -0.712143
v 0.423160 0.182502 -0.830000
v 0.428463 0.180305 -0.830000
v 0.430660 0.175002 -0.830000
v 0.428463 0.169698 -0.830000
v 0.423160 0.167502 -0.830000
v 0.417857 0.169698 -0.830000
v 0.415660 0.175002 -0.830000
v 0.417857 0.180305 -0.830000
v 0.422026 0.182502 -0.837157
v 0.427070 0.180305 -0.838796
v 0.429159 0.175002 -0.839474
v 0.427070 0.169698 -0.838796
v 0.422026 0.167502 -0.837157
v 0.416983 0.169698 -0.835518
v 0.414893 0.175002 -0.834839
v 0.416983 0.180305 -0.835518
v 0.418737 0.182502 -0.843613
v 0.423027 0.180305 -0.846730
v 0.424804 0.175002 -0.848021
v 0.423027 0.169698 -0.846730
v 0.418737 0.167502 -0.843613
v 0.414446 0.169698 -0.840496
v 0.412669 0.175002 -0.839205
v 0.414446 0.180305 -0.840496
v 0.413613 0.182502 -0.848737
v 0.416730 0.180305 -0.853027
v 0.418021 0.175002 -0.854804
v 0.416730 0.169698 -0.853027
v 0.413613 0.167502 -0.848737
v 0.410496 0.169698 -0.844446
v 0.409205 0.175002 -0.842669
v 0.410496 0.180305 -0.844446
v 0.407157 0.182502 -0.852026
v 0.408796 0.180305 -0.857070
v 0.409474 0.175002 -0.859159
v 0.408796 0.169698 -0.857070
v 0.407157 0.167502 -0.852026
v 0.405518 0.169698 -0.846983
v 0.404839 0.175002 -0.844893
v 0.405518 0.180305 -0.846983
v 0.400000 0.182502 -0.853160
v 0.400000 0.180305 -0.858463
v 0.400000 0.175002 -0.860660
v 0.400000 0.169698 -0.858463
v 0.400000 0.167502 -0.853160
v 0.400000 0.169698 -0.847856
v 0.400000 0.175002 -0.845660
v 0.400000 0.180305 -0.847856
vn -0.0000 -0.0000 -1.0000
vn 1.0000 -0.0000 -0.0000
vn -0.0000 -1.0000 -0.0000
vn -0.0000 -0.0000 1.0000
vn -0.0000 1.0000 -0.0000
vn -1.0000 -0.0000 -0.0000
vn 0.7149 0.6969 0.0564
vn 0.7149 0.6969 -0.0564
vn 0.0191 0.9998 -0.0030
vn 0.0191 0.9998 0.0030
vn 0.9970 -0.0000 0.0770
vn 0.9970 -0.0000 -0.0770
vn 0.7149 -0.6969 0.0564
vn 0.7149 -0.6969 -0.0564
vn 0.0191 -0.9998 0.0030
vn 0.0191 -0.9998 -0.0030
vn -0.6959 -0.7160 -0.0549
vn -0.6959 -0.7160 0.0549
vn -0.6959 0.7160 -0.0549
vn -0.9968 -0.0000 -0.0800
vn -0.9511 -0.0000 -0.3090
vn -0.6533 0.7267 -0.2123
vn -0.9968 -0.0000 0.0800
vn -0.6959 0.7160 0.0549
vn -0.6533 -0.7267 -0.2123
vn -0.0543 -0.9984 -0.0128
vn 0.0436 -0.9990 -0.0113
vn -0.5558 -0.7267 -0.4038
vn 0.9511 -0.0000 0.3090
vn 0.6897 -0.6885 0.2241
vn -0.0495 0.9984 -0.0262
vn 0.6897 0.6885 0.2241
vn -0.5558 0.7267 -0.4038
vn -0.8090 -0.0000 -0.5878
vn -0.5878 -0.0000 -0.8090
vn -0.4038 0.7267 -0.5558
vn 0.8090 -0.0000 0.5878
vn 0.5867 -0.6885 0.4263
vn 0.0397 0.9991 -0.0125
vn 0.5867 0.6885 0.4263
vn -0.4038 -0.7267 -0.5558
vn -0.2123 -0.7267 -0.6533
vn -0.3090 -0.0000 -0.9511
vn 0.0347 -0.9993 0.0153
vn 0.5878 -0.0000 0.8090
vn 0.4263 -0.6885 0.5867
vn 0.0335 0.9993 0.0143
vn 0.4263 0.6885 0.5867
vn 0.2241 0.6885 0.6897
vn 0.0093 0.9997 0.0229
vn 0.0058 0.9996 0.0273
vn 0.1141 0.6840 0.7205
vn 0.2241 -0.6885 0.6897
vn 0.0059 -0.9997 0.0240
vn 0.3090 -0.0000 0.9511
vn -0.2123 0.7267 -0.6533
vn -0.1082 0.7224 -0.6829
vn -0.1082 -0.7224 -0.6829
vn -0.1564 -0.0000 -0.9877
vn 0.1141 -0.6840 0.7205
vn 0.0058 -0.9996 0.0273
vn 0.1564 -0.0000 0.9877
vn -0.6533 0.7267 0.2123
vn -0.9511 -0.0000 0.3090
vn -0.6533 -0.7267 0.2123
vn -0.5558 -0.7267 0.4038
vn -0.0000 -1.0000 -0.0039
vn 0.0252 -0.9964 0.0814
vn 0.6897 -0.6885 -0.2241
vn 0.9511 -0.0000 -0.3090
vn 0.0252 0.9964 0.0814
vn 0.6897 0.6885 -0.2241
vn -0.5558 0.7267 0.4038
vn -0.4038 0.7267 0.5558
vn -0.5878 -0.0000 0.8090
vn -0.8090 -0.0000 0.5878
vn 0.5867 -0.6885 -0.4263
vn 0.8090 -0.0000 -0.5878
vn 0.5867 0.6885 -0.4263
vn -0.0000 1.0000 -0.0039
vn -0.3090 -0.0000 0.9511
vn -0.2123 -0.7267 0.6533
vn -0.4038 -0.7267 0.5558
vn 0.0089 -0.9998 -0.0164
vn 0.4263 -0.6885 -0.5867
vn 0.5878 -0.0000 -0.8090
vn 0.4263 0.6885 -0.5867
vn 0.0089 0.9998 -0.0164
vn 0.2241 0.6885 -0.6897
vn 0.1141 0.6840 -0.7205
vn 0.0058 0.9996 -0.0273
vn 0.0210 0.9994 -0.0262
vn 0.0210 -0.9994 -0.0262
vn 0.2241 -0.6885 -0.6897
vn 0.3090 -0.0000 -0.9511
vn -0.2123 0.7267 0.6533
vn -0.1082 0.7224 0.6829
vn -0.1564 -0.0000 0.9877
vn -0.1082 -0.7224 0.6829
vn 0.0058 -0.9996 -0.0273
vn 0.1141 -0.6840 -0.7205
vn 0.1564 -0.0000 -0.9877
vt 0.378622 0.957718
vt 0.316868 0.957718
vt 0.316868 0.821092
vt 0.378622 0.821092
vt 0.801422 0.719565
vt 0.728112 0.719565
vt 0.728112 0.597596
vt 0.801422 0.597596
vt 0.562734 0.981149
vt 0.562734 0.813265
vt 0.635727 0.813265
vt 0.635727 0.981149
vt 0.019569 0.821092
vt 0.122312 0.821092
vt 0.122312 0.957718
vt 0.019569 0.957718
vt 0.897746 0.378477
vt 0.980226 0.378477
vt 0.980226 0.560959
vt 0.897746 0.560959
vt 0.127777 0.952253
vt 0.219590 0.952253
vt 0.225055 0.957718
vt 0.122312 0.957718
vt 0.219590 0.826557
vt 0.127777 0.826557
vt 0.122312 0.821092
vt 0.225055 0.821092
vt 0.316868 0.946788
vt 0.225055 0.946788
vt 0.316868 0.821092
vt 0.900391 0.687128
vt 0.900391 0.564500
vt 0.973384 0.564501
vt 0.973384 0.687129
vt 0.923264 0.860523
vt 0.923264 0.692640
vt 0.996257 0.692640
vt 0.996257 0.860523
vt 0.876407 0.597161
vt 0.876407 0.719789
vt 0.803414 0.719790
vt 0.803414 0.597162
vt 0.967309 0.949750
vt 0.967309 0.986247
vt 0.965373 0.986247
vt 0.965373 0.949750
vt 0.933710 0.951354
vt 0.933710 0.987850
vt 0.931774 0.987850
vt 0.931774 0.951354
vt 0.935645 0.951354
vt 0.935645 0.987850
vt 0.946893 0.949650
vt 0.946893 0.986146
vt 0.944958 0.986146
vt 0.944958 0.949650
vt 0.948829 0.949650
vt 0.948829 0.986146
vt 0.935645 0.985104
vt 0.937581 0.985104
vt 0.937581 0.986870
vt 0.935645 0.987117
vt 0.937581 0.948607
vt 0.939516 0.948607
vt 0.939516 0.985104
vt 0.935645 0.948607
vt 0.949148 0.947636
vt 0.947307 0.947038
vt 0.948507 0.944682
vt 0.950073 0.945819
vt 0.933710 0.947896
vt 0.935645 0.948144
vt 0.963438 0.949750
vt 0.963119 0.947737
vt 0.964959 0.947139
vt 0.939516 0.987117
vt 0.945466 0.946440
vt 0.931774 0.948144
vt 0.966800 0.946540
vt 0.988135 0.963832
vt 0.990071 0.964481
vt 0.990071 0.965745
vt 0.988135 0.965274
vt 0.933710 0.944777
vt 0.935645 0.945248
vt 0.963759 0.944782
vt 0.965325 0.943645
vt 0.962193 0.945920
vt 0.939516 0.988934
vt 0.937581 0.988463
vt 0.946942 0.943544
vt 0.931774 0.945248
vt 0.935645 0.988934
vt 0.992006 0.965274
vt 0.992006 0.967091
vt 0.990071 0.967338
vt 0.950377 0.942812
vt 0.951515 0.944378
vt 0.990560 0.988093
vt 0.988625 0.988742
vt 0.988625 0.986266
vt 0.990560 0.985795
vt 0.961889 0.942912
vt 0.963026 0.941346
vt 0.960751 0.944478
vt 0.992006 0.963832
vt 0.949240 0.941246
vt 0.986689 0.988093
vt 0.986689 0.985795
vt 0.960131 0.939871
vt 0.959532 0.941712
vt 0.956921 0.941298
vt 0.956921 0.939362
vt 0.952136 0.939770
vt 0.952734 0.941611
vt 0.986689 0.982899
vt 0.988625 0.983147
vt 0.988135 0.967091
vt 0.953332 0.943452
vt 0.990560 0.982899
vt 0.958934 0.943552
vt 0.991712 0.957303
vt 0.993193 0.958784
vt 0.993193 0.960879
vt 0.991712 0.962361
vt 0.989617 0.962361
vt 0.988135 0.960879
vt 0.988135 0.958784
vt 0.989617 0.957303
vt 0.956921 0.943233
vt 0.992006 0.969104
vt 0.990071 0.969104
vt 0.955346 0.939262
vt 0.955346 0.941197
vt 0.986689 0.979689
vt 0.988625 0.979689
vt 0.988135 0.969104
vt 0.955346 0.943133
vt 0.990560 0.979689
vt 0.935645 0.946593
vt 0.937581 0.946841
vt 0.949148 0.988160
vt 0.950073 0.989977
vt 0.948507 0.991115
vt 0.947307 0.988758
vt 0.935645 0.991060
vt 0.933710 0.991308
vt 0.964959 0.988859
vt 0.963119 0.988261
vt 0.963438 0.986247
vt 0.939516 0.946593
vt 0.945466 0.989356
vt 0.931774 0.991060
vt 0.966800 0.989457
vt 0.990560 0.975909
vt 0.990560 0.974467
vt 0.992496 0.973996
vt 0.992496 0.975260
vt 0.935645 0.993956
vt 0.933710 0.994427
vt 0.965325 0.992353
vt 0.963759 0.991215
vt 0.962193 0.990077
vt 0.937581 0.945248
vt 0.939516 0.944777
vt 0.946942 0.992252
vt 0.931774 0.993956
vt 0.935645 0.944777
vt 0.992496 0.972402
vt 0.994431 0.972650
vt 0.994431 0.974467
vt 0.951515 0.991419
vt 0.950377 0.992985
vt 0.990560 0.971285
vt 0.990560 0.973583
vt 0.988625 0.973112
vt 0.988625 0.970636
vt 0.963026 0.994651
vt 0.961889 0.993085
vt 0.960751 0.991519
vt 0.994431 0.975909
vt 0.949240 0.994550
vt 0.986689 0.973583
vt 0.986689 0.971285
vt 0.960131 0.996127
vt 0.956921 0.996635
vt 0.956921 0.994699
vt 0.959532 0.994286
vt 0.952734 0.994185
vt 0.952136 0.996026
vt 0.988625 0.976231
vt 0.986689 0.976479
vt 0.990560 0.972650
vt 0.953332 0.992344
vt 0.990560 0.976479
vt 0.958934 0.992445
vt 0.989617 0.952245
vt 0.991712 0.952245
vt 0.993193 0.953727
vt 0.993193 0.955822
vt 0.991712 0.957303
vt 0.989617 0.957303
vt 0.988135 0.955822
vt 0.988135 0.953727
vt 0.956921 0.992764
vt 0.992496 0.970636
vt 0.994431 0.970636
vt 0.955346 0.994599
vt 0.955346 0.996534
vt 0.990560 0.970636
vt 0.955346 0.992663
s 0
usemtl work_table
f 340/637/307 339/638/307 346/639/307 344/640/307
f 348/641/308 341/642/308 344/643/308 346/644/308
f 347/645/307 342/646/307 352/647/307 350/648/307
f 337/649/309 340/650/309 344/651/309 341/652/309
f 338/653/310 337/654/310 341/655/310 348/656/310
f 347/657/311 345/658/311 339/659/311 338/660/311
f 343/661/311 342/662/311 348/663/311 346/664/311
f 345/658/311 343/661/311 346/664/311 339/659/311
f 342/662/311 347/657/311 338/660/311 348/663/311
f 349/665/311 350/666/311 352/664/311 351/667/311
f 342/668/312 343/669/312 351/670/312 352/671/312
f 343/672/310 345/673/310 349/674/310 351/675/310
f 345/676/308 347/677/308 350/678/308 349/679/308
s 1
f 354/680/313 402/681/314 401/682/315 353/683/316
f 355/684/317 403/685/318 402/686/314 354/687/313
f 356/688/319 404/689/320 403/685/318 355/684/317
f 357/690/321 405/691/322 404/692/320 356/693/319
f 358/694/323 406/695/324 405/691/322 357/690/321
f 360/696/325 359/697/326 367/698/327 368/699/328
f 359/697/326 407/700/329 406/701/324 358/702/323
f 360/696/325 408/703/330 407/700/329 359/697/326
f 366/704/331 365/705/332 373/706/333 374/707/334
f 358/694/323 357/690/321 365/705/332 366/704/331
f 356/688/319 355/684/317 363/708/335 364/709/336
f 353/683/316 360/710/325 368/711/328 361/712/337
f 359/697/326 358/702/323 366/713/331 367/698/327
f 357/690/321 356/693/319 364/714/336 365/705/332
f 355/684/317 354/687/313 362/715/338 363/708/335
f 354/680/313 353/683/316 361/712/337 362/716/338
f 376/717/339 375/718/340 383/719/341 384/720/342
f 364/709/336 363/708/335 371/721/343 372/722/344
f 362/716/338 361/712/337 369/723/345 370/724/346
f 361/712/337 368/711/328 376/725/339 369/723/345
f 367/698/327 366/713/331 374/726/334 375/727/340
f 365/705/332 364/714/336 372/728/344 373/706/333
f 363/708/335 362/715/338 370/729/346 371/721/343
f 368/699/328 367/698/327 375/727/340 376/730/339
f 383/719/341 382/731/347 390/732/348 391/733/349
f 374/707/334 373/706/333 381/734/350 382/735/347
f 372/736/344 371/737/343 379/738/351 380/739/352
f 370/724/346 369/723/345 377/740/353 378/741/354
f 369/723/345 376/725/339 384/742/342 377/740/353
f 375/718/340 374/743/334 382/731/347 383/719/341
f 373/706/333 372/728/344 380/744/352 381/734/350
f 371/737/343 370/745/346 378/746/354 379/738/351
f 386/747/355 385/748/356 393/749/357 394/750/358
f 381/734/350 380/744/352 388/751/359 389/752/360
f 379/738/351 378/746/354 386/753/355 387/754/361
f 384/720/342 383/719/341 391/733/349 392/755/362
f 382/735/347 381/734/350 389/752/360 390/756/348
f 380/739/352 379/738/351 387/754/361 388/757/359
f 378/741/354 377/740/353 385/748/356 386/747/355
f 377/740/353 384/742/342 392/758/362 385/748/356
f 394/759/312 393/760/312 400/761/312 399/762/312 398/763/312 397/764/312 396/765/312 395/766/312
f 385/748/356 392/758/362 400/767/363 393/749/357
f 391/733/349 390/732/348 398/768/364 399/769/365
f 389/752/360 388/751/359 396/770/366 397/771/367
f 387/754/361 386/753/355 394/772/358 395/773/368
f 392/755/362 391/733/349 399/769/365 400/774/363
f 390/756/348 389/752/360 397/771/367 398/775/364
f 388/757/359 387/754/361 395/773/368 396/776/366
f 408/703/330 416/777/369 415/778/370 407/700/329
f 414/779/371 422/780/372 421/781/373 413/782/374
f 406/695/324 414/779/371 413/782/374 405/691/322
f 404/689/320 412/783/375 411/784/376 403/685/318
f 401/682/315 409/785/377 416/786/369 408/787/330
f 407/700/329 415/778/370 414/788/371 406/701/324
f 405/691/322 413/782/374 412/789/375 404/692/320
f 403/685/318 411/784/376 410/790/378 402/686/314
f 402/681/314 410/791/378 409/785/377 401/682/315
f 424/792/379 432/793/380 431/794/381 423/795/382
f 412/783/375 420/796/383 419/797/384 411/784/376
f 410/791/378 418/798/385 417/799/386 409/785/377
f 409/785/377 417/799/386 424/800/379 416/786/369
f 415/778/370 423/801/382 422/802/372 414/788/371
f 413/782/374 421/781/373 420/803/383 412/789/375
f 411/784/376 419/797/384 418/804/385 410/790/378
f 416/777/369 424/805/379 423/801/382 415/778/370
f 431/794/381 439/806/387 438/807/388 430/808/389
f 422/780/372 430/809/389 429/810/390 421/781/373
f 420/811/383 428/812/391 427/813/392 419/814/384
f 418/798/385 426/815/393 425/816/394 417/799/386
f 417/799/386 425/816/394 432/817/380 424/800/379
f 423/795/382 431/794/381 430/808/389 422/818/372
f 421/781/373 429/810/390 428/819/391 420/803/383
f 419/814/384 427/813/392 426/820/393 418/821/385
f 434/822/395 442/823/396 441/824/397 433/825/398
f 429/810/390 437/826/399 436/827/400 428/819/391
f 427/813/392 435/828/401 434/829/395 426/820/393
f 432/793/380 440/830/402 439/806/387 431/794/381
f 430/809/389 438/831/388 437/826/399 429/810/390
f 428/812/391 436/832/400 435/828/401 427/813/392
f 426/815/393 434/822/395 433/825/398 425/816/394
f 425/816/394 433/825/398 440/833/402 432/817/380
f 442/834/312 443/835/312 444/836/312 445/837/312 446/838/312 447/839/312 448/840/312 441/841/312
f 433/825/398 441/824/397 448/842/403 440/833/402
f 439/806/387 447/843/404 446/844/405 438/807/388
f 437/826/399 445/845/406 444/846/407 436/827/400
f 435/828/401 443/773/408 442/772/396 434/829/395
f 440/830/402 448/847/403 447/843/404 439/806/387
f 438/831/388 446/848/405 445/845/406 437/826/399
f 436/832/400 444/776/407 443/773/408 435/828/401
f 353/683/316 401/682/315 408/787/330 360/710/325
o dresser_5
v -0.100000 0.312002 -0.592000
v -0.100000 0.537998 -0.592000
v -0.100000 0.538002 -0.968000
v -0.100000 0.312005 -0.968000
v 0.400000 0.312002 -0.592000
v 0.380000 0.537999 -0.612000
v 0.380000 0.538001 -0.948000
v 0.400000 0.312005 -0.968000
v -0.080000 0.538001 -0.948000
v 0.400000 0.538002 -0.968000
v -0.080000 0.537999 -0.612000
v 0.400000 0.537998 -0.592000
v -0.080000 0.338001 -0.948000
v -0.080000 0.337999 -0.612000
v 0.380000 0.338001 -0.948000
v 0.380000 0.337999 -0.612000
v 0.423160 0.432502 -0.730000
v 0.428463 0.430305 -0.730000
v 0.430660 0.425002 -0.730000
v 0.428463 0.419698 -0.730000
v 0.423160 0.417502 -0.730000
v 0.417857 0.419698 -0.730000
v 0.415660 0.425002 -0.730000
v 0.417857 0.430305 -0.730000
v 0.422026 0.432502 -0.722843
v 0.427070 0.430305 -0.721204
v 0.429159 0.425002 -0.720526
v 0.427070 0.419698 -0.721204
v 0.422026 0.417502 -0.722843
v 0.416983 0.419698 -0.724482
v 0.414893 0.425002 -0.725161
v 0.416983 0.430305 -0.724482
v 0.418737 0.432502 -0.716387
v 0.423027 0.430305 -0.713270
v 0.424804 0.425002 -0.711979
v 0.423027 0.419698 -0.713270
v 0.418737 0.417502 -0.716387
v 0.414446 0.419698 -0.719504
v 0.412669 0.425002 -0.720795
v 0.414446 0.430305 -0.719504
v 0.413613 0.432502 -0.711263
v 0.416730 0.430305 -0.706973
v 0.418021 0.425002 -0.705196
v 0.416730 0.419698 -0.706973
v 0.413613 0.417502 -0.711263
v 0.410496 0.419698 -0.715554
v 0.409205 0.425002 -0.717331
v 0.410496 0.430305 -0.715554
v 0.407157 0.432502 -0.707974
v 0.408796 0.430305 -0.702930
v 0.409474 0.425002 -0.700841
v 0.408796 0.419698 -0.702930
v 0.407157 0.417502 -0.707974
v 0.405518 0.419698 -0.713017
v 0.404839 0.425002 -0.715107
v 0.405518 0.430305 -0.713017
v 0.400000 0.432502 -0.706840
v 0.400000 0.430305 -0.701537
v 0.400000 0.425002 -0.699340
v 0.400000 0.419698 -0.701537
v 0.400000 0.417502 -0.706840
v 0.400000 0.419698 -0.712143
v 0.400000 0.425002 -0.714340
v 0.400000 0.430305 -0.712143
v 0.423160 0.432502 -0.830000
v 0.428463 0.430305 -0.830000
v 0.430660 0.425002 -0.830000
v 0.428463 0.419698 -0.830000
v 0.423160 0.417502 -0.830000
v 0.417857 0.419698 -0.830000
v 0.415660 0.425002 -0.830000
v 0.417857 0.430305 -0.830000
v 0.422026 0.432502 -0.837157
v 0.427070 0.430305 -0.838796
v 0.429159 0.425002 -0.839474
v 0.427070 0.419698 -0.838796
v 0.422026 0.417502 -0.837157
v 0.416983 0.419698 -0.835518
v 0.414893 0.425002 -0.834839
v 0.416983 0.430305 -0.835518
v 0.418737 0.432502 -0.843613
v 0.423027 0.430305 -0.846730
v 0.424804 0.425002 -0.848021
v 0.423027 0.419698 -0.846730
v 0.418737 0.417502 -0.843613
v 0.414446 0.419698 -0.840496
v 0.412669 0.425002 -0.839205
v 0.414446 0.430305 -0.840496
v 0.413613 0.432502 -0.848737
v 0.416730 0.430305 -0.853027
v 0.418021 0.425002 -0.854804
v 0.416730 0.419698 -0.853027
v 0.413613 0.417502 -0.848737
v 0.410496 0.419698 -0.844446
v 0.409205 0.425002 -0.842669
v 0.410496 0.430305 -0.844446
v 0.407157 0.432502 -0.852026
v 0.408796 0.430305 -0.857070
v 0.409474 0.425002 -0.859159
v 0.408796 0.419698 -0.857070
v 0.407157 0.417502 -0.852026
v 0.405518 0.419698 -0.846983
v 0.404839 0.425002 -0.844893
v 0.405518 0.430305 -0.846983
v 0.400000 0.432502 -0.853160
v 0.400000 0.430305 -0.858463
v 0.400000 0.425002 -0.860660
v 0.400000 0.419698 -0.858463
v 0.400000 0.417502 -0.853160
v 0.400000 0.419698 -0.847856
v 0.400000 0.425002 -0.845660
v 0.400000 0.430305 -0.847856
vn -0.0000 -0.0000 -1.0000
vn 1.0000 -0.0000 -0.0000
vn -0.0000 -1.0000 -0.0000
vn -0.0000 -0.0000 1.0000
vn -0.0000 1.0000 -0.0000
vn -1.0000 -0.0000 -0.0000
vn 0.7149 0.6969 0.0564
vn 0.7149 0.6969 -0.0564
vn 0.0191 0.9998 -0.0030
vn 0.0191 0.9998 0.0030
vn 0.9970 -0.0000 0.0770
vn 0.9970 -0.0000 -0.0770
vn 0.7149 -0.6969 0.0564
vn 0.7149 -0.6969 -0.0564
vn 0.0191 -0.9998 0.0030
vn 0.0191 -0.9998 -0.0030
vn -0.6959 -0.7160 -0.0549
vn -0.6959 -0.7160 0.0549
vn -0.6959 0.7160 -0.0549
vn -0.9968 -0.0000 -0.0800
vn -0.9511 -0.0000 -0.3090
vn -0.6533 0.7267 -0.2123
vn -0.9968 -0.0000 0.0800
vn -0.6959 0.7160 0.0549
vn -0.6533 -0.7267 -0.2123
vn -0.0543 -0.9984 -0.0128
vn 0.0436 -0.9990 -0.0113
vn -0.5558 -0.7267 -0.4038
vn 0.9511 -0.0000 0.3090
vn 0.6897 -0.6885 0.2241
vn -0.0495 0.9984 -0.0262
vn 0.6897 0.6885 0.2241
vn -0.5558 0.7267 -0.4038
vn -0.8090 -0.0000 -0.5878
vn -0.5878 -0.0000 -0.8090
vn -0.4038 0.7267 -0.5558
vn 0.8090 -0.0000 0.5878
vn 0.5867 -0.6885 0.4263
vn 0.0397 0.9991 -0.0125
vn 0.5867 0.6885 0.4263
vn -0.4038 -0.7267 -0.5558
vn -0.2123 -0.7267 -0.6533
vn -0.3090 -0.0000 -0.9511
vn 0.0347 -0.9993 0.0153
vn 0.5878 -0.0000 0.8090
vn 0.4263 -0.6885 0.5867
vn 0.0335 0.9993 0.0143
vn 0.4263 0.6885 0.5867
vn 0.2241 0.6885 0.6897
vn 0.0093 0.9997 0.0229
vn 0.0058 0.9996 0.0273
vn 0.1141 0.6840 0.7205
vn 0.2241 -0.6885 0.6897
vn 0.0059 -0.9997 0.0240
vn 0.3090 -0.0000 0.9511
vn -0.2123 0.7267 -0.6533
vn -0.1082 0.7224 -0.6829
vn -0.1082 -0.7224 -0.6829
vn -0.1564 -0.0000 -0.9877
vn 0.1141 -0.6840 0.7205
vn 0.0058 -0.9996 0.0273
vn 0.1564 -0.0000 0.9877
vn -0.6533 0.7267 0.2123
vn -0.9511 -0.0000 0.3090
vn -0.6533 -0.7267 0.2123
vn -0.5558 -0.7267 0.4038
vn -0.0000 -1.0000 -0.0039
vn 0.0252 -0.9964 0.0814
vn 0.6897 -0.6885 -0.2241
vn 0.9511 -0.0000 -0.3090
vn 0.0252 0.9964 0.0814
vn 0.6897 0.6885 -0.2241
vn -0.5558 0.7267 0.4038
vn -0.4038 0.7267 0.5558
vn -0.5878 -0.0000 0.8090
vn -0.8090 -0.0000 0.5878
vn 0.5867 -0.6885 -0.4263
vn 0.8090 -0.0000 -0.5878
vn 0.5867 0.6885 -0.4263
vn -0.0000 1.0000 -0.0039
vn -0.3090 -0.0000 0.9511
vn -0.2123 -0.7267 0.6533
vn -0.4038 -0.7267 0.5558
vn 0.0089 -0.9998 -0.0164
vn 0.4263 -0.6885 -0.5867
vn 0.5878 -0.0000 -0.8090
vn 0.4263 0.6885 -0.5867
vn 0.0089 0.9998 -0.0164
vn 0.2241 0.6885 -0.6897
vn 0.1141 0.6840 -0.7205
vn 0.0058 0.9996 -0.0273
vn 0.0210 0.9994 -0.0262
vn 0.0210 -0.9994 -0.0262
vn 0.2241 -0.6885 -0.6897
vn 0.3090 -0.0000 -0.9511
vn -0.2123 0.7267 0.6533
vn -0.1082 0.7224 0.6829
vn -0.1564 -0.0000 0.9877
vn -0.1082 -0.7224 0.6829
vn 0.0058 -0.9996 -0.0273
vn 0.1141 -0.6840 -0.7205
vn 0.1564 -0.0000 -0.9877
vt 0.378622 0.957718
vt 0.316868 0.957718
vt 0.316868 0.821092
vt 0.378622 0.821092
vt 0.801422 0.719565
vt 0.728112 0.719565
vt 0.728112 0.597596
vt 0.801422 0.597596
vt 0.562734 0.981149
vt 0.562734 0.813265
vt 0.635727 0.813265
vt 0.635727 0.981149
vt 0.019569 0.821092
vt 0.122312 0.821092
vt 0.122312 0.957718
vt 0.019569 0.957718
vt 0.897746 0.378477
vt 0.980226 0.378477
vt 0.980226 0.560959
vt 0.897746 0.560959
vt 0.127777 0.952253
vt 0.219590 0.952253
vt 0.225055 0.957718
vt 0.122312 0.957718
vt 0.219590 0.826557
vt 0.127777 0.826557
vt 0.122312 0.821092
vt 0.225055 0.821092
vt 0.316868 0.946788
vt 0.225055 0.946788
vt 0.316868 0.821092
vt 0.900391 0.687128
vt 0.900391 0.564500
vt 0.973384 0.564501
vt 0.973384 0.687129
vt 0.923264 0.860523
vt 0.923264 0.692640
vt 0.996257 0.692640
vt 0.996257 0.860523
vt 0.876407 0.597161
vt 0.876407 0.719789
vt 0.803414 0.719790
vt 0.803414 0.597162
vt 0.967309 0.949750
vt 0.967309 0.986247
vt 0.965373 0.986247
vt 0.965373 0.949750
vt 0.933710 0.951354
vt 0.933710 0.987850
vt 0.931774 0.987850
vt 0.931774 0.951354
vt 0.935645 0.951354
vt 0.935645 0.987850
vt 0.946893 0.949650
vt 0.946893 0.986146
vt 0.944958 0.986146
vt 0.944958 0.949650
vt 0.948829 0.949650
vt 0.948829 0.986146
vt 0.935645 0.985104
vt 0.937581 0.985104
vt 0.937581 0.986870
vt 0.935645 0.987117
vt 0.937581 0.948607
vt 0.939516 0.948607
vt 0.939516 0.985104
vt 0.935645 0.948607
vt 0.949148 0.947636
vt 0.947307 0.947038
vt 0.948507 0.944682
vt 0.950073 0.945819
vt 0.933710 0.947896
vt 0.935645 0.948144
vt 0.963438 0.949750
vt 0.963119 0.947737
vt 0.964959 0.947139
vt 0.939516 0.987117
vt 0.945466 0.946440
vt 0.931774 0.948144
vt 0.966800 0.946540
vt 0.988135 0.963832
vt 0.990071 0.964481
vt 0.990071 0.965745
vt 0.988135 0.965274
vt 0.933710 0.944777
vt 0.935645 0.945248
vt 0.963759 0.944782
vt 0.965325 0.943645
vt 0.962193 0.945920
vt 0.939516 0.988934
vt 0.937581 0.988463
vt 0.946942 0.943544
vt 0.931774 0.945248
vt 0.935645 0.988934
vt 0.992006 0.965274
vt 0.992006 0.967091
vt 0.990071 0.967338
vt 0.950377 0.942812
vt 0.951515 0.944378
vt 0.990560 0.988093
vt 0.988625 0.988742
vt 0.988625 0.986266
vt 0.990560 0.985795
vt 0.961889 0.942912
vt 0.963026 0.941346
vt 0.960751 0.944478
vt 0.992006 0.963832
vt 0.949240 0.941246
vt 0.986689 0.988093
vt 0.986689 0.985795
vt 0.960131 0.939871
vt 0.959532 0.941712
vt 0.956921 0.941298
vt 0.956921 0.939362
vt 0.952136 0.939770
vt 0.952734 0.941611
vt 0.986689 0.982899
vt 0.988625 0.983147
vt 0.988135 0.967091
vt 0.953332 0.943452
vt 0.990560 0.982899
vt 0.958934 0.943552
vt 0.991712 0.957303
vt 0.993193 0.958784
vt 0.993193 0.960879
vt 0.991712 0.962361
vt 0.989617 0.962361
vt 0.988135 0.960879
vt 0.988135 0.958784
vt 0.989617 0.957303
vt 0.956921 0.943233
vt 0.992006 0.969104
vt 0.990071 0.969104
vt 0.955346 0.939262
vt 0.955346 0.941197
vt 0.986689 0.979689
vt 0.988625 0.979689
vt 0.988135 0.969104
vt 0.955346 0.943133
vt 0.990560 0.979689
vt 0.935645 0.946593
vt 0.937581 0.946841
vt 0.949148 0.988160
vt 0.950073 0.989977
vt 0.948507 0.991115
vt 0.947307 0.988758
vt 0.935645 0.991060
vt 0.933710 0.991308
vt 0.964959 0.988859
vt 0.963119 0.988261
vt 0.963438 0.986247
vt 0.939516 0.946593
vt 0.945466 0.989356
vt 0.931774 0.991060
vt 0.966800 0.989457
vt 0.990560 0.975909
vt 0.990560 0.974467
vt 0.992496 0.973996
vt 0.992496 0.975260
vt 0.935645 0.993956
vt 0.933710 0.994427
vt 0.965325 0.992353
vt 0.963759 0.991215
vt 0.962193 0.990077
vt 0.937581 0.945248
vt 0.939516 0.944777
vt 0.946942 0.992252
vt 0.931774 0.993956
vt 0.935645 0.944777
vt 0.992496 0.972402
vt 0.994431 0.972650
vt 0.994431 0.974467
vt 0.951515 0.991419
vt 0.950377 0.992985
vt 0.990560 0.971285
vt 0.990560 0.973583
vt 0.988625 0.973112
vt 0.988625 0.970636
vt 0.963026 0.994651
vt 0.961889 0.993085
vt 0.960751 0.991519
vt 0.994431 0.975909
vt 0.949240 0.994550
vt 0.986689 0.973583
vt 0.986689 0.971285
vt 0.960131 0.996127
vt 0.956921 0.996635
vt 0.956921 0.994699
vt 0.959532 0.994286
vt 0.952734 0.994185
vt 0.952136 0.996026
vt 0.988625 0.976231
vt 0.986689 0.976479
vt 0.990560 0.972650
vt 0.953332 0.992344
vt 0.990560 0.976479
vt 0.958934 0.992445
vt 0.989617 0.952245
vt 0.991712 0.952245
vt 0.993193 0.953727
vt 0.993193 0.955822
vt 0.991712 0.957303
vt 0.989617 0.957303
vt 0.988135 0.955822
vt 0.988135 0.953727
vt 0.956921 0.992764
vt 0.992496 0.970636
vt 0.994431 0.970636
vt 0.955346 0.994599
vt 0.955346 0.996534
vt 0.990560 0.970636
vt 0.955346 0.992663
s 0
usemtl work_table
f 452/849/409 451/850/409 458/851/409 456/852/409
f 460/853/410 453/854/410 456/855/410 458/856/410
f 459/857/409 454/858/409 464/859/409 462/860/409
f 449/861/411 452/862/411 456/863/411 453/864/411
f 450/865/412 449/866/412 453/867/412 460/868/412
f 459/869/413 457/870/413 451/871/413 450/872/413
f 455/873/413 454/874/413 460/875/413 458/876/413
f 457/870/413 455/873/413 458/876/413 451/871/413
f 454/874/413 459/869/413 450/872/413 460/875/413
f 461/877/413 462/878/413 464/876/413 463/879/413
f 454/880/414 455/881/414 463/882/414 464/883/414
f 455/884/412 457/885/412 461/886/412 463/887/412
f 457/888/410 459/889/410 462/890/410 461/891/410
s 1
f 466/892/415 514/893/416 513/894/417 465/895/418
f 467/896/419 515/897/420 514/898/416 466/899/415
f 468/900/421 516/901/422 515/897/420 467/896/419
f 469/902/423 517/903/424 516/904/422 468/905/421
f 470/906/425 518/907/426 517/903/424 469/902/423
f 472/908/427 471/909/428 479/910/429 480/911/430
f 471/909/428 519/912/431 518/913/426 470/914/425
f 472/908/427 520/915/432 519/912/431 471/909/428
f 478/916/433 477/917/434 485/918/435 486/919/436
f 470/906/425 469/902/423 477/917/434 478/916/433
f 468/900/421 467/896/419 475/920/437 476/921/438
f 465/895/418 472/922/427 480/923/430 473/924/439
f 471/909/428 470/914/425 478/925/433 479/910/429
f 469/902/423 468/905/421 476/926/438 477/917/434
f 467/896/419 466/899/415 474/927/440 475/920/437
f 466/892/415 465/895/418 473/924/439 474/928/440
f 488/929/441 487/930/442 495/931/443 496/932/444
f 476/921/438 475/920/437 483/933/445 484/934/446
f 474/928/440 473/924/439 481/935/447 482/936/448
f 473/924/439 480/923/430 488/937/441 481/935/447
f 479/910/429 478/925/433 486/938/436 487/939/442
f 477/917/434 476/926/438 484/940/446 485/918/435
f 475/920/437 474/927/440 482/941/448 483/933/445
f 480/911/430 479/910/429 487/939/442 488/942/441
f 495/931/443 494/943/449 502/944/450 503/945/451
f 486/919/436 485/918/435 493/946/452 494/947/449
f 484/948/446 483/949/445 491/950/453 492/951/454
f 482/936/448 481/935/447 489/952/455 490/953/456
f 481/935/447 488/937/441 496/954/444 489/952/455
f 487/930/442 486/955/436 494/943/449 495/931/443
f 485/918/435 484/940/446 492/956/454 493/946/452
f 483/949/445 482/957/448 490/958/456 491/950/453
f 498/959/457 497/960/458 505/961/459 506/962/460
f 493/946/452 492/956/454 500/963/461 501/964/462
f 491/950/453 490/958/456 498/965/457 499/966/463
f 496/932/444 495/931/443 503/945/451 504/967/464
f 494/947/449 493/946/452 501/964/462 502/968/450
f 492/951/454 491/950/453 499/966/463 500/969/461
f 490/953/456 489/952/455 497/960/458 498/959/457
f 489/952/455 496/954/444 504/970/464 497/960/458
f 506/971/414 505/972/414 512/973/414 511/974/414 510/975/414 509/976/414 508/977/414 507/978/414
f 497/960/458 504/970/464 512/979/465 505/961/459
f 503/945/451 502/944/450 510/980/466 511/981/467
f 501/964/462 500/963/461 508/982/468 509/983/469
f 499/966/463 498/965/457 506/984/460 507/985/470
f 504/967/464 503/945/451 511/981/467 512/986/465
f 502/968/450 501/964/462 509/983/469 510/987/466
f 500/969/461 499/966/463 507/985/470 508/988/468
f 520/915/432 528/989/471 527/990/472 519/912/431
f 526/991/473 534/992/474 533/993/475 525/994/476
f 518/907/426 526/991/473 525/994/476 517/903/424
f 516/901/422 524/995/477 523/996/478 515/897/420
f 513/894/417 521/997/479 528/998/471 520/999/432
f 519/912/431 527/990/472 526/1000/473 518/913/426
f 517/903/424 525/994/476 524/1001/477 516/904/422
f 515/897/420 523/996/478 522/1002/480 514/898/416
f 514/893/416 522/1003/480 521/997/479 513/894/417
f 536/1004/481 544/1005/482 543/1006/483 535/1007/484
f 524/995/477 532/1008/485 531/1009/486 523/996/478
f 522/1003/480 530/1010/487 529/1011/488 521/997/479
f 521/997/479 529/1011/488 536/1012/481 528/998/471
f 527/990/472 535/1013/484 534/1014/474 526/1000/473
f 525/994/476 533/993/475 532/1015/485 524/1001/477
f 523/996/478 531/1009/486 530/1016/487 522/1002/480
f 528/989/471 536/1017/481 535/1013/484 527/990/472
f 543/1006/483 551/1018/489 550/1019/490 542/1020/491
f 534/992/474 542/1021/491 541/1022/492 533/993/475
f 532/1023/485 540/1024/493 539/1025/494 531/1026/486
f 530/1010/487 538/1027/495 537/1028/496 529/1011/488
f 529/1011/488 537/1028/496 544/1029/482 536/1012/481
f 535/1007/484 543/1006/483 542/1020/491 534/1030/474
f 533/993/475 541/1022/492 540/1031/493 532/1015/485
f 531/1026/486 539/1025/494 538/1032/495 530/1033/487
f 546/1034/497 554/1035/498 553/1036/499 545/1037/500
f 541/1022/492 549/1038/501 548/1039/502 540/1031/493
f 539/1025/494 547/1040/503 546/1041/497 538/1032/495
f 544/1005/482 552/1042/504 551/1018/489 543/1006/483
f 542/1021/491 550/1043/490 549/1038/501 541/1022/492
f 540/1024/493 548/1044/502 547/1040/503 539/1025/494
f 538/1027/495 546/1034/497 545/1037/500 537/1028/496
f 537/1028/496 545/1037/500 552/1045/504 544/1029/482
f 554/1046/414 555/1047/414 556/1048/414 557/1049/414 558/1050/414 559/1051/414 560/1052/414 553/1053/414
f 545/1037/500 553/1036/499 560/1054/505 552/1045/504
f 551/1018/489 559/1055/506 558/1056/507 550/1019/490
f 549/1038/501 557/1057/508 556/1058/509 548/1039/502
f 547/1040/503 555/985/510 554/984/498 546/1041/497
f 552/1042/504 560/1059/505 559/1055/506 551/1018/489
f 550/1043/490 558/1060/507 557/1057/508 549/1038/501
f 548/1044/502 556/988/509 555/985/510 547/1040/503
f 465/895/418 513/894/417 520/999/432 472/922/427
o dresser_4
v -0.100000 0.562002 -0.592000
v -0.100000 0.787998 -0.592000
v -0.100000 0.788002 -0.968000
v -0.100000 0.562005 -0.968000
v 0.400000 0.562002 -0.592000
v 0.380000 0.787999 -0.612000
v 0.380000 0.788001 -0.948000
v 0.400000 0.562005 -0.968000
v -0.080000 0.788001 -0.948000
v 0.400000 0.788002 -0.968000
v -0.080000 0.787999 -0.612000
v 0.400000 0.787998 -0.592000
v -0.080000 0.588001 -0.948000
v -0.080000 0.587999 -0.612000
v 0.380000 0.588001 -0.948000
v 0.380000 0.587999 -0.612000
v 0.423160 0.682502 -0.730000
v 0.428463 0.680305 -0.730000
v 0.430660 0.675002 -0.730000
v 0.428463 0.669698 -0.730000
v 0.423160 0.667502 -0.730000
v 0.417857 0.669698 -0.730000
v 0.415660 0.675002 -0.730000
v 0.417857 0.680305 -0.730000
v 0.422026 0.682502 -0.722843
v 0.427070 0.680305 -0.721204
v 0.429159 0.675002 -0.720526
v 0.427070 0.669698 -0.721204
v 0.422026 0.667502 -0.722843
v 0.416983 0.669698 -0.724482
v 0.414893 0.675002 -0.725161
v 0.416983 0.680305 -0.724482
v 0.418737 0.682502 -0.716387
v 0.423027 0.680305 -0.713270
v 0.424804 0.675002 -0.711979
v 0.423027 0.669698 -0.713270
v 0.418737 0.667502 -0.716387
v 0.414446 0.669698 -0.719504
v 0.412669 0.675002 -0.720795
v 0.414446 0.680305 -0.719504
v 0.413613 0.682502 -0.711263
v 0.416730 0.680305 -0.706973
v 0.418021 0.675002 -0.705196
v 0.416730 0.669698 -0.706973
v 0.413613 0.667502 -0.711263
v 0.410496 0.669698 -0.715554
v 0.409205 0.675002 -0.717331
v 0.410496 0.680305 -0.715554
v 0.407157 0.682502 -0.707974
v 0.408796 0.680305 -0.702930
v 0.409474 0.675002 -0.700841
v 0.408796 0.669698 -0.702930
v 0.407157 0.667502 -0.707974
v 0.405518 0.669698 -0.713017
v 0.404839 0.675002 -0.715107
v 0.405518 0.680305 -0.713017
v 0.400000 0.682502 -0.706840
v 0.400000 0.680305 -0.701537
v 0.400000 0.675002 -0.699340
v 0.400000 0.669698 -0.701537
v 0.400000 0.667502 -0.706840
v 0.400000 0.669698 -0.712143
v 0.400000 0.675002 -0.714340
v 0.400000 0.680305 -0.712143
v 0.423160 0.682502 -0.830000
v 0.428463 0.680305 -0.830000
v 0.430660 0.675002 -0.830000
v 0.428463 0.669698 -0.830000
v 0.423160 0.667502 -0.830000
v 0.417857 0.669698 -0.830000
v 0.415660 0.675002 -0.830000
v 0.417857 0.680305 -0.830000
v 0.422026 0.682502 -0.837157
v 0.427070 0.680305 -0.838796
v 0.429159 0.675002 -0.839474
v 0.427070 0.669698 -0.838796
v 0.422026 0.667502 -0.837157
v 0.416983 0.669698 -0.835518
v 0.414893 0.675002 -0.834839
v 0.416983 0.680305 -0.835518
v 0.418737 0.682502 -0.843613
v 0.423027 0.680305 -0.846730
v 0.424804 0.675002 -0.848021
v 0.423027 0.669698 -0.846730
v 0.418737 0.667502 -0.843613
v 0.414446 0.669698 -0.840496
v 0.412669 0.675002 -0.839205
v 0.414446 0.680305 -0.840496
v 0.413613 0.682502 -0.848737
v 0.416730 0.680305 -0.853027
v 0.418021 0.675002 -0.854804
v 0.416730 0.669698 -0.853027
v 0.413613 0.667502 -0.848737
v 0.410496 0.669698 -0.844446
v 0.409205 0.675002 -0.842669
v 0.410496 0.680305 -0.844446
v 0.407157 0.682502 -0.852026
v 0.408796 0.680305 -0.857070
v 0.409474 0.675002 -0.859159
v 0.408796 0.669698 -0.857070
v 0.407157 0.667502 -0.852026
v 0.405518 0.669698 -0.846983
v 0.404839 0.675002 -0.844893
v 0.405518 0.680305 -0.846983
v 0.400000 0.682502 -0.853160
v 0.400000 0.680305 -0.858463
v 0.400000 0.675002 -0.860660
v 0.400000 0.669698 -0.858463
v 0.400000 0.667502 -0.853160
v 0.400000 0.669698 -0.847856
v 0.400000 0.675002 -0.845660
v 0.400000 0.680305 -0.847856
vn -0.0000 -0.0000 -1.0000
vn 1.0000 -0.0000 -0.0000
vn -0.0000 -1.0000 -0.0000
vn -0.0000 -0.0000 1.0000
vn -0.0000 1.0000 -0.0000
vn -1.0000 -0.0000 -0.0000
vn 0.7149 0.6969 0.0564
vn 0.7149 0.6969 -0.0564
vn 0.0191 0.9998 -0.0030
vn 0.0191 0.9998 0.0030
vn 0.9970 -0.0000 0.0770
vn 0.9970 -0.0000 -0.0770
vn 0.7149 -0.6969 0.0564
vn 0.7149 -0.6969 -0.0564
vn 0.0191 -0.9998 0.0030
vn 0.0191 -0.9998 -0.0030
vn -0.6959 -0.7160 -0.0549
vn -0.6959 -0.7160 0.0549
vn -0.6959 0.7160 -0.0549
vn -0.9968 -0.0000 -0.0800
vn -0.9511 -0.0000 -0.3090
vn -0.6533 0.7267 -0.2123
vn -0.9968 -0.0000 0.0800
vn -0.6959 0.7160 0.0549
vn -0.6533 -0.7267 -0.2123
vn -0.0543 -0.9984 -0.0128
vn 0.0436 -0.9990 -0.0113
vn -0.5558 -0.7267 -0.4038
vn 0.9511 -0.0000 0.3090
vn 0.6897 -0.6885 0.2241
vn -0.0495 0.9984 -0.0262
vn 0.6897 0.6885 0.2241
vn -0.5558 0.7267 -0.4038
vn -0.8090 -0.0000 -0.5878
vn -0.5878 -0.0000 -0.8090
vn -0.4038 0.7267 -0.5558
vn 0.8090 -0.0000 0.5878
vn 0.5867 -0.6885 0.4263
vn 0.0397 0.9991 -0.0125
vn 0.5867 0.6885 0.4263
vn -0.4038 -0.7267 -0.5558
vn -0.2123 -0.7267 -0.6533
vn -0.3090 -0.0000 -0.9511
vn 0.0347 -0.9993 0.0153
vn 0.5878 -0.0000 0.8090
vn 0.4263 -0.6885 0.5867
vn 0.0335 0.9993 0.0143
vn 0.4263 0.6885 0.5867
vn 0.2241 0.6885 0.6897
vn 0.0093 0.9997 0.0229
vn 0.0058 0.9996 0.0273
vn 0.1141 0.6840 0.7205
vn 0.2241 -0.6885 0.6897
vn 0.0059 -0.9997 0.0240
vn 0.3090 -0.0000 0.9511
vn -0.2123 0.7267 -0.6533
vn -0.1082 0.7224 -0.6829
vn -0.1082 -0.7224 -0.6829
vn -0.1564 -0.0000 -0.9877
vn 0.1141 -0.6840 0.7205
vn 0.0058 -0.9996 0.0273
vn 0.1564 -0.0000 0.9877
vn -0.6533 0.7267 0.2123
vn -0.9511 -0.0000 0.3090
vn -0.6533 -0.7267 0.2123
vn -0.5558 -0.7267 0.4038
vn -0.0000 -1.0000 -0.0039
vn 0.0252 -0.9964 0.0814
vn 0.6897 -0.6885 -0.2241
vn 0.9511 -0.0000 -0.3090
vn 0.0252 0.9964 0.0814
vn 0.6897 0.6885 -0.2241
vn -0.5558 0.7267 0.4038
vn -0.4038 0.7267 0.5558
vn -0.5878 -0.0000 0.8090
vn -0.8090 -0.0000 0.5878
vn 0.5867 -0.6885 -0.4263
vn 0.8090 -0.0000 -0.5878
vn 0.5867 0.6885 -0.4263
vn -0.0000 1.0000 -0.0039
vn -0.3090 -0.0000 0.9511
vn -0.2123 -0.7267 0.6533
vn -0.4038 -0.7267 0.5558
vn 0.0089 -0.9998 -0.0164
vn 0.4263 -0.6885 -0.5867
vn 0.5878 -0.0000 -0.8090
vn 0.4263 0.6885 -0.5867
vn 0.0089 0.9998 -0.0164
vn 0.2241 0.6885 -0.6897
vn 0.1141 0.6840 -0.7205
vn 0.0058 0.9996 -0.0273
vn 0.0210 0.9994 -0.0262
vn 0.0210 -0.9994 -0.0262
vn 0.2241 -0.6885 -0.6897
vn 0.3090 -0.0000 -0.9511
vn -0.2123 0.7267 0.6533
vn -0.1082 0.7224 0.6829
vn -0.1564 -0.0000 0.9877
vn -0.1082 -0.7224 0.6829
vn 0.0058 -0.9996 -0.0273
vn 0.1141 -0.6840 -0.7205
vn 0.1564 -0.0000 -0.9877
vt 0.378622 0.957718
vt 0.316868 0.957718
vt 0.316868 0.821092
vt 0.378622 0.821092
vt 0.801422 0.719565
vt 0.728112 0.719565
vt 0.728112 0.597596
vt 0.801422 0.597596
vt 0.562734 0.981149
vt 0.562734 0.813265
vt 0.635727 0.813265
vt 0.635727 0.981149
vt 0.019569 0.821092
vt 0.122312 0.821092
vt 0.122312 0.957718
vt 0.019569 0.957718
vt 0.897746 0.378477
vt 0.980226 0.378477
vt 0.980226 0.560959
vt 0.897746 0.560959
vt 0.127777 0.952253
vt 0.219590 0.952253
vt 0.225055 0.957718
vt 0.122312 0.957718
vt 0.219590 0.826557
vt 0.127777 0.826557
vt 0.122312 0.821092
vt 0.225055 0.821092
vt 0.316868 0.946788
vt 0.225055 0.946788
vt 0.316868 0.821092
vt 0.900391 0.687128
vt 0.900391 0.564500
vt 0.973384 0.564501
vt 0.973384 0.687129
vt 0.923264 0.860523
vt 0.923264 0.692640
vt 0.996257 0.692640
vt 0.996257 0.860523
vt 0.876407 0.597161
vt 0.876407 0.719789
vt 0.803414 0.719790
vt 0.803414 0.597162
vt 0.967309 0.949750
vt 0.967309 0.986247
vt 0.965373 0.986247
vt 0.965373 0.949750
vt 0.933710 0.951354
vt 0.933710 0.987850
vt 0.931774 0.987850
vt 0.931774 0.951354
vt 0.935645 0.951354
vt 0.935645 0.987850
vt 0.946893 0.949650
vt 0.946893 0.986146
vt 0.944958 0.986146
vt 0.944958 0.949650
vt 0.948829 0.949650
vt 0.948829 0.986146
vt 0.935645 0.985104
vt 0.937581 0.985104
vt 0.937581 0.986870
vt 0.935645 0.987117
vt 0.937581 0.948607
vt 0.939516 0.948607
vt 0.939516 0.985104
vt 0.935645 0.948607
vt 0.949148 0.947636
vt 0.947307 0.947038
vt 0.948507 0.944682
vt 0.950073 0.945819
vt 0.933710 0.947896
vt 0.935645 0.948144
vt 0.963438 0.949750
vt 0.963119 0.947737
vt 0.964959 0.947139
vt 0.939516 0.987117
vt 0.945466 0.946440
vt 0.931774 0.948144
vt 0.966800 0.946540
vt 0.988135 0.963832
vt 0.990071 0.964481
vt 0.990071 0.965745
vt 0.988135 0.965274
vt 0.933710 0.944777
vt 0.935645 0.945248
vt 0.963759 0.944782
vt 0.965325 0.943645
vt 0.962193 0.945920
vt 0.939516 0.988934
vt 0.937581 0.988463
vt 0.946942 0.943544
vt 0.931774 0.945248
vt 0.935645 0.988934
vt 0.992006 0.965274
vt 0.992006 0.967091
vt 0.990071 0.967338
vt 0.950377 0.942812
vt 0.951515 0.944378
vt 0.990560 0.988093
vt 0.988625 0.988742
vt 0.988625 0.986266
vt 0.990560 0.985795
vt 0.961889 0.942912
vt 0.963026 0.941346
vt 0.960751 0.944478
vt 0.992006 0.963832
vt 0.949240 0.941246
vt 0.986689 0.988093
vt 0.986689 0.985795
vt 0.960131 0.939871
vt 0.959532 0.941712
vt 0.956921 0.941298
vt 0.956921 0.939362
vt 0.952136 0.939770
vt 0.952734 0.941611
vt 0.986689 0.982899
vt 0.988625 0.983147
vt 0.988135 0.967091
vt 0.953332 0.943452
vt 0.990560 0.982899
vt 0.958934 0.943552
vt 0.991712 0.957303
vt 0.993193 0.958784
vt 0.993193 0.960879
vt 0.991712 0.962361
vt 0.989617 0.962361
vt 0.988135 0.960879
vt 0.988135 0.958784
vt 0.989617 0.957303
vt 0.956921 0.943233
vt 0.992006 0.969104
vt 0.990071 0.969104
vt 0.955346 0.939262
vt 0.955346 0.941197
vt 0.986689 0.979689
vt 0.988625 0.979689
vt 0.988135 0.969104
vt 0.955346 0.943133
vt 0.990560 0.979689
vt 0.935645 0.946593
vt 0.937581 0.946841
vt 0.949148 0.988160
vt 0.950073 0.989977
vt 0.948507 0.991115
vt 0.947307 0.988758
vt 0.935645 0.991060
vt 0.933710 0.991308
vt 0.964959 0.988859
vt 0.963119 0.988261
vt 0.963438 0.986247
vt 0.939516 0.946593
vt 0.945466 0.989356
vt 0.931774 0.991060
vt 0.966800 0.989457
vt 0.990560 0.975909
vt 0.990560 0.974467
vt 0.992496 0.973996
vt 0.992496 0.975260
vt 0.935645 0.993956
vt 0.933710 0.994427
vt 0.965325 0.992353
vt 0.963759 0.991215
vt 0.962193 0.990077
vt 0.937581 0.945248
vt 0.939516 0.944777
vt 0.946942 0.992252
vt 0.931774 0.993956
vt 0.935645 0.944777
vt 0.992496 0.972402
vt 0.994431 0.972650
vt 0.994431 0.974467
vt 0.951515 0.991419
vt 0.950377 0.992985
vt 0.990560 0.971285
vt 0.990560 0.973583
vt 0.988625 0.973112
vt 0.988625 0.970636
vt 0.963026 0.994651
vt 0.961889 0.993085
vt 0.960751 0.991519
vt 0.994431 0.975909
vt 0.949240 0.994550
vt 0.986689 0.973583
vt 0.986689 0.971285
vt 0.960131 0.996127
vt 0.956921 0.996635
vt 0.956921 0.994699
vt 0.959532 0.994286
vt 0.952734 0.994185
vt 0.952136 0.996026
vt 0.988625 0.976231
vt 0.986689 0.976479
vt 0.990560 0.972650
vt 0.953332 0.992344
vt 0.990560 0.976479
vt 0.958934 0.992445
vt 0.989617 0.952245
vt 0.991712 0.952245
vt 0.993193 0.953727
vt 0.993193 0.955822
vt 0.991712 0.957303
vt 0.989617 0.957303
vt 0.988135 0.955822
vt 0.988135 0.953727
vt 0.956921 0.992764
vt 0.992496 0.970636
vt 0.994431 0.970636
vt 0.955346 0.994599
vt 0.955346 0.996534
vt 0.990560 0.970636
vt 0.955346 0.992663
s 0
usemtl work_table
f 564/1061/511 563/1062/511 570/1063/511 568/1064/511
f 572/1065/512 565/1066/512 568/1067/512 570/1068/512
f 571/1069/511 566/1070/511 576/1071/511 574/1072/511
f 561/1073/513 564/1074/513 568/1075/513 565/1076/513
f 562/1077/514 561/1078/514 565/1079/514 572/1080/514
f 571/1081/515 569/1082/515 563/1083/515 562/1084/515
f 567/1085/515 566/1086/515 572/1087/515 570/1088/515
f 569/1082/515 567/1085/515 570/1088/515 563/1083/515
f 566/1086/515 571/1081/515 562/1084/515 572/1087/515
f 573/1089/515 574/1090/515 576/1088/515 575/1091/515
f 566/1092/516 567/1093/516 575/1094/516 576/1095/516
f 567/1096/514 569/1097/514 573/1098/514 575/1099/514
f 569/1100/512 571/1101/512 574/1102/512 573/1103/512
s 1
f 578/1104/517 626/1105/518 625/1106/519 577/1107/520
f 579/1108/521 627/1109/522 626/1110/518 578/1111/517
f 580/1112/523 628/1113/524 627/1109/522 579/1108/521
f 581/1114/525 629/1115/526 628/1116/524 580/1117/523
f 582/1118/527 630/1119/528 629/1115/526 581/1114/525
f 584/1120/529 583/1121/530 591/1122/531 592/1123/532
f 583/1121/530 631/1124/533 630/1125/528 582/1126/527
f 584/1120/529 632/1127/534 631/1124/533 583/1121/530
f 590/1128/535 589/1129/536 597/1130/537 598/1131/538
f 582/1118/527 581/1114/525 589/1129/536 590/1128/535
f 580/1112/523 579/1108/521 587/1132/539 588/1133/540
f 577/1107/520 584/1134/529 592/1135/532 585/1136/541
f 583/1121/530 582/1126/527 590/1137/535 591/1122/531
f 581/1114/525 580/1117/523 588/1138/540 589/1129/536
f 579/1108/521 578/1111/517 586/1139/542 587/1132/539
f 578/1104/517 577/1107/520 585/1136/541 586/1140/542
f 600/1141/543 599/1142/544 607/1143/545 608/1144/546
f 588/1133/540 587/1132/539 595/1145/547 596/1146/548
f 586/1140/542 585/1136/541 593/1147/549 594/1148/550
f 585/1136/541 592/1135/532 600/1149/543 593/1147/549
f 591/1122/531 590/1137/535 598/1150/538 599/1151/544
f 589/1129/536 588/1138/540 596/1152/548 597/1130/537
f 587/1132/539 586/1139/542 594/1153/550 595/1145/547
f 592/1123/532 591/1122/531 599/1151/544 600/1154/543
f 607/1143/545 606/1155/551 614/1156/552 615/1157/553
f 598/1131/538 597/1130/537 605/1158/554 606/1159/551
f 596/1160/548 595/1161/547 603/1162/555 604/1163/556
f 594/1148/550 593/1147/549 601/1164/557 602/1165/558
f 593/1147/549 600/1149/543 608/1166/546 601/1164/557
f 599/1142/544 598/1167/538 606/1155/551 607/1143/545
f 597/1130/537 596/1152/548 604/1168/556 605/1158/554
f 595/1161/547 594/1169/550 602/1170/558 603/1162/555
f 610/1171/559 609/1172/560 617/1173/561 618/1174/562
f 605/1158/554 604/1168/556 612/1175/563 613/1176/564
f 603/1162/555 602/1170/558 610/1177/559 611/1178/565
f 608/1144/546 607/1143/545 615/1157/553 616/1179/566
f 606/1159/551 605/1158/554 613/1176/564 614/1180/552
f 604/1163/556 603/1162/555 611/1178/565 612/1181/563
f 602/1165/558 601/1164/557 609/1172/560 610/1171/559
f 601/1164/557 608/1166/546 616/1182/566 609/1172/560
f 618/1183/516 617/1184/516 624/1185/516 623/1186/516 622/1187/516 621/1188/516 620/1189/516 619/1190/516
f 609/1172/560 616/1182/566 624/1191/567 617/1173/561
f 615/1157/553 614/1156/552 622/1192/568 623/1193/569
f 613/1176/564 612/1175/563 620/1194/570 621/1195/571
f 611/1178/565 610/1177/559 618/1196/562 619/1197/572
f 616/1179/566 615/1157/553 623/1193/569 624/1198/567
f 614/1180/552 613/1176/564 621/1195/571 622/1199/568
f 612/1181/563 611/1178/565 619/1197/572 620/1200/570
f 632/1127/534 640/1201/573 639/1202/574 631/1124/533
f 638/1203/575 646/1204/576 645/1205/577 637/1206/578
f 630/1119/528 638/1203/575 637/1206/578 629/1115/526
f 628/1113/524 636/1207/579 635/1208/580 627/1109/522
f 625/1106/519 633/1209/581 640/1210/573 632/1211/534
f 631/1124/533 639/1202/574 638/1212/575 630/1125/528
f 629/1115/526 637/1206/578 636/1213/579 628/1116/524
f 627/1109/522 635/1208/580 634/1214/582 626/1110/518
f 626/1105/518 634/1215/582 633/1209/581 625/1106/519
f 648/1216/583 656/1217/584 655/1218/585 647/1219/586
f 636/1207/579 644/1220/587 643/1221/588 635/1208/580
f 634/1215/582 642/1222/589 641/1223/590 633/1209/581
f 633/1209/581 641/1223/590 648/1224/583 640/1210/573
f 639/1202/574 647/1225/586 646/1226/576 638/1212/575
f 637/1206/578 645/1205/577 644/1227/587 636/1213/579
f 635/1208/580 643/1221/588 642/1228/589 634/1214/582
f 640/1201/573 648/1229/583 647/1225/586 639/1202/574
f 655/1218/585 663/1230/591 662/1231/592 654/1232/593
f 646/1204/576 654/1233/593 653/1234/594 645/1205/577
f 644/1235/587 652/1236/595 651/1237/596 643/1238/588
f 642/1222/589 650/1239/597 649/1240/598 641/1223/590
f 641/1223/590 649/1240/598 656/1241/584 648/1224/583
f 647/1219/586 655/1218/585 654/1232/593 646/1242/576
f 645/1205/577 653/1234/594 652/1243/595 644/1227/587
f 643/1238/588 651/1237/596 650/1244/597 642/1245/589
f 658/1246/599 666/1247/600 665/1248/601 657/1249/602
f 653/1234/594 661/1250/603 660/1251/604 652/1243/595
f 651/1237/596 659/1252/605 658/1253/599 650/1244/597
f 656/1217/584 664/1254/606 663/1230/591 655/1218/585
f 654/1233/593 662/1255/592 661/1250/603 653/1234/594
f 652/1236/595 660/1256/604 659/1252/605 651/1237/596
f 650/1239/597 658/1246/599 657/1249/602 649/1240/598
f 649/1240/598 657/1249/602 664/1257/606 656/1241/584
f 666/1258/516 667/1259/516 668/1260/516 669/1261/516 670/1262/516 671/1263/516 672/1264/516 665/1265/516
f 657/1249/602 665/1248/601 672/1266/607 664/1257/606
f 663/1230/591 671/1267/608 670/1268/609 662/1231/592
f 661/1250/603 669/1269/610 668/1270/611 660/1251/604
f 659/1252/605 667/1197/612 666/1196/600 658/1253/599
f 664/1254/606 672/1271/607 671/1267/608 663/1230/591
f 662/1255/592 670/1272/609 669/1269/610 661/1250/603
f 660/1256/604 668/1200/611 667/1197/612 659/1252/605
f 577/1107/520 625/1106/519 632/1211/534 584/1134/529
o work_table
v -0.350000 -0.000000 -0.672500
v -0.350000 0.050000 -0.672500
v -0.341161 -0.000000 -0.668839
v -0.341161 0.050000 -0.668839
v -0.337500 -0.000000 -0.660000
v -0.337500 0.050000 -0.660000
v -0.341161 -0.000000 -0.651161
v -0.341161 0.050000 -0.651161
v -0.350000 -0.000000 -0.647500
v -0.350000 0.050000 -0.647500
v -0.358839 -0.000000 -0.651161
v -0.358839 0.050000 -0.651161
v -0.362500 -0.000000 -0.660000
v -0.362500 0.050000 -0.660000
v -0.358839 -0.000000 -0.668839
v -0.358839 0.050000 -0.668839
v -0.400000 0.800000 1.000000
v -0.400000 0.830000 1.000000
v -0.400000 0.800000 -1.000000
v -0.400000 0.830000 -1.000000
v 0.400000 0.800000 1.000000
v 0.400000 0.830000 1.000000
v 0.400000 0.800000 -1.000000
v 0.400000 0.830000 -1.000000
v -0.400000 0.299998 0.580000
v -0.400000 0.050002 0.580000
v -0.400000 0.299995 0.980000
v -0.400000 0.049998 0.980000
v 0.400000 0.289998 0.590000
v 0.400000 0.060002 0.590000
v 0.400000 0.289995 0.970000
v 0.400000 0.059998 0.970000
v 0.400000 0.049998 0.980000
v 0.400000 0.299995 0.980000
v 0.400000 0.299998 0.580000
v 0.400000 0.050002 0.580000
v -0.100000 0.059998 0.970000
v -0.100000 0.289995 0.970000
v -0.100000 0.289998 0.590000
v -0.100000 0.060002 0.590000
v -0.350000 -0.000000 0.887500
v -0.350000 0.050000 0.887500
v -0.341161 -0.000000 0.891161
v -0.341161 0.050000 0.891161
v -0.337500 -0.000000 0.900000
v -0.337500 0.050000 0.900000
v -0.341161 -0.000000 0.908839
v -0.341161 0.050000 0.908839
v -0.350000 -0.000000 0.912500
v -0.350000 0.050000 0.912500
v -0.358839 -0.000000 0.908839
v -0.358839 0.050000 0.908839
v -0.362500 -0.000000 0.900000
v -0.362500 0.050000 0.900000
v -0.358839 -0.000000 0.891161
v -0.358839 0.050000 0.891161
v -0.400000 0.549998 0.580000
v -0.400000 0.300002 0.580000
v -0.400000 0.549995 0.980000
v -0.400000 0.299998 0.980000
v 0.400000 0.539998 0.590000
v 0.400000 0.310002 0.590000
v 0.400000 0.539995 0.970000
v 0.400000 0.309998 0.970000
v 0.400000 0.299998 0.980000
v 0.400000 0.549995 0.980000
v 0.400000 0.549998 0.580000
v 0.400000 0.300002 0.580000
v -0.100000 0.309998 0.970000
v -0.100000 0.539995 0.970000
v -0.100000 0.539998 0.590000
v -0.100000 0.310002 0.590000
v -0.400000 0.799998 0.580000
v -0.400000 0.550002 0.580000
v -0.400000 0.799995 0.980000
v -0.400000 0.549998 0.980000
v 0.400000 0.789998 0.590000
v 0.400000 0.560002 0.590000
v 0.400000 0.789995 0.970000
v 0.400000 0.559998 0.970000
v 0.400000 0.549998 0.980000
v 0.400000 0.799995 0.980000
v 0.400000 0.799998 0.580000
v 0.400000 0.550002 0.580000
v -0.100000 0.559998 0.970000
v -0.100000 0.789995 0.970000
v -0.100000 0.789998 0.590000
v -0.100000 0.560002 0.590000
v -0.400000 0.299998 -0.980000
v -0.400000 0.050002 -0.980000
v -0.400000 0.299995 -0.580000
v -0.400000 0.049998 -0.580000
v 0.400000 0.289998 -0.970000
v 0.400000 0.060002 -0.970000
v 0.400000 0.289995 -0.590000
v 0.400000 0.059998 -0.590000
v 0.400000 0.049998 -0.580000
v 0.400000 0.299995 -0.580000
v 0.400000 0.299998 -0.980000
v 0.400000 0.050002 -0.980000
v -0.100000 0.059998 -0.590000
v -0.100000 0.289995 -0.590000
v -0.100000 0.289998 -0.970000
v -0.100000 0.060002 -0.970000
v -0.400000 0.549998 -0.980000
v -0.400000 0.300002 -0.980000
v -0.400000 0.549995 -0.580000
v -0.400000 0.299998 -0.580000
v 0.400000 0.539998 -0.970000
v 0.400000 0.310002 -0.970000
v 0.400000 0.539995 -0.590000
v 0.400000 0.309998 -0.590000
v 0.400000 0.299998 -0.580000
v 0.400000 0.549995 -0.580000
v 0.400000 0.549998 -0.980000
v 0.400000 0.300002 -0.980000
v -0.100000 0.309998 -0.590000
v -0.100000 0.539995 -0.590000
v -0.100000 0.539998 -0.970000
v -0.100000 0.310002 -0.970000
v -0.400000 0.799998 -0.980000
v -0.400000 0.550002 -0.980000
v -0.400000 0.799995 -0.580000
v -0.400000 0.549998 -0.580000
v 0.400000 0.789998 -0.970000
v 0.400000 0.560002 -0.970000
v 0.400000 0.789995 -0.590000
v 0.400000 0.559998 -0.590000
v 0.400000 0.549998 -0.580000
v 0.400000 0.799995 -0.580000
v 0.400000 0.799998 -0.980000
v 0.400000 0.550002 -0.980000
v -0.100000 0.559998 -0.590000
v -0.100000 0.789995 -0.590000
v -0.100000 0.789998 -0.970000
v -0.100000 0.560002 -0.970000
v -0.350000 -0.000000 0.647500
v -0.350000 0.050000 0.647500
v -0.341161 -0.000000 0.651161
v -0.341161 0.050000 0.651161
v -0.337500 -0.000000 0.660000
v -0.337500 0.050000 0.660000
v -0.341161 -0.000000 0.668839
v -0.341161 0.050000 0.668839
v -0.350000 -0.000000 0.672500
v -0.350000 0.050000 0.672500
v -0.358839 -0.000000 0.668839
v -0.358839 0.050000 0.668839
v -0.362500 -0.000000 0.660000
v -0.362500 0.050000 0.660000
v -0.358839 -0.000000 0.651161
v -0.358839 0.050000 0.651161
v 0.350000 -0.000000 0.887500
v 0.350000 0.050000 0.887500
v 0.358839 -0.000000 0.891161
v 0.358839 0.050000 0.891161
v 0.362500 -0.000000 0.900000
v 0.362500 0.050000 0.900000
v 0.358839 -0.000000 0.908839
v 0.358839 0.050000 0.908839
v 0.350000 -0.000000 0.912500
v 0.350000 0.050000 0.912500
v 0.341161 -0.000000 0.908839
v 0.341161 0.050000 0.908839
v 0.337500 -0.000000 0.900000
v 0.337500 0.050000 0.900000
v 0.341161 -0.000000 0.891161
v 0.341161 0.050000 0.891161
v 0.350000 -0.000000 0.647500
v 0.350000 0.050000 0.647500
v 0.358839 -0.000000 0.651161
v 0.358839 0.050000 0.651161
v 0.362500 -0.000000 0.660000
v 0.362500 0.050000 0.660000
v 0.358839 -0.000000 0.668839
v 0.358839 0.050000 0.668839
v 0.350000 -0.000000 0.672500
v 0.350000 0.050000 0.672500
v 0.341161 -0.000000 0.668839
v 0.341161 0.050000 0.668839
v 0.337500 -0.000000 0.660000
v 0.337500 0.050000 0.660000
v 0.341161 -0.000000 0.651161
v 0.341161 0.050000 0.651161
v -0.350000 -0.000000 -0.912500
v -0.350000 0.050000 -0.912500
v -0.341161 -0.000000 -0.908839
v -0.341161 0.050000 -0.908839
v -0.337500 -0.000000 -0.900000
v -0.337500 0.050000 -0.900000
v -0.341161 -0.000000 -0.891161
v -0.341161 0.050000 -0.891161
v -0.350000 -0.000000 -0.887500
v -0.350000 0.050000 -0.887500
v -0.358839 -0.000000 -0.891161
v -0.358839 0.050000 -0.891161
v -0.362500 -0.000000 -0.900000
v -0.362500 0.050000 -0.900000
v -0.358839 -0.000000 -0.908839
v -0.358839 0.050000 -0.908839
v 0.350000 -0.000000 -0.672500
v 0.350000 0.050000 -0.672500
v 0.358839 -0.000000 -0.668839
v 0.358839 0.050000 -0.668839
v 0.362500 -0.000000 -0.660000
v 0.362500 0.050000 -0.660000
v 0.358839 -0.000000 -0.651161
v 0.358839 0.050000 -0.651161
v 0.350000 -0.000000 -0.647500
v 0.350000 0.050000 -0.647500
v 0.341161 -0.000000 -0.651161
v 0.341161 0.050000 -0.651161
v 0.337500 -0.000000 -0.660000
v 0.337500 0.050000 -0.660000
v 0.341161 -0.000000 -0.668839
v 0.341161 0.050000 -0.668839
v 0.350000 -0.000000 -0.912500
v 0.350000 0.050000 -0.912500
v 0.358839 -0.000000 -0.908839
v 0.358839 0.050000 -0.908839
v 0.362500 -0.000000 -0.900000
v 0.362500 0.050000 -0.900000
v 0.358839 -0.000000 -0.891161
v 0.358839 0.050000 -0.891161
v 0.350000 -0.000000 -0.887500
v 0.350000 0.050000 -0.887500
v 0.341161 -0.000000 -0.891161
v 0.341161 0.050000 -0.891161
v 0.337500 -0.000000 -0.900000
v 0.337500 0.050000 -0.900000
v 0.341161 -0.000000 -0.908839
v 0.341161 0.050000 -0.908839
vn -0.0000 -0.0000 -1.0000
vn 0.7071 -0.0000 -0.7071
vn 1.0000 -0.0000 -0.0000
vn 0.7071 -0.0000 0.7071
vn -0.0000 -0.0000 1.0000
vn -0.7071 -0.0000 0.7071
vn -1.0000 -0.0000 -0.0000
vn -0.0000 1.0000 -0.0000
vn -0.7071 -0.0000 -0.7071
vn -0.0000 -1.0000 -0.0000
vt 0.971276 0.988742
vt 0.971276 0.970493
vt 0.974768 0.970493
vt 0.974768 0.988742
vt 0.977237 0.970493
vt 0.977237 0.988742
vt 0.983198 0.988742
vt 0.983198 0.970493
vt 0.986689 0.970493
vt 0.986689 0.988742
vt 0.979706 0.970493
vt 0.979706 0.988742
vt 0.971276 0.970493
vt 0.971276 0.952245
vt 0.973745 0.952245
vt 0.973745 0.970493
vt 0.982175 0.960675
vt 0.979706 0.958206
vt 0.979706 0.954714
vt 0.982175 0.952245
vt 0.985666 0.952245
vt 0.988135 0.954714
vt 0.988135 0.958206
vt 0.985666 0.960675
vt 0.977237 0.952245
vt 0.977237 0.970493
vt 0.979706 0.952245
vt 0.979706 0.970493
vt 0.979706 0.966635
vt 0.979706 0.963144
vt 0.982175 0.960675
vt 0.985666 0.960675
vt 0.988135 0.963144
vt 0.988135 0.966635
vt 0.985666 0.969104
vt 0.982175 0.969104
vt 0.606003 0.741718
vt 0.595054 0.741718
vt 0.595054 0.011789
vt 0.606003 0.011789
vt 0.291970 0.752713
vt 0.291970 0.741759
vt 0.583942 0.741759
vt 0.583942 0.752713
vt 0.594956 0.741710
vt 0.583975 0.741710
vt 0.583975 0.011781
vt 0.594956 0.011781
vt 0.583943 0.000807
vt 0.583943 0.011790
vt 0.291972 0.011790
vt 0.291972 0.000807
vt 0.291971 0.741753
vt 0.000000 0.741753
vt 0.000000 0.011824
vt 0.291971 0.011824
vt 0.583975 0.741759
vt 0.291971 0.741759
vt 0.291971 0.011790
vt 0.583975 0.011790
vt 0.378622 0.821092
vt 0.446934 0.821092
vt 0.446934 0.930393
vt 0.378622 0.930393
vt 0.798755 0.305484
vt 0.889995 0.305484
vt 0.889995 0.597455
vt 0.798755 0.597455
vt 0.981686 0.195994
vt 0.897746 0.195994
vt 0.897746 0.013512
vt 0.981686 0.013512
vt 0.798755 0.013512
vt 0.889995 0.013512
vt 0.889995 0.305484
vt 0.652769 0.305484
vt 0.652769 0.013512
vt 0.798755 0.013512
vt 0.798755 0.305484
vt 0.652769 0.597455
vt 0.798755 0.305484
vt 0.798755 0.597455
vt 0.471268 0.962578
vt 0.555209 0.962577
vt 0.558858 0.966227
vt 0.467618 0.966228
vt 0.555209 0.823891
vt 0.558858 0.820241
vt 0.471268 0.823892
vt 0.467618 0.820242
vt 0.779927 0.913102
vt 0.641240 0.913102
vt 0.641240 0.730619
vt 0.779927 0.730619
vt 0.782252 0.728294
vt 0.920938 0.728294
vt 0.920938 0.910776
vt 0.782252 0.910776
vt 0.981686 0.378477
vt 0.897746 0.378477
vt 0.728112 0.720863
vt 0.653504 0.720863
vt 0.653504 0.597596
vt 0.728112 0.597596
s 1
usemtl work_table
f 673/1273/613 674/1274/613 676/1275/614 675/1276/614
f 675/1276/614 676/1275/614 678/1277/615 677/1278/615
f 677/1279/615 678/1280/615 680/1281/616 679/1282/616
f 679/1278/616 680/1277/616 682/1283/617 681/1284/617
f 681/1284/617 682/1283/617 684/1280/618 683/1279/618
f 683/1285/618 684/1286/618 686/1287/619 685/1288/619
f 676/1289/620 674/1290/620 688/1291/620 686/1292/620 684/1293/620 682/1294/620 680/1295/620 678/1296/620
f 685/1288/619 686/1287/619 688/1297/621 687/1298/621
f 687/1298/621 688/1297/621 674/1299/613 673/1300/613
f 673/1301/622 675/1302/622 677/1303/622 679/1304/622 681/1305/622 683/1306/622 685/1307/622 687/1308/622
s 0
f 689/1309/619 690/1310/619 692/1311/619 691/1312/619
f 691/1313/613 692/1314/613 696/1315/613 695/1316/613
f 695/1317/615 696/1318/615 694/1319/615 693/1320/615
f 693/1321/617 694/1322/617 690/1323/617 689/1324/617
f 691/1325/622 695/1326/622 693/1327/622 689/1328/622
f 696/1329/620 692/1330/620 690/1331/620 694/1332/620
f 697/1333/619 698/1334/619 700/1335/619 699/1336/619
f 699/1337/617 700/1338/617 705/1339/617 706/1340/617
f 702/1341/617 701/1342/617 711/1343/617 712/1344/617
f 707/1345/613 708/1346/613 698/1347/613 697/1337/613
f 699/1348/620 706/1349/620 707/1350/620 697/1351/620
f 705/1352/622 700/1348/622 698/1353/622 708/1354/622
f 704/1355/615 703/1356/615 706/1357/615 705/1358/615
f 703/1356/615 701/1359/615 707/1360/615 706/1357/615
f 702/1361/615 704/1355/615 705/1358/615 708/1362/615
f 701/1359/615 702/1361/615 708/1362/615 707/1360/615
f 701/1363/622 703/1364/622 710/1365/622 711/1366/622
f 704/1367/620 702/1368/620 712/1369/620 709/1370/620
f 703/1342/613 704/1341/613 709/1371/613 710/1372/613
f 710/1373/615 709/1374/615 712/1375/615 711/1376/615
s 1
f 713/1273/613 714/1274/613 716/1275/614 715/1276/614
f 715/1276/614 716/1275/614 718/1277/615 717/1278/615
f 717/1279/615 718/1280/615 720/1281/616 719/1282/616
f 719/1278/616 720/1277/616 722/1283/617 721/1284/617
f 721/1284/617 722/1283/617 724/1280/618 723/1279/618
f 723/1285/618 724/1286/618 726/1287/619 725/1288/619
f 716/1289/620 714/1290/620 728/1291/620 726/1292/620 724/1293/620 722/1294/620 720/1295/620 718/1296/620
f 725/1288/619 726/1287/619 728/1297/621 727/1298/621
f 727/1298/621 728/1297/621 714/1299/613 713/1300/613
f 713/1301/622 715/1302/622 717/1303/622 719/1304/622 721/1305/622 723/1306/622 725/1307/622 727/1308/622
s 0
f 729/1333/619 730/1334/619 732/1335/619 731/1336/619
f 731/1337/617 732/1338/617 737/1339/617 738/1340/617
f 734/1341/617 733/1342/617 743/1343/617 744/1344/617
f 739/1345/613 740/1346/613 730/1347/613 729/1337/613
f 731/1348/620 738/1349/620 739/1350/620 729/1351/620
f 737/1352/622 732/1348/622 730/1353/622 740/1354/622
f 736/1355/615 735/1356/615 738/1357/615 737/1358/615
f 735/1356/615 733/1359/615 739/1360/615 738/1357/615
f 734/1361/615 736/1355/615 737/1358/615 740/1362/615
f 733/1359/615 734/1361/615 740/1362/615 739/1360/615
f 733/1363/622 735/1364/622 742/1365/622 743/1366/622
f 736/1367/620 734/1368/620 744/1369/620 741/1370/620
f 735/1342/613 736/1341/613 741/1371/613 742/1372/613
f 742/1373/615 741/1374/615 744/1375/615 743/1376/615
f 745/1333/619 746/1334/619 748/1335/619 747/1336/619
f 747/1337/617 748/1338/617 753/1339/617 754/1340/617
f 750/1341/617 749/1342/617 759/1343/617 760/1344/617
f 755/1345/613 756/1346/613 746/1347/613 745/1337/613
f 747/1348/620 754/1349/620 755/1350/620 745/1351/620
f 753/1352/622 748/1348/622 746/1353/622 756/1354/622
f 752/1355/615 751/1356/615 754/1357/615 753/1358/615
f 751/1356/615 749/1359/615 755/1360/615 754/1357/615
f 750/1361/615 752/1355/615 753/1358/615 756/1362/615
f 749/1359/615 750/1361/615 756/1362/615 755/1360/615
f 749/1363/622 751/1364/622 758/1365/622 759/1366/622
f 752/1367/620 750/1368/620 760/1369/620 757/1370/620
f 751/1342/613 752/1341/613 757/1371/613 758/1372/613
f 758/1373/615 757/1374/615 760/1375/615 759/1376/615
f 761/1333/619 762/1334/619 764/1335/619 763/1336/619
f 763/1337/617 764/1338/617 769/1339/617 770/1340/617
f 766/1341/617 765/1342/617 775/1343/617 776/1344/617
f 771/1345/613 772/1346/613 762/1347/613 761/1337/613
f 763/1348/620 770/1349/620 771/1350/620 761/1351/620
f 769/1352/622 764/1348/622 762/1353/622 772/1354/622
f 768/1355/615 767/1356/615 770/1357/615 769/1358/615
f 767/1356/615 765/1359/615 771/1360/615 770/1357/615
f 766/1361/615 768/1355/615 769/1358/615 772/1362/615
f 765/1359/615 766/1361/615 772/1362/615 771/1360/615
f 765/1363/622 767/1364/622 774/1365/622 775/1366/622
f 768/1367/620 766/1368/620 776/1369/620 773/1370/620
f 767/1342/613 768/1341/613 773/1371/613 774/1372/613
f 774/1373/615 773/1374/615 776/1375/615 775/1376/615
f 777/1333/619 778/1334/619 780/1335/619 779/1336/619
f 779/1337/617 780/1338/617 785/1339/617 786/1340/617
f 782/1341/617 781/1342/617 791/1343/617 792/1344/617
f 787/1345/613 788/1346/613 778/1347/613 777/1337/613
f 779/1348/620 786/1349/620 787/1350/620 777/1351/620
f 785/1352/622 780/1348/622 778/1353/622 788/1354/622
f 784/1355/615 783/1356/615 786/1357/615 785/1358/615
f 783/1356/615 781/1359/615 787/1360/615 786/1357/615
f 782/1361/615 784/1355/615 785/1358/615 788/1362/615
f 781/1359/615 782/1361/615 788/1362/615 787/1360/615
f 781/1363/622 783/1364/622 790/1365/622 791/1366/622
f 784/1367/620 782/1368/620 792/1369/620 789/1370/620
f 783/1342/613 784/1341/613 789/1371/613 790/1372/613
f 790/1373/615 789/1374/615 792/1375/615 791/1376/615
f 793/1333/619 794/1334/619 796/1335/619 795/1336/619
f 795/1337/617 796/1338/617 801/1339/617 802/1340/617
f 798/1341/617 797/1342/617 807/1343/617 808/1344/617
f 803/1345/613 804/1346/613 794/1347/613 793/1337/613
f 795/1348/620 802/1349/620 803/1350/620 793/1351/620
f 801/1352/622 796/1348/622 794/1353/622 804/1354/622
f 800/1355/615 799/1356/615 802/1357/615 801/1358/615
f 799/1356/615 797/1359/615 803/1360/615 802/1357/615
f 798/1361/615 800/1355/615 801/1358/615 804/1362/615
f 797/1359/615 798/1361/615 804/1362/615 803/1360/615
f 797/1363/622 799/1364/622 806/1365/622 807/1366/622
f 800/1367/620 798/1368/620 808/1369/620 805/1370/620
f 799/1342/613 800/1341/613 805/1371/613 806/1372/613
f 806/1373/615 805/1374/615 808/1375/615 807/1376/615
s 1
f 809/1273/613 810/1274/613 812/1275/614 811/1276/614
f 811/1276/614 812/1275/614 814/1277/615 813/1278/615
f 813/1279/615 814/1280/615 816/1281/616 815/1282/616
f 815/1278/616 816/1277/616 818/1283/617 817/1284/617
f 817/1284/617 818/1283/617 820/1280/618 819/1279/618
f 819/1285/618 820/1286/618 822/1287/619 821/1288/619
f 812/1289/620 810/1290/620 824/1291/620 822/1292/620 820/1293/620 818/1294/620 816/1295/620 814/1296/620
f 821/1288/619 822/1287/619 824/1297/621 823/1298/621
f 823/1298/621 824/1297/621 810/1299/613 809/1300/613
f 809/1301/622 811/1302/622 813/1303/622 815/1304/622 817/1305/622 819/1306/622 821/1307/622 823/1308/622
f 825/1273/613 826/1274/613 828/1275/614 827/1276/614
f 827/1276/614 828/1275/614 830/1277/615 829/1278/615
f 829/1279/615 830/1280/615 832/1281/616 831/1282/616
f 831/1278/616 832/1277/616 834/1283/617 833/1284/617
f 833/1284/617 834/1283/617 836/1280/618 835/1279/618
f 835/1285/618 836/1286/618 838/1287/619 837/1288/619
f 828/1289/620 826/1290/620 840/1291/620 838/1292/620 836/1293/620 834/1294/620 832/1295/620 830/1296/620
f 837/1288/619 838/1287/619 840/1297/621 839/1298/621
f 839/1298/621 840/1297/621 826/1299/613 825/1300/613
f 825/1301/622 827/1302/622 829/1303/622 831/1304/622 833/1305/622 835/1306/622 837/1307/622 839/1308/622
f 841/1273/613 842/1274/613 844/1275/614 843/1276/614
f 843/1276/614 844/1275/614 846/1277/615 845/1278/615
f 845/1279/615 846/1280/615 848/1281/616 847/1282/616
f 847/1278/616 848/1277/616 850/1283/617 849/1284/617
f 849/1284/617 850/1283/617 852/1280/618 851/1279/618
f 851/1285/618 852/1286/618 854/1287/619 853/1288/619
f 844/1289/620 842/1290/620 856/1291/620 854/1292/620 852/1293/620 850/1294/620 848/1295/620 846/1296/620
f 853/1288/619 854/1287/619 856/1297/621 855/1298/621
f 855/1298/621 856/1297/621 842/1299/613 841/1300/613
f 841/1301/622 843/1302/622 845/1303/622 847/1304/622 849/1305/622 851/1306/622 853/1307/622 855/1308/622
f 857/1273/613 858/1274/613 860/1275/614 859/1276/614
f 859/1276/614 860/1275/614 862/1277/615 861/1278/615
f 861/1279/615 862/1280/615 864/1281/616 863/1282/616
f 863/1278/616 864/1277/616 866/1283/617 865/1284/617
f 865/1284/617 866/1283/617 868/1280/618 867/1279/618
f 867/1285/618 868/1286/618 870/1287/619 869/1288/619
f 860/1289/620 858/1290/620 872/1291/620 870/1292/620 868/1293/620 866/1294/620 864/1295/620 862/1296/620
f 869/1288/619 870/1287/619 872/1297/621 871/1298/621
f 871/1298/621 872/1297/621 858/1299/613 857/1300/613
f 857/1301/622 859/1302/622 861/1303/622 863/1304/622 865/1305/622 867/1306/622 869/1307/622 871/1308/622
f 873/1273/613 874/1274/613 876/1275/614 875/1276/614
f 875/1276/614 876/1275/614 878/1277/615 877/1278/615
f 877/1279/615 878/1280/615 880/1281/616 879/1282/616
f 879/1278/616 880/1277/616 882/1283/617 881/1284/617
f 881/1284/617 882/1283/617 884/1280/618 883/1279/618
f 883/1285/618 884/1286/618 886/1287/619 885/1288/619
f 876/1289/620 874/1290/620 888/1291/620 886/1292/620 884/1293/620 882/1294/620 880/1295/620 878/1296/620
f 885/1288/619 886/1287/619 888/1297/621 887/1298/621
f 887/1298/621 888/1297/621 874/1299/613 873/1300/613
f 873/1301/622 875/1302/622 877/1303/622 879/1304/622 881/1305/622 883/1306/622 885/1307/622 887/1308/622
f 889/1273/613 890/1274/613 892/1275/614 891/1276/614
f 891/1276/614 892/1275/614 894/1277/615 893/1278/615
f 893/1279/615 894/1280/615 896/1281/616 895/1282/616
f 895/1278/616 896/1277/616 898/1283/617 897/1284/617
f 897/1284/617 898/1283/617 900/1280/618 899/1279/618
f 899/1285/618 900/1286/618 902/1287/619 901/1288/619
f 892/1289/620 890/1290/620 904/1291/620 902/1292/620 900/1293/620 898/1294/620 896/1295/620 894/1296/620
f 901/1288/619 902/1287/619 904/1297/621 903/1298/621
f 903/1298/621 904/1297/621 890/1299/613 889/1300/613
f 889/1301/622 891/1302/622 893/1303/622 895/1304/622 897/1305/622 899/1306/622 901/1307/622 903/1308/622
