# Blender 5.0.0
# www.blender.org
mtllib toilet.mtl
o toilet
v -0.000000 0.135702 -0.132882
v -0.000000 0.260991 -0.109515
v 0.122150 0.135702 -0.093962
v 0.100670 0.260991 -0.077439
v 0.172747 0.135702 0.000000
v 0.142369 0.260991 0.000000
v 0.122150 0.135702 0.093962
v 0.100670 0.260991 0.077439
v -0.000000 0.135702 0.132882
v -0.000000 0.260991 0.109515
v -0.122150 0.135702 0.093962
v -0.100670 0.260991 0.077439
v -0.172747 0.135702 0.000000
v -0.142369 0.260991 0.000000
v -0.122150 0.135702 -0.093962
v -0.100670 0.260991 -0.077439
v -0.000000 0.049975 -0.135745
v 0.124830 0.049975 -0.095971
v 0.176537 0.049975 0.000053
v 0.124830 0.049975 0.096076
v -0.000000 0.049975 0.135850
v -0.124830 0.049975 0.096076
v -0.176537 0.049975 0.000053
v -0.124830 0.049975 -0.095971
v -0.000000 0.079995 -0.140404
v -0.129065 0.079995 -0.099281
v 0.129065 0.079995 -0.099281
v 0.129065 0.079995 0.099281
v 0.182525 0.079995 0.000000
v -0.182525 0.079995 0.000000
v -0.129065 0.079995 0.099281
v -0.000000 0.079995 0.140404
v -0.000000 0.012851 -0.092082
v 0.084694 0.012851 -0.065096
v 0.119775 0.012851 0.000053
v 0.084694 0.012851 0.065202
v -0.000000 0.012851 0.092187
v -0.084694 0.012851 0.065202
v -0.119775 0.012851 0.000053
v -0.084694 0.012851 -0.065096
v -0.000000 0.028279 -0.120121
v -0.110614 0.028279 -0.084877
v -0.156431 0.028279 0.000211
v -0.110614 0.028279 0.085298
v -0.000000 0.028279 0.120542
v 0.110614 0.028279 0.085298
v 0.156431 0.028279 0.000211
v 0.110614 0.028279 -0.084877
v 0.000000 0.000635 -0.045301
v 0.041642 0.000635 -0.032033
v 0.058891 0.000635 -0.000000
v 0.041642 0.000635 0.032033
v -0.000000 0.000635 0.045301
v -0.041642 0.000635 0.032033
v -0.058891 0.000635 -0.000000
v -0.041642 0.000635 -0.032033
v -0.000000 0.317378 -0.116311
v 0.106918 0.317378 -0.082245
v 0.151205 0.317378 0.000000
v 0.106918 0.317378 0.082245
v -0.000000 0.317378 0.116311
v -0.106918 0.317378 0.082245
v -0.151205 0.317378 0.000000
v -0.106918 0.317378 -0.082245
v -0.000000 0.405529 -0.171471
v 0.157623 0.405529 -0.121249
v 0.222913 0.405529 0.000000
v 0.157623 0.405529 0.121249
v -0.000000 0.405529 0.171472
v -0.157623 0.405529 0.121249
v -0.222913 0.405529 0.000000
v -0.157623 0.405529 -0.121249
v 0.000000 0.536992 -0.226115
v 0.207853 0.536992 -0.159887
v 0.293949 0.536992 0.000000
v 0.207853 0.536992 0.159887
v -0.000000 0.536992 0.226115
v -0.207853 0.536992 0.159887
v -0.293949 0.536992 0.000000
v -0.207853 0.536992 -0.159887
v -0.270196 0.475483 0.000000
v -0.191057 0.475483 -0.146967
v -0.000000 0.475483 0.207843
v -0.191057 0.475483 0.146967
v 0.270196 0.475483 0.000000
v 0.191057 0.475483 0.146967
v -0.000000 0.475483 -0.207843
v 0.191057 0.475483 -0.146967
v -0.000000 0.558160 -0.171521
v 0.157669 0.558160 -0.121284
v 0.222977 0.558160 0.000000
v 0.157669 0.558160 0.121284
v -0.000000 0.558160 0.171521
v -0.157669 0.558160 0.121284
v -0.222978 0.558160 -0.000000
v -0.157669 0.558160 -0.121284
v 0.206817 0.589402 -0.159090
v -0.000000 0.589402 -0.224987
v 0.292483 0.589402 -0.000000
v 0.206817 0.589402 0.159090
v -0.000000 0.589402 0.224987
v -0.206817 0.589402 0.159090
v -0.292483 0.589402 0.000000
v -0.206817 0.589402 -0.159090
v 0.102724 0.381144 -0.079019
v -0.000000 0.381144 -0.111749
v 0.145274 0.381144 0.000000
v 0.102724 0.381144 0.079019
v -0.000000 0.381144 0.111749
v -0.102724 0.381144 0.079019
v -0.145274 0.381144 0.000000
v -0.102724 0.381144 -0.079019
v 0.080109 0.271095 -0.061622
v -0.000000 0.271095 -0.087147
v 0.113291 0.271095 -0.000000
v 0.080109 0.271095 0.061622
v -0.000000 0.271095 0.087147
v -0.080109 0.271095 0.061622
v -0.113291 0.271095 -0.000000
v -0.080109 0.271095 -0.061622
v 0.049067 0.092842 -0.037744
v 0.076202 0.142475 -0.058617
v 0.069372 0.100226 -0.053363
v -0.000000 0.142475 -0.082897
v -0.000000 0.092842 -0.053378
v -0.000000 0.100226 -0.075466
v 0.069391 0.092842 0.000000
v 0.107766 0.142475 -0.000000
v 0.098106 0.100226 0.000000
v 0.049067 0.092842 0.037744
v 0.076202 0.142475 0.058617
v 0.069372 0.100226 0.053363
v -0.000000 0.092842 0.053378
v -0.000000 0.142475 0.082897
v -0.000000 0.100226 0.075466
v -0.049067 0.092842 0.037744
v -0.076202 0.142475 0.058617
v -0.069372 0.100226 0.053363
v -0.069391 0.092842 0.000000
v -0.107766 0.142475 -0.000000
v -0.098106 0.100226 -0.000000
v -0.049067 0.092842 -0.037744
v -0.076202 0.142475 -0.058617
v -0.069372 0.100226 -0.053363
v 0.066031 0.135702 -0.122626
v 0.054420 0.260991 -0.101062
v -0.000000 0.199565 -0.120969
v 0.111200 0.199565 -0.085538
v 0.159413 0.135702 -0.050793
v 0.131381 0.260991 -0.041861
v 0.157260 0.199565 0.000000
v 0.159413 0.135702 0.050793
v 0.131381 0.260991 0.041861
v 0.111200 0.199565 0.085538
v 0.066031 0.135702 0.122626
v 0.054420 0.260991 0.101062
v -0.000000 0.199565 0.120969
v -0.066031 0.135702 0.122626
v -0.054420 0.260991 0.101062
v -0.111200 0.199565 0.085538
v -0.159413 0.135702 0.050793
v -0.131381 0.260991 0.041861
v -0.157260 0.199565 0.000000
v -0.159413 0.135702 -0.050793
v -0.131381 0.260991 -0.041861
v -0.111200 0.199565 -0.085538
v -0.066031 0.135702 -0.122626
v -0.054420 0.260991 -0.101062
v 0.067480 0.049975 -0.125263
v 0.162911 0.049975 -0.051855
v 0.162911 0.049975 0.051960
v 0.067480 0.049975 0.125369
v -0.067480 0.049975 0.125369
v -0.162911 0.049975 0.051960
v -0.162911 0.049975 -0.051855
v -0.067480 0.049975 -0.125263
v -0.000000 0.064353 -0.139363
v -0.127779 0.098771 -0.098292
v 0.128114 0.064353 -0.098543
v 0.128114 0.064353 0.098556
v 0.180707 0.098771 0.000000
v -0.181181 0.064353 0.000007
v -0.127779 0.098771 0.098292
v -0.000000 0.064353 0.139377
v -0.000000 0.098771 -0.139005
v -0.128114 0.064353 -0.098543
v 0.127779 0.098771 -0.098292
v 0.127779 0.098771 0.098292
v 0.181181 0.064353 0.000007
v -0.180707 0.098771 0.000000
v -0.128114 0.064353 0.098556
v -0.000000 0.098771 0.139006
v -0.069769 0.079995 0.129567
v 0.168437 0.079995 -0.053668
v -0.168437 0.079995 -0.053668
v 0.069769 0.079995 0.129567
v -0.168437 0.079995 0.053668
v 0.168437 0.079995 0.053668
v 0.069769 0.079995 -0.129567
v -0.069769 0.079995 -0.129567
v 0.045783 0.012851 -0.084971
v 0.110530 0.012851 -0.035165
v 0.110530 0.012851 0.035270
v 0.045783 0.012851 0.085076
v -0.045783 0.012851 0.085076
v -0.110530 0.012851 0.035270
v -0.110530 0.012851 -0.035165
v -0.045783 0.012851 -0.084971
v -0.000000 0.020309 -0.108935
v -0.118808 0.037981 -0.091239
v -0.141813 0.020309 0.000151
v -0.118808 0.037981 0.091542
v -0.000000 0.020309 0.109238
v 0.118808 0.037981 0.091542
v 0.141813 0.020309 0.000151
v 0.118808 0.037981 -0.091239
v -0.000000 0.037982 -0.129094
v -0.100277 0.020309 -0.076984
v -0.168019 0.037981 0.000151
v -0.100277 0.020309 0.077287
v -0.000000 0.037981 0.129397
v 0.100277 0.020309 0.077287
v 0.168019 0.037981 0.000151
v 0.100277 0.020309 -0.076984
v 0.059795 0.028279 -0.110833
v 0.144357 0.028279 0.046207
v -0.059795 0.028279 0.111255
v -0.144357 0.028279 -0.045785
v 0.144357 0.028279 -0.045785
v 0.059795 0.028279 0.111255
v -0.144357 0.028279 0.046207
v -0.059795 0.028279 -0.110833
v 0.018973 -0.000300 -0.035235
v 0.045806 -0.000300 -0.014595
v 0.045806 -0.000300 0.014595
v 0.018973 -0.000300 0.035235
v -0.018973 -0.000300 0.035235
v -0.045806 -0.000300 0.014595
v -0.045806 -0.000300 -0.014595
v -0.018973 -0.000300 -0.035235
v -0.000000 0.005367 -0.067676
v -0.062217 0.005367 -0.047852
v -0.087988 0.005367 0.000007
v -0.062217 0.005367 0.047866
v -0.000000 0.005367 0.067690
v 0.062217 0.005367 0.047866
v 0.087988 0.005367 0.000007
v 0.062217 0.005367 -0.047852
v 0.057797 0.317378 -0.107334
v 0.139534 0.317378 -0.044459
v 0.139534 0.317378 0.044459
v 0.057797 0.317378 0.107334
v -0.057797 0.317378 0.107334
v -0.139534 0.317378 0.044459
v -0.139534 0.317378 -0.044459
v -0.057797 0.317378 -0.107334
v -0.137927 0.293133 0.000000
v -0.097529 0.293133 -0.075022
v 0.097529 0.293133 -0.075022
v 0.137927 0.293133 0.000000
v -0.000000 0.293133 0.106098
v -0.097529 0.293133 0.075022
v -0.000000 0.293133 -0.106098
v 0.097529 0.293133 0.075022
v 0.085207 0.405529 -0.158237
v 0.205708 0.405529 -0.065544
v 0.205708 0.405529 0.065544
v 0.085207 0.405529 0.158237
v -0.085207 0.405529 0.158237
v -0.205708 0.405529 0.065544
v -0.205708 0.405529 -0.065544
v -0.085207 0.405529 -0.158237
v -0.000000 0.358369 0.141935
v -0.130472 0.358369 0.100363
v 0.184515 0.358369 0.000000
v 0.130472 0.358369 0.100363
v -0.000000 0.358369 -0.141935
v 0.130472 0.358369 -0.100363
v -0.130472 0.358369 -0.100363
v -0.184515 0.358369 0.000000
v 0.112360 0.536992 -0.208662
v 0.271261 0.536992 -0.086431
v 0.271261 0.536992 0.086431
v 0.112360 0.536992 0.208662
v -0.112360 0.536992 0.208662
v -0.271261 0.536992 0.086431
v -0.271261 0.536992 -0.086431
v -0.112360 0.536992 -0.208662
v -0.284129 0.506101 0.000000
v -0.177605 0.443809 -0.136620
v 0.000000 0.506101 0.218561
v -0.177605 0.443809 0.136620
v 0.284129 0.506101 0.000000
v 0.177605 0.443809 0.136620
v 0.000000 0.506101 -0.218561
v 0.177605 0.443809 -0.136620
v -0.251172 0.443809 0.000000
v -0.200910 0.506101 -0.154546
v -0.000000 0.443809 0.193209
v -0.200910 0.506101 0.154546
v 0.251172 0.443809 0.000000
v 0.200910 0.506101 0.154546
v 0.000000 0.443809 -0.193209
v 0.200910 0.506101 -0.154546
v 0.249341 0.475483 -0.079446
v 0.103280 0.475483 0.191801
v -0.249341 0.475483 0.079446
v -0.103280 0.475483 -0.191801
v 0.103280 0.475483 -0.191801
v 0.249341 0.475483 0.079446
v -0.103280 0.475483 0.191801
v -0.249341 0.475483 -0.079446
v 0.111800 0.589402 -0.207622
v 0.269908 0.589402 -0.086000
v 0.269908 0.589402 0.086000
v 0.111800 0.589402 0.207622
v -0.111800 0.589402 0.207622
v -0.269908 0.589402 0.086000
v -0.269908 0.589402 -0.086000
v -0.111800 0.589402 -0.207622
v -0.211180 0.567018 0.162446
v -0.298653 0.567018 -0.000000
v 0.211180 0.567018 0.162446
v 0.000000 0.567018 0.229733
v 0.211180 0.567018 -0.162446
v 0.298653 0.567018 -0.000000
v -0.211180 0.567018 -0.162446
v 0.000000 0.567018 -0.229733
v 0.085232 0.558160 -0.158282
v 0.205767 0.558160 -0.065563
v 0.205767 0.558160 0.065563
v 0.085232 0.558160 0.158282
v -0.085232 0.558160 0.158282
v -0.205767 0.558160 0.065563
v -0.205767 0.558160 -0.065563
v -0.085232 0.558160 -0.158282
v -0.000000 0.589402 -0.197575
v 0.181618 0.589402 -0.139706
v 0.256847 0.589402 -0.000000
v 0.181618 0.589402 0.139706
v 0.000000 0.589402 0.197575
v -0.181618 0.589402 0.139706
v -0.256847 0.589402 -0.000000
v -0.181618 0.589402 -0.139706
v 0.055530 0.381144 -0.103124
v 0.134061 0.381144 -0.042715
v 0.134061 0.381144 0.042715
v 0.055530 0.381144 0.103124
v -0.055530 0.381144 0.103124
v -0.134061 0.381144 0.042715
v -0.134061 0.381144 -0.042715
v -0.055530 0.381144 -0.103124
v 0.181863 0.473337 -0.000000
v 0.128597 0.473337 0.098921
v -0.000000 0.473337 -0.139895
v 0.128597 0.473337 -0.098921
v -0.128597 0.473337 -0.098921
v -0.128597 0.473337 0.098921
v -0.181863 0.473337 -0.000000
v -0.000000 0.473337 0.139895
v 0.043304 0.271095 -0.080420
v 0.104546 0.271095 -0.033311
v 0.104546 0.271095 0.033311
v 0.043304 0.271095 0.080420
v -0.043304 0.271095 0.080420
v -0.104546 0.271095 0.033311
v -0.104546 0.271095 -0.033311
v -0.043304 0.271095 -0.080420
v -0.123317 0.321300 -0.000000
v -0.087198 0.321300 -0.067076
v -0.000000 0.321300 0.094859
v -0.087198 0.321300 0.067076
v 0.123317 0.321300 -0.000000
v 0.087198 0.321300 0.067076
v -0.000000 0.321300 -0.094859
v 0.087198 0.321300 -0.067076
v 0.073751 0.110964 -0.056731
v 0.041193 0.142475 -0.076498
v -0.000000 0.110964 -0.080230
v 0.037500 0.100226 -0.069642
v 0.061816 0.095173 -0.047550
v -0.000000 0.095173 -0.067246
v 0.023149 0.092432 -0.042990
v 0.104299 0.110964 0.000000
v 0.099448 0.142475 -0.031687
v 0.090534 0.100226 -0.028846
v 0.087420 0.095173 0.000000
v 0.055887 0.092432 -0.017807
v 0.073751 0.110964 0.056731
v 0.099448 0.142475 0.031687
v 0.090534 0.100226 0.028846
v 0.061816 0.095173 0.047550
v 0.055887 0.092432 0.017807
v -0.000000 0.110964 0.080230
v 0.041193 0.142475 0.076498
v 0.037500 0.100226 0.069642
v -0.000000 0.095173 0.067246
v 0.023149 0.092432 0.042990
v -0.073751 0.110964 0.056731
v -0.041193 0.142475 0.076498
v -0.037500 0.100226 0.069642
v -0.061816 0.095173 0.047550
v -0.023149 0.092432 0.042990
v -0.104299 0.110964 0.000000
v -0.099448 0.142475 0.031687
v -0.090534 0.100226 0.028846
v -0.087420 0.095173 -0.000000
v -0.055887 0.092432 0.017807
v -0.073751 0.110964 -0.056731
v -0.099448 0.142475 -0.031687
v -0.090534 0.100226 -0.028846
v -0.061816 0.095173 -0.047550
v -0.055887 0.092432 -0.017807
v -0.041193 0.142475 -0.076498
v -0.037500 0.100226 -0.069642
v -0.023149 0.092432 -0.042990
v 0.077489 0.204230 -0.059607
v -0.000000 0.204230 -0.084297
v 0.109586 0.204230 0.000000
v -0.077489 0.204230 -0.059607
v 0.077489 0.204230 0.059607
v -0.000000 0.204230 0.084297
v -0.077489 0.204230 0.059607
v -0.109586 0.204230 0.000000
v 0.060112 0.199565 -0.111632
v 0.145122 0.199565 -0.046240
v 0.145122 0.199565 0.046240
v 0.060112 0.199565 0.111632
v -0.060112 0.199565 0.111632
v -0.145122 0.199565 0.046240
v -0.127281 0.293133 -0.040555
v -0.145122 0.199565 -0.046240
v -0.060112 0.199565 -0.111632
v -0.069255 0.064353 -0.128606
v -0.054207 0.020309 -0.100515
v 0.069255 0.064353 -0.128606
v 0.167197 0.064353 0.053280
v -0.167197 0.064353 0.053280
v 0.069255 0.064353 0.128619
v -0.167197 0.064353 -0.053267
v 0.167197 0.064353 -0.053267
v -0.069255 0.064353 0.128619
v -0.069074 0.098771 0.128276
v 0.166759 0.098771 -0.053134
v -0.166759 0.098771 -0.053134
v 0.069074 0.098771 0.128276
v -0.166759 0.098771 0.053134
v 0.166759 0.098771 0.053134
v 0.069074 0.098771 -0.128276
v -0.069074 0.098771 -0.128276
v -0.033333 0.005275 -0.061895
v -0.130867 0.020309 0.041849
v 0.054207 0.020309 0.100818
v 0.130867 0.020309 -0.041546
v -0.130867 0.020309 -0.041546
v -0.054207 0.020309 0.100818
v 0.130867 0.020309 0.041849
v 0.054207 0.020309 -0.100515
v 0.064224 0.037981 -0.119118
v 0.155051 0.037981 0.049555
v -0.064224 0.037981 0.119421
v -0.155051 0.037981 -0.049252
v 0.155051 0.037981 -0.049252
v 0.064224 0.037981 0.119421
v -0.155051 0.037981 0.049555
v -0.064224 0.037982 -0.119118
v 0.000000 -0.002682 -0.000000
v -0.080472 0.005275 0.025647
v 0.033333 0.005275 0.061908
v 0.080472 0.005275 -0.025634
v -0.080472 0.005275 -0.025634
v -0.033333 0.005275 0.061908
v 0.080472 0.005275 0.025647
v 0.033333 0.005275 -0.061895
v -0.070530 0.358369 0.130980
v 0.127281 0.293133 -0.040555
v -0.052722 0.293133 0.097909
v -0.052722 0.293133 -0.097909
v 0.052722 0.293133 -0.097909
v 0.127281 0.293133 0.040555
v -0.127281 0.293133 0.040555
v 0.052722 0.293133 0.097909
v -0.262199 0.506101 -0.083543
v 0.170273 0.358369 0.054253
v 0.070530 0.358369 -0.130980
v -0.070530 0.358369 -0.130980
v -0.170273 0.358369 0.054253
v 0.070530 0.358369 0.130980
v 0.170273 0.358369 -0.054253
v -0.170273 0.358369 -0.054253
v -0.275602 0.567019 0.087814
v -0.108606 0.506101 0.201691
v 0.262199 0.506101 0.083543
v 0.108606 0.506101 -0.201691
v -0.108606 0.506101 -0.201691
v -0.262199 0.506101 0.083543
v 0.108606 0.506101 0.201691
v 0.262199 0.506101 -0.083543
v 0.231785 0.443809 -0.073853
v 0.096009 0.443809 0.178296
v -0.231785 0.443809 0.073853
v -0.096009 0.443809 -0.178297
v 0.096009 0.443809 -0.178297
v 0.231785 0.443809 0.073853
v -0.096009 0.443809 0.178296
v -0.231785 0.443809 -0.073853
v 0.167826 0.473337 0.053474
v 0.114158 0.567019 0.212001
v 0.275602 0.567019 -0.087814
v -0.275602 0.567019 -0.087814
v -0.114158 0.567019 0.212001
v 0.275602 0.567019 0.087814
v 0.114158 0.567019 -0.212001
v -0.114158 0.567019 -0.212001
v 0.098178 0.589402 -0.182325
v 0.237022 0.589402 -0.075521
v 0.237022 0.589402 0.075521
v 0.098178 0.589402 0.182325
v -0.098178 0.589402 0.182325
v -0.237022 0.589402 0.075521
v -0.237022 0.589402 -0.075521
v -0.098178 0.589402 -0.182325
v -0.113799 0.321300 -0.036259
v 0.069516 0.473337 -0.129097
v -0.069516 0.473337 -0.129097
v -0.167826 0.473337 0.053474
v 0.069516 0.473337 0.129097
v 0.167826 0.473337 -0.053474
v -0.167826 0.473337 -0.053474
v -0.069516 0.473337 0.129097
v -0.047137 0.321300 0.087537
v 0.113799 0.321300 0.036259
v 0.047137 0.321300 -0.087537
v -0.047137 0.321300 -0.087537
v -0.113799 0.321300 0.036259
v 0.047137 0.321300 0.087537
v 0.113799 0.321300 -0.036259
v 0.039868 0.110964 -0.074038
v 0.033175 0.095132 -0.061609
v 0.096249 0.110964 -0.030667
v 0.080092 0.095132 -0.025519
v 0.096249 0.110964 0.030667
v 0.080092 0.095132 0.025519
v 0.039868 0.110964 0.074038
v 0.033175 0.095132 0.061609
v -0.039868 0.110964 0.074038
v -0.033175 0.095132 0.061609
v -0.096249 0.110964 0.030667
v -0.080092 0.095132 0.025519
v -0.096249 0.110964 -0.030667
v -0.080092 0.095132 -0.025519
v -0.039868 0.110964 -0.074038
v -0.033175 0.095132 -0.061609
v 0.041888 0.204230 -0.077790
v -0.000000 0.091386 -0.000000
v 0.101127 0.204230 -0.032222
v -0.041888 0.204230 -0.077790
v 0.101127 0.204230 0.032222
v 0.041888 0.204230 0.077790
v -0.041888 0.204230 0.077790
v -0.101127 0.204230 0.032222
v -0.101127 0.204230 -0.032222
v -0.302483 0.579402 0.042382
v -0.302483 0.586902 0.049882
v -0.302483 0.580407 0.046132
v -0.302483 0.583152 0.048877
v -0.302483 0.591902 0.049882
v -0.302483 0.599402 0.042382
v -0.302483 0.595652 0.048877
v -0.302483 0.598397 0.046132
v -0.302483 0.586902 -0.049882
v -0.302483 0.579402 -0.042382
v -0.302483 0.583152 -0.048877
v -0.302483 0.580407 -0.046132
v -0.302483 0.599402 -0.042382
v -0.302483 0.591902 -0.049882
v -0.302483 0.598397 -0.046132
v -0.302483 0.595652 -0.048877
v -0.282483 0.586902 0.049882
v -0.282483 0.579402 0.042382
v -0.282483 0.583152 0.048877
v -0.282483 0.580407 0.046132
v -0.282483 0.599402 0.042382
v -0.282483 0.591902 0.049882
v -0.282483 0.598397 0.046132
v -0.282483 0.595652 0.048877
v -0.282483 0.579402 -0.042382
v -0.282483 0.586902 -0.049882
v -0.282483 0.580407 -0.046132
v -0.282483 0.583152 -0.048877
v -0.282483 0.591902 -0.049882
v -0.282483 0.599402 -0.042382
v -0.282483 0.595652 -0.048877
v -0.282483 0.598397 -0.046132
v -0.409078 0.782492 0.199425
v -0.401578 0.782492 0.206966
v -0.406881 0.782492 0.204758
v -0.401578 0.782492 -0.206966
v -0.409078 0.782492 -0.199425
v -0.406881 0.782492 -0.204758
v -0.302483 0.782492 -0.199425
v -0.309983 0.782492 -0.206966
v -0.304680 0.782492 -0.204758
v -0.309983 0.782492 0.206966
v -0.302483 0.782492 0.199425
v -0.304680 0.782492 0.204758
v -0.401578 0.675925 -0.195928
v -0.409078 0.675925 -0.188386
v -0.406881 0.675925 -0.193719
v -0.302483 0.675925 -0.188386
v -0.309983 0.675925 -0.195928
v -0.304680 0.675925 -0.193719
v -0.309983 0.675925 0.195928
v -0.302483 0.675925 0.188386
v -0.304680 0.675925 0.193719
v -0.409078 0.675925 0.188386
v -0.401578 0.675925 0.195928
v -0.406881 0.675925 0.193719
v -0.409078 0.568879 0.093943
v -0.401578 0.561379 0.094520
v -0.406881 0.563575 0.094351
v -0.409078 0.620682 0.181543
v -0.401578 0.617839 0.188733
v -0.406881 0.618671 0.186627
v -0.409078 0.572936 0.120123
v -0.401578 0.565676 0.122252
v -0.406881 0.567803 0.121629
v -0.409078 0.584394 0.146002
v -0.401578 0.577915 0.149895
v -0.406881 0.579813 0.148755
v -0.409078 0.601472 0.167768
v -0.401578 0.596232 0.173240
v -0.406881 0.597767 0.171637
v -0.409078 0.620682 -0.181543
v -0.401578 0.617839 -0.188733
v -0.406881 0.618671 -0.186627
v -0.409078 0.568879 -0.093943
v -0.401578 0.561379 -0.094520
v -0.406881 0.563575 -0.094351
v -0.409078 0.601472 -0.167768
v -0.401578 0.596232 -0.173240
v -0.406881 0.597767 -0.171637
v -0.409078 0.584394 -0.146002
v -0.401578 0.577915 -0.149895
v -0.406881 0.579813 -0.148755
v -0.409078 0.572936 -0.120123
v -0.401578 0.565676 -0.122252
v -0.406881 0.567803 -0.121629
v -0.302483 0.620682 0.181543
v -0.309983 0.617839 0.188733
v -0.304680 0.618671 0.186627
v -0.302483 0.568879 0.093943
v -0.309983 0.561379 0.094520
v -0.304680 0.563575 0.094351
v -0.302483 0.601472 0.167768
v -0.309983 0.596232 0.173240
v -0.304680 0.597767 0.171637
v -0.302483 0.584394 0.146002
v -0.309983 0.577915 0.149895
v -0.304680 0.579813 0.148755
v -0.302483 0.572936 0.120123
v -0.309983 0.565676 0.122252
v -0.304680 0.567803 0.121629
v -0.302483 0.568879 -0.093943
v -0.309983 0.561379 -0.094520
v -0.304680 0.563575 -0.094351
v -0.302483 0.620682 -0.181543
v -0.309983 0.617839 -0.188733
v -0.304680 0.618671 -0.186627
v -0.302483 0.572936 -0.120123
v -0.309983 0.565676 -0.122252
v -0.304680 0.567803 -0.121629
v -0.302483 0.584394 -0.146002
v -0.309983 0.577915 -0.149895
v -0.304680 0.579813 -0.148755
v -0.302483 0.601472 -0.167768
v -0.309983 0.596232 -0.173240
v -0.304680 0.597767 -0.171637
v -0.405078 0.993222 0.216405
v -0.409078 0.989229 0.216860
v -0.407906 0.992053 0.216866
v -0.400778 0.993222 0.220737
v -0.401578 0.989230 0.224400
v -0.401344 0.992053 0.223467
v -0.403814 0.993222 0.219473
v -0.406881 0.989229 0.222192
v -0.405983 0.992053 0.221535
v -0.400778 0.993222 -0.220737
v -0.401578 0.989230 -0.224400
v -0.401344 0.992053 -0.223467
v -0.405078 0.993222 -0.216405
v -0.409078 0.989229 -0.216860
v -0.407906 0.992053 -0.216866
v -0.403814 0.993222 -0.219473
v -0.406881 0.989229 -0.222192
v -0.405983 0.992053 -0.221535
v -0.310783 0.993222 0.220737
v -0.309983 0.989230 0.224400
v -0.310218 0.992053 0.223467
v -0.306484 0.993222 0.216405
v -0.302483 0.989229 0.216860
v -0.303655 0.992053 0.216866
v -0.307747 0.993222 0.219473
v -0.304680 0.989229 0.222192
v -0.305579 0.992053 0.221535
v -0.306484 0.993222 -0.216405
v -0.302483 0.989229 -0.216860
v -0.303655 0.992053 -0.216866
v -0.310783 0.993222 -0.220737
v -0.309983 0.989230 -0.224400
v -0.310218 0.992053 -0.223467
v -0.307747 0.993222 -0.219473
v -0.304680 0.989229 -0.222192
v -0.305579 0.992053 -0.221535
v -0.409078 0.997216 -0.216860
v -0.407906 0.994392 -0.216866
v -0.401578 0.997215 -0.224400
v -0.401344 0.994392 -0.223467
v -0.406881 0.997215 -0.222192
v -0.405983 0.994392 -0.221535
v -0.401578 0.997215 0.224400
v -0.401344 0.994392 0.223467
v -0.409078 0.997216 0.216860
v -0.407906 0.994392 0.216866
v -0.406881 0.997215 0.222192
v -0.405983 0.994392 0.221535
v -0.309983 0.997215 -0.224400
v -0.310218 0.994392 -0.223467
v -0.302483 0.997216 -0.216860
v -0.303655 0.994392 -0.216866
v -0.304680 0.997215 -0.222192
v -0.305579 0.994392 -0.221535
v -0.302483 0.997216 0.216860
v -0.303655 0.994392 0.216866
v -0.309983 0.997215 0.224400
v -0.310218 0.994392 0.223467
v -0.304680 0.997215 0.222192
v -0.305579 0.994392 0.221535
v -0.409078 1.009716 -0.216860
v -0.406578 1.012215 -0.216365
v -0.408346 1.011483 -0.216715
v -0.401078 1.012215 -0.221900
v -0.401578 1.009715 -0.224400
v -0.401432 1.011483 -0.223668
v -0.406881 1.009715 -0.222192
v -0.404964 1.012215 -0.220282
v -0.406320 1.011483 -0.221633
v -0.401578 1.009715 0.224400
v -0.401078 1.012215 0.221900
v -0.401432 1.011483 0.223668
v -0.406578 1.012215 0.216365
v -0.409078 1.009716 0.216860
v -0.408346 1.011483 0.216715
v -0.404964 1.012215 0.220282
v -0.406881 1.009715 0.222192
v -0.406320 1.011483 0.221633
v -0.309983 1.009715 -0.224400
v -0.310483 1.012215 -0.221900
v -0.310130 1.011483 -0.223668
v -0.304983 1.012215 -0.216365
v -0.302483 1.009716 -0.216860
v -0.303216 1.011483 -0.216715
v -0.306597 1.012215 -0.220282
v -0.304680 1.009715 -0.222192
v -0.305242 1.011483 -0.221633
v -0.302483 1.009716 0.216860
v -0.304983 1.012215 0.216365
v -0.303216 1.011483 0.216715
v -0.310483 1.012215 0.221900
v -0.309983 1.009715 0.224400
v -0.310130 1.011483 0.223668
v -0.306597 1.012215 0.220282
v -0.304680 1.009715 0.222192
v -0.305242 1.011483 0.221633
vn -0.0000 0.1733 -0.9849
vn -0.0000 0.1833 -0.9830
vn 0.3024 0.1888 -0.9343
vn 0.3032 0.1785 -0.9361
vn -0.0000 0.1452 -0.9894
vn 0.3038 0.1496 -0.9409
vn 0.6080 0.1628 -0.7771
vn 0.6040 0.2051 -0.7701
vn 0.6057 0.1939 -0.7717
vn 0.8620 0.2252 -0.4541
vn 0.8646 0.2130 -0.4551
vn 0.8699 0.1793 -0.4594
vn 0.9822 0.1880 -0.0000
vn 0.9718 0.2356 -0.0000
vn 0.9749 0.2228 -0.0000
vn 0.8620 0.2252 0.4541
vn 0.8646 0.2130 0.4551
vn 0.8699 0.1793 0.4594
vn 0.6080 0.1628 0.7771
vn 0.6040 0.2051 0.7701
vn 0.6057 0.1939 0.7717
vn 0.3024 0.1888 0.9343
vn 0.3032 0.1785 0.9361
vn 0.3038 0.1496 0.9409
vn -0.0000 0.1452 0.9894
vn -0.0000 0.1833 0.9830
vn -0.0000 0.1733 0.9849
vn -0.3024 0.1888 0.9343
vn -0.3032 0.1785 0.9361
vn -0.3038 0.1496 0.9409
vn -0.6080 0.1628 0.7771
vn -0.6040 0.2051 0.7701
vn -0.6057 0.1939 0.7717
vn -0.8620 0.2252 0.4541
vn -0.8646 0.2130 0.4551
vn -0.8699 0.1793 0.4594
vn -0.9822 0.1880 -0.0000
vn -0.9718 0.2356 -0.0000
vn -0.9749 0.2228 -0.0000
vn -0.6080 0.1628 -0.7771
vn -0.8699 0.1793 -0.4594
vn -0.8665 -0.1817 -0.4650
vn -0.6019 -0.1659 -0.7811
vn -0.9817 -0.1906 -0.0000
vn -0.8253 -0.5647 -0.0000
vn -0.7403 -0.5453 -0.3932
vn -0.5294 -0.5071 -0.6801
vn -0.8620 0.2252 -0.4541
vn -0.8646 0.2130 -0.4551
vn -0.6040 0.2051 -0.7701
vn -0.6057 0.1939 -0.7717
vn -0.3024 0.1888 -0.9343
vn -0.3032 0.1785 -0.9361
vn -0.3038 0.1496 -0.9409
vn -0.6193 0.0045 -0.7851
vn -0.3093 0.0041 -0.9510
vn -0.3055 -0.1590 -0.9388
vn -0.6102 -0.1718 -0.7734
vn -0.0000 0.0039 -1.0000
vn -0.0000 -0.1545 -0.9880
vn -0.0000 -0.3634 -0.9317
vn -0.2870 -0.3723 -0.8826
vn -0.5677 -0.3974 -0.7209
vn -0.3831 -0.7801 -0.4946
vn -0.2002 -0.7552 -0.6242
vn -0.1489 -0.8708 -0.4686
vn -0.2814 -0.8866 -0.3670
vn -0.0000 -0.7457 -0.6663
vn -0.0000 -0.8646 -0.5024
vn -0.0000 -0.9353 -0.3538
vn -0.1041 -0.9385 -0.3291
vn -0.1950 -0.9470 -0.2551
vn 0.3093 0.0041 -0.9510
vn 0.3055 -0.1590 -0.9388
vn 0.6193 0.0045 -0.7851
vn 0.6102 -0.1718 -0.7734
vn 0.5677 -0.3974 -0.7209
vn 0.2870 -0.3723 -0.8826
vn 1.0000 0.0053 -0.0000
vn 0.8860 0.0052 0.4637
vn 0.8707 -0.1857 0.4555
vn 0.9809 -0.1943 -0.0002
vn 0.6193 0.0048 0.7851
vn 0.6106 -0.1693 0.7736
vn 0.5696 -0.3912 0.7229
vn 0.8025 -0.4228 0.4211
vn 0.8986 -0.4388 -0.0001
vn -0.6193 0.0048 0.7851
vn -0.8860 0.0052 0.4637
vn -0.8707 -0.1857 0.4555
vn -0.6106 -0.1693 0.7736
vn -1.0000 0.0053 -0.0000
vn -0.9809 -0.1943 -0.0002
vn -0.8986 -0.4388 -0.0001
vn -0.8025 -0.4228 0.4211
vn -0.5696 -0.3912 0.7229
vn 0.3093 0.0045 0.9509
vn 0.3057 -0.1558 0.9393
vn -0.0000 0.0043 1.0000
vn -0.0000 -0.1512 0.9885
vn -0.0000 -0.3548 0.9349
vn 0.2880 -0.3644 0.8856
vn -0.8859 0.0050 -0.4638
vn -0.8703 -0.1872 -0.4556
vn -0.8009 -0.4262 -0.4206
vn 0.8859 0.0050 -0.4638
vn 0.8703 -0.1872 -0.4556
vn 0.8009 -0.4262 -0.4206
vn -0.3093 0.0045 0.9509
vn -0.3057 -0.1558 0.9393
vn -0.2880 -0.3644 0.8856
vn -0.3065 0.1221 0.9440
vn -0.0000 0.1185 0.9930
vn -0.6130 0.1328 0.7788
vn 0.8760 0.1458 -0.4597
vn 0.6130 0.1328 -0.7788
vn 0.9883 0.1524 -0.0000
vn -0.8760 0.1458 -0.4597
vn -0.9883 0.1524 -0.0000
vn -0.6130 0.1328 -0.7788
vn 0.3065 0.1221 0.9440
vn 0.6130 0.1328 0.7788
vn -0.8760 0.1458 0.4597
vn 0.8760 0.1458 0.4597
vn 0.3065 0.1221 -0.9440
vn -0.0000 0.1185 -0.9930
vn -0.3065 0.1221 -0.9440
vn -0.0726 -0.9700 -0.2319
vn -0.1364 -0.9745 -0.1780
vn -0.0000 -0.9687 -0.2484
vn -0.0000 -0.9882 -0.1529
vn -0.0373 -0.9925 -0.1167
vn -0.0842 -0.9900 -0.1134
vn -0.3832 -0.7794 0.4957
vn -0.5210 -0.8065 0.2794
vn -0.3762 -0.9040 0.2032
vn -0.2798 -0.8881 0.3648
vn -0.5739 -0.8189 0.0004
vn -0.4128 -0.9108 -0.0001
vn -0.2817 -0.9595 -0.0001
vn -0.2581 -0.9559 0.1399
vn -0.1940 -0.9477 0.2535
vn 0.3832 -0.7794 0.4957
vn 0.2002 -0.7543 0.6252
vn 0.1478 -0.8728 0.4651
vn 0.2798 -0.8880 0.3648
vn -0.0000 -0.7449 0.6672
vn -0.0000 -0.8669 0.4984
vn -0.0000 -0.9363 0.3512
vn 0.1035 -0.9394 0.3267
vn 0.1940 -0.9477 0.2535
vn 0.3831 -0.7801 -0.4946
vn 0.5207 -0.8070 -0.2785
vn 0.3774 -0.9033 -0.2040
vn 0.2814 -0.8866 -0.3670
vn 0.5739 -0.8189 0.0004
vn 0.4128 -0.9108 -0.0001
vn 0.2817 -0.9595 -0.0001
vn 0.2589 -0.9556 -0.1405
vn 0.1950 -0.9470 -0.2551
vn -0.5207 -0.8070 -0.2785
vn -0.3774 -0.9033 -0.2040
vn -0.2589 -0.9556 -0.1405
vn -0.2002 -0.7543 0.6252
vn -0.1478 -0.8728 0.4651
vn -0.1035 -0.9394 0.3267
vn 0.5210 -0.8065 0.2794
vn 0.3762 -0.9040 0.2032
vn 0.2581 -0.9559 0.1399
vn 0.2002 -0.7552 -0.6242
vn 0.1489 -0.8708 -0.4686
vn 0.1041 -0.9385 -0.3291
vn 0.2479 -0.5916 -0.7672
vn -0.0000 -0.5807 -0.8141
vn 0.4825 -0.6211 -0.6175
vn 0.6705 -0.6509 0.3560
vn 0.7439 -0.6683 0.0004
vn 0.4850 -0.6155 0.6213
vn -0.2494 -0.5842 0.7723
vn -0.0000 -0.5727 0.8197
vn -0.4850 -0.6155 0.6213
vn -0.6685 -0.6540 -0.3542
vn -0.7439 -0.6683 0.0004
vn -0.4825 -0.6211 -0.6176
vn 0.6685 -0.6540 -0.3542
vn 0.2494 -0.5842 0.7723
vn -0.6705 -0.6509 0.3560
vn -0.2479 -0.5916 -0.7672
vn 0.0373 -0.9925 -0.1167
vn -0.0000 -1.0000 -0.0000
vn 0.0842 -0.9900 -0.1134
vn 0.0879 -0.9950 -0.0472
vn 0.1256 -0.9921 -0.0000
vn 0.0879 -0.9950 0.0472
vn 0.0842 -0.9900 0.1134
vn 0.0373 -0.9925 0.1166
vn -0.0000 -0.9882 0.1529
vn -0.0373 -0.9925 0.1166
vn -0.0842 -0.9900 0.1134
vn -0.0879 -0.9950 0.0472
vn -0.1256 -0.9921 -0.0000
vn -0.0879 -0.9950 -0.0472
vn -0.1803 -0.9786 0.0987
vn -0.1362 -0.9746 0.1777
vn -0.1962 -0.9806 -0.0000
vn 0.0725 -0.9701 0.2314
vn 0.1362 -0.9746 0.1777
vn -0.0000 -0.9688 0.2478
vn 0.1805 -0.9786 -0.0989
vn 0.1364 -0.9745 -0.1780
vn 0.1962 -0.9806 -0.0000
vn -0.1805 -0.9786 -0.0989
vn -0.0725 -0.9701 0.2314
vn 0.1803 -0.9786 0.0987
vn 0.0726 -0.9700 -0.2319
vn -0.5294 -0.5071 0.6801
vn -0.2695 -0.4748 0.8378
vn -0.2578 -0.5420 0.7998
vn -0.5032 -0.5749 0.6452
vn -0.0000 -0.4638 0.8859
vn -0.0000 -0.5304 0.8477
vn -0.0000 -0.5115 0.8593
vn -0.2617 -0.5230 0.8112
vn -0.5117 -0.5554 0.6555
vn 0.8665 -0.1817 -0.4650
vn 0.9817 -0.1906 -0.0000
vn 0.6019 -0.1659 -0.7811
vn 0.5294 -0.5071 -0.6801
vn 0.7403 -0.5453 -0.3932
vn 0.8253 -0.5647 -0.0000
vn -0.2999 -0.1534 0.9416
vn -0.6019 -0.1659 0.7811
vn -0.0000 -0.1495 0.9888
vn -0.2999 -0.1534 -0.9416
vn -0.0000 -0.1495 -0.9888
vn -0.2695 -0.4748 -0.8378
vn -0.0000 -0.4638 -0.8859
vn 0.2999 -0.1534 -0.9416
vn 0.2695 -0.4748 -0.8378
vn 0.8665 -0.1817 0.4650
vn 0.6019 -0.1659 0.7811
vn 0.7403 -0.5453 0.3932
vn 0.5294 -0.5071 0.6801
vn -0.8665 -0.1817 0.4650
vn -0.7403 -0.5453 0.3932
vn 0.2999 -0.1534 0.9416
vn 0.2695 -0.4748 0.8378
vn -0.5624 -0.4117 -0.7171
vn -0.7921 -0.4451 -0.4177
vn -0.8316 -0.3421 -0.4375
vn -0.5865 -0.3142 -0.7465
vn -0.8871 -0.4615 -0.0000
vn -0.9345 -0.3560 -0.0000
vn -0.9739 -0.2268 -0.0000
vn -0.8644 -0.2174 -0.4534
vn -0.6063 -0.1986 -0.7700
vn 0.6981 -0.6127 0.3705
vn 0.5032 -0.5749 0.6452
vn 0.7757 -0.6311 -0.0000
vn 0.7917 -0.6110 -0.0000
vn 0.7115 -0.5928 0.3772
vn 0.5117 -0.5554 0.6555
vn 0.2578 -0.5420 -0.7998
vn 0.5032 -0.5749 -0.6452
vn -0.0000 -0.5304 -0.8477
vn -0.0000 -0.5115 -0.8593
vn 0.2617 -0.5230 -0.8112
vn 0.5117 -0.5554 -0.6555
vn -0.2578 -0.5420 -0.7998
vn -0.5032 -0.5749 -0.6452
vn -0.5117 -0.5554 -0.6555
vn -0.2617 -0.5230 -0.8112
vn -0.6981 -0.6127 0.3705
vn -0.7757 -0.6311 -0.0000
vn -0.7115 -0.5928 0.3772
vn -0.7917 -0.6110 -0.0000
vn 0.2578 -0.5420 0.7998
vn 0.2617 -0.5230 0.8112
vn 0.6981 -0.6127 -0.3705
vn 0.7115 -0.5928 -0.3772
vn -0.6981 -0.6127 -0.3705
vn -0.7115 -0.5928 -0.3772
vn -0.8644 -0.2174 0.4534
vn -0.8860 0.0529 0.4607
vn -0.9985 0.0549 -0.0000
vn -0.6063 -0.1986 0.7700
vn -0.6210 0.0487 0.7823
vn -0.5949 0.2314 0.7698
vn -0.8528 0.2539 0.4563
vn -0.9640 0.2657 -0.0000
vn -0.5624 -0.4117 0.7171
vn -0.2845 -0.3835 0.8786
vn -0.2951 -0.2910 0.9101
vn -0.5865 -0.3142 0.7465
vn -0.0000 -0.3737 0.9275
vn -0.0000 -0.2830 0.9591
vn -0.0000 -0.1779 0.9841
vn -0.3037 -0.1832 0.9350
vn 0.5624 -0.4117 0.7171
vn 0.7921 -0.4451 0.4177
vn 0.8316 -0.3421 0.4375
vn 0.5865 -0.3142 0.7465
vn 0.8871 -0.4615 -0.0000
vn 0.9345 -0.3560 -0.0000
vn 0.9739 -0.2268 -0.0000
vn 0.8644 -0.2174 0.4534
vn 0.6063 -0.1986 0.7700
vn 0.5624 -0.4117 -0.7171
vn 0.2845 -0.3835 -0.8786
vn 0.2951 -0.2910 -0.9101
vn 0.5865 -0.3142 -0.7465
vn -0.0000 -0.3737 -0.9275
vn -0.0000 -0.2830 -0.9591
vn -0.0000 -0.1779 -0.9841
vn 0.3037 -0.1832 -0.9350
vn 0.6063 -0.1986 -0.7700
vn -0.2845 -0.3835 -0.8786
vn -0.2951 -0.2910 -0.9101
vn -0.3037 -0.1832 -0.9350
vn -0.7921 -0.4451 0.4177
vn -0.8316 -0.3421 0.4375
vn 0.2845 -0.3835 0.8786
vn 0.2951 -0.2910 0.9101
vn 0.3037 -0.1832 0.9350
vn 0.7921 -0.4451 -0.4177
vn 0.8316 -0.3421 -0.4375
vn 0.8644 -0.2174 -0.4534
vn 0.7475 -0.5338 -0.3953
vn 0.8342 -0.5515 -0.0000
vn 0.5345 -0.4975 -0.6832
vn 0.2721 -0.4663 0.8417
vn -0.0000 -0.4554 0.8903
vn 0.5345 -0.4975 0.6832
vn -0.7475 -0.5338 0.3953
vn -0.8342 -0.5515 -0.0000
vn -0.5345 -0.4975 0.6832
vn -0.2721 -0.4663 -0.8417
vn -0.0000 -0.4554 -0.8903
vn -0.5345 -0.4975 -0.6832
vn 0.2721 -0.4663 -0.8417
vn 0.7475 -0.5338 0.3953
vn -0.2721 -0.4663 0.8417
vn -0.7475 -0.5338 -0.3953
vn -0.5108 0.5529 -0.6583
vn -0.7118 0.5912 -0.3792
vn -0.8145 0.3887 -0.4308
vn -0.5753 0.3568 -0.7360
vn -0.7917 0.6109 -0.0000
vn -0.9143 0.4050 -0.0000
vn -0.9339 0.3574 -0.0000
vn -0.8308 0.3426 -0.4386
vn -0.5853 0.3138 -0.7476
vn 0.3106 0.0451 0.9495
vn -0.0000 0.0438 0.9990
vn 0.6210 0.0487 0.7823
vn 0.5949 0.2314 0.7698
vn 0.2972 0.2134 0.9307
vn -0.0000 0.2074 0.9783
vn 0.8860 0.0529 -0.4607
vn 0.9985 0.0549 -0.0000
vn 0.6210 0.0487 -0.7823
vn 0.5949 0.2314 -0.7698
vn 0.8528 0.2539 -0.4563
vn 0.9640 0.2657 -0.0000
vn -0.8860 0.0529 -0.4607
vn -0.6210 0.0487 -0.7823
vn -0.8528 0.2539 -0.4563
vn -0.5949 0.2314 -0.7698
vn -0.3106 0.0451 0.9495
vn -0.2972 0.2134 0.9307
vn 0.8860 0.0529 0.4607
vn 0.8528 0.2539 0.4563
vn 0.3106 0.0451 -0.9495
vn -0.0000 0.0438 -0.9990
vn -0.0000 0.2074 -0.9783
vn 0.2972 0.2134 -0.9307
vn -0.3106 0.0451 -0.9495
vn -0.2972 0.2134 -0.9307
vn -0.0000 0.5093 0.8606
vn -0.2607 0.5203 0.8133
vn -0.1212 0.9247 0.3609
vn -0.0000 0.6404 0.7680
vn -0.5108 0.5529 0.6583
vn -0.2237 0.9353 0.2743
vn -0.0000 1.0000 -0.0000
vn -0.7118 0.5912 0.3792
vn -0.2908 0.9454 0.1472
vn -0.3103 0.9506 -0.0000
vn -0.2908 0.9454 -0.1472
vn -0.2237 0.9353 -0.2743
vn -0.2607 0.5203 -0.8133
vn -0.1212 0.9247 -0.3609
vn -0.0000 0.5093 -0.8606
vn -0.0000 0.6404 -0.7680
vn 0.2607 0.5203 -0.8133
vn 0.1212 0.9247 -0.3609
vn 0.5108 0.5529 -0.6583
vn 0.2237 0.9353 -0.2743
vn 0.7118 0.5912 -0.3792
vn 0.2908 0.9454 -0.1472
vn 0.7917 0.6109 -0.0000
vn 0.3103 0.9506 -0.0000
vn 0.7118 0.5912 0.3792
vn 0.2908 0.9454 0.1472
vn 0.5108 0.5529 0.6583
vn 0.2237 0.9353 0.2743
vn 0.2607 0.5203 0.8133
vn 0.1212 0.9247 0.3609
vn 0.5853 0.3138 0.7476
vn 0.8308 0.3426 0.4386
vn 0.8530 0.2619 0.4514
vn 0.5977 0.2384 0.7654
vn 0.9339 0.3574 -0.0000
vn 0.9617 0.2743 -0.0000
vn 0.9919 0.1273 -0.0000
vn 0.8776 0.1213 0.4639
vn 0.6121 0.1099 0.7831
vn -0.2899 0.3306 0.8982
vn -0.5753 0.3568 0.7360
vn -0.0000 0.3217 0.9468
vn -0.0000 0.2821 0.9594
vn -0.2943 0.2901 0.9106
vn -0.5853 0.3138 0.7476
vn 0.2899 0.3306 0.8982
vn 0.5753 0.3568 0.7360
vn 0.2943 0.2901 0.9106
vn 0.8145 0.3887 -0.4308
vn 0.9143 0.4050 -0.0000
vn 0.5753 0.3568 -0.7360
vn 0.5853 0.3138 -0.7476
vn 0.8308 0.3426 -0.4386
vn -0.2899 0.3306 -0.8982
vn -0.0000 0.3217 -0.9468
vn -0.2943 0.2901 -0.9106
vn -0.0000 0.2821 -0.9594
vn -0.8145 0.3887 0.4308
vn -0.8308 0.3426 0.4386
vn 0.8145 0.3887 0.4308
vn 0.2899 0.3306 -0.8982
vn 0.2943 0.2901 -0.9106
vn 0.2993 0.2196 -0.9285
vn 0.5977 0.2384 -0.7654
vn -0.0000 0.2134 -0.9770
vn -0.0000 0.0979 -0.9952
vn 0.3055 0.1009 -0.9468
vn 0.6121 0.1099 -0.7831
vn -0.8530 0.2619 -0.4514
vn -0.5977 0.2384 -0.7654
vn -0.9617 0.2743 -0.0000
vn -0.9919 0.1273 -0.0000
vn -0.8776 0.1213 -0.4639
vn -0.6121 0.1099 -0.7831
vn -0.2993 0.2196 0.9285
vn -0.5977 0.2384 0.7654
vn -0.0000 0.2134 0.9770
vn -0.0000 0.0979 0.9952
vn -0.3055 0.1009 0.9468
vn -0.6121 0.1099 0.7831
vn 0.2993 0.2196 0.9285
vn 0.3055 0.1009 0.9468
vn 0.8530 0.2619 -0.4514
vn 0.8776 0.1213 -0.4639
vn -0.2993 0.2196 -0.9285
vn -0.3055 0.1009 -0.9468
vn -0.8530 0.2619 0.4514
vn -0.8776 0.1213 0.4639
vn -0.6171 0.0599 0.7846
vn -0.3081 0.0550 0.9498
vn -0.3005 0.2512 0.9201
vn -0.5977 0.2699 0.7549
vn -0.0000 0.0534 0.9986
vn -0.0000 0.2445 0.9696
vn -0.0000 0.6485 0.7613
vn -0.2315 0.6567 0.7177
vn -0.4513 0.6796 0.5783
vn -0.1021 0.9384 0.3302
vn -0.1967 0.9451 0.2609
vn -0.0000 0.9355 0.3534
vn -0.0000 0.9949 0.1009
vn -0.0241 0.9968 0.0764
vn -0.0555 0.9956 0.0758
vn -0.9976 0.0690 -0.0000
vn -0.8835 0.0659 0.4639
vn -0.8481 0.2915 0.4425
vn -0.9534 0.3017 -0.0000
vn -0.6271 0.7039 0.3336
vn -0.6992 0.7150 -0.0000
vn -0.2645 0.9531 0.1467
vn -0.2939 0.9558 -0.0000
vn -0.0574 0.9979 0.0312
vn -0.0843 0.9964 -0.0000
vn -0.6171 0.0599 -0.7846
vn -0.8835 0.0659 -0.4639
vn -0.8481 0.2915 -0.4425
vn -0.5977 0.2699 -0.7549
vn -0.6271 0.7039 -0.3336
vn -0.4513 0.6796 -0.5783
vn -0.2645 0.9531 -0.1467
vn -0.1967 0.9451 -0.2609
vn -0.0574 0.9979 -0.0312
vn -0.0555 0.9956 -0.0758
vn -0.0000 0.0534 -0.9986
vn -0.3081 0.0550 -0.9498
vn -0.3005 0.2512 -0.9201
vn -0.0000 0.2445 -0.9696
vn -0.2315 0.6567 -0.7177
vn -0.0000 0.6485 -0.7613
vn -0.1021 0.9384 -0.3302
vn -0.0000 0.9355 -0.3534
vn -0.0241 0.9968 -0.0764
vn -0.0000 0.9949 -0.1009
vn 0.6171 0.0599 -0.7846
vn 0.3081 0.0550 -0.9498
vn 0.3005 0.2512 -0.9201
vn 0.5977 0.2699 -0.7549
vn 0.2315 0.6567 -0.7177
vn 0.4513 0.6796 -0.5783
vn 0.1021 0.9384 -0.3302
vn 0.1967 0.9451 -0.2609
vn 0.0241 0.9968 -0.0764
vn 0.0555 0.9956 -0.0758
vn 0.9976 0.0690 -0.0000
vn 0.8835 0.0659 -0.4639
vn 0.8481 0.2915 -0.4425
vn 0.9534 0.3017 -0.0000
vn 0.6271 0.7039 -0.3336
vn 0.6992 0.7150 -0.0000
vn 0.2645 0.9531 -0.1467
vn 0.2939 0.9558 -0.0000
vn 0.0574 0.9979 -0.0312
vn 0.0843 0.9964 -0.0000
vn 0.6171 0.0599 0.7846
vn 0.8835 0.0659 0.4639
vn 0.8481 0.2915 0.4425
vn 0.5977 0.2699 0.7549
vn 0.6271 0.7039 0.3336
vn 0.4513 0.6796 0.5783
vn 0.2645 0.9531 0.1467
vn 0.1967 0.9451 0.2609
vn 0.0574 0.9979 0.0312
vn 0.0555 0.9956 0.0758
vn 0.3081 0.0550 0.9498
vn 0.3005 0.2512 0.9201
vn 0.2315 0.6567 0.7177
vn 0.1021 0.9384 0.3302
vn 0.0241 0.9968 0.0764
vn -0.3077 0.0337 0.9509
vn -0.6167 0.0367 0.7863
vn -0.0000 0.0327 0.9995
vn -0.8841 0.0405 0.4656
vn -0.9991 0.0425 -0.0000
vn 0.3077 0.0337 0.9509
vn 0.6167 0.0367 0.7863
vn -0.8841 0.0405 -0.4656
vn -0.6167 0.0367 -0.7863
vn -0.3077 0.0337 -0.9509
vn -0.0000 0.0327 -0.9995
vn 0.3077 0.0337 -0.9509
vn 0.6167 0.0367 -0.7863
vn 0.8841 0.0405 -0.4656
vn 0.9991 0.0425 -0.0000
vn 0.8841 0.0405 0.4656
vn -0.0000 -0.9914 -0.1305
vn -0.0000 -0.8660 -0.5000
vn -0.0000 -0.5000 -0.8660
vn -0.0000 -0.1305 -0.9914
vn -0.0000 0.9914 -0.1305
vn -0.0000 0.8660 -0.5000
vn -0.0000 0.5000 -0.8660
vn -0.0000 0.1305 -0.9914
vn -0.0000 -0.9914 0.1305
vn -0.0000 -0.8660 0.5000
vn -0.0000 -0.5000 0.8660
vn -0.0000 -0.1305 0.9914
vn -0.0000 0.9914 0.1305
vn -0.0000 0.8660 0.5000
vn -0.0000 0.5000 0.8660
vn -0.0000 0.1305 0.9914
vn -1.0000 -0.0000 -0.0000
vn 1.0000 -0.0000 -0.0000
vn -0.1947 -0.1107 0.9746
vn -0.1950 -0.0916 0.9765
vn -0.7062 -0.0662 0.7049
vn -0.7057 -0.0801 0.7040
vn -0.9806 -0.0184 0.1952
vn -0.9805 -0.0223 0.1952
vn -0.1950 -0.0916 -0.9765
vn -0.1947 -0.1107 -0.9746
vn -0.7057 -0.0801 -0.7040
vn -0.7062 -0.0662 -0.7049
vn -0.9805 -0.0223 -0.1952
vn -0.9806 -0.0184 -0.1952
vn 0.9806 -0.0184 -0.1952
vn 0.9805 -0.0223 -0.1952
vn 0.7057 -0.0801 -0.7040
vn 0.7062 -0.0662 -0.7049
vn 0.1947 -0.1107 -0.9746
vn 0.1950 -0.0916 -0.9765
vn 0.1950 -0.0916 0.9765
vn 0.1947 -0.1107 0.9746
vn 0.7057 -0.0801 0.7040
vn 0.7062 -0.0662 0.7049
vn 0.9805 -0.0223 0.1952
vn 0.9806 -0.0184 0.1952
vn 0.9779 -0.2006 -0.0588
vn 0.9790 -0.2031 -0.0156
vn 0.6986 -0.7134 -0.0550
vn 0.6936 -0.6912 -0.2027
vn 0.1938 -0.9781 -0.0753
vn 0.1935 -0.9414 -0.2761
vn -0.9790 -0.2031 -0.0156
vn -0.9779 -0.2006 -0.0588
vn -0.6936 -0.6912 -0.2027
vn -0.6986 -0.7134 -0.0549
vn -0.1935 -0.9414 -0.2761
vn -0.1938 -0.9781 -0.0753
vn 0.9780 -0.1786 -0.1073
vn 0.6942 -0.6169 -0.3707
vn 0.1935 -0.8410 -0.5053
vn -0.9780 -0.1786 -0.1073
vn -0.6942 -0.6169 -0.3707
vn -0.1935 -0.8410 -0.5053
vn 0.9777 -0.1453 -0.1517
vn 0.6928 -0.4988 -0.5208
vn 0.1935 -0.6786 -0.7086
vn -0.9777 -0.1453 -0.1517
vn -0.6928 -0.4988 -0.5208
vn -0.1935 -0.6786 -0.7086
vn 0.9758 -0.0794 -0.2036
vn 0.6857 -0.2650 -0.6780
vn 0.1945 -0.3572 -0.9135
vn -0.9758 -0.0794 -0.2036
vn -0.6857 -0.2650 -0.6780
vn -0.1945 -0.3572 -0.9135
vn -0.9779 -0.2006 0.0588
vn -0.9790 -0.2031 0.0156
vn -0.6986 -0.7134 0.0550
vn -0.6936 -0.6912 0.2027
vn -0.1938 -0.9781 0.0753
vn -0.1935 -0.9414 0.2761
vn 0.9790 -0.2031 0.0156
vn 0.9779 -0.2006 0.0588
vn 0.6936 -0.6912 0.2027
vn 0.6986 -0.7134 0.0550
vn 0.1935 -0.9414 0.2761
vn 0.1938 -0.9781 0.0753
vn -0.9780 -0.1786 0.1073
vn -0.6942 -0.6169 0.3707
vn -0.1935 -0.8410 0.5053
vn 0.9780 -0.1786 0.1073
vn 0.6942 -0.6169 0.3707
vn 0.1935 -0.8410 0.5053
vn -0.9777 -0.1453 0.1517
vn -0.6928 -0.4988 0.5208
vn -0.1935 -0.6786 0.7086
vn 0.9777 -0.1453 0.1517
vn 0.6928 -0.4988 0.5208
vn 0.1935 -0.6786 0.7086
vn -0.9758 -0.0794 0.2036
vn -0.6857 -0.2650 0.6780
vn -0.1945 -0.3572 0.9135
vn 0.9758 -0.0794 0.2036
vn 0.6857 -0.2650 0.6780
vn 0.1945 -0.3572 0.9135
vn -0.0755 0.9221 0.3794
vn -0.2559 0.9313 0.2590
vn -0.5261 0.6603 0.5359
vn -0.1467 0.6577 0.7389
vn -0.6993 0.1478 0.6994
vn -0.1945 0.1195 0.9736
vn -0.3706 0.9258 0.0751
vn -0.7155 0.6830 0.1466
vn -0.9648 0.1794 0.1922
vn -0.2559 0.9313 -0.2590
vn -0.0755 0.9221 -0.3794
vn -0.1467 0.6577 -0.7389
vn -0.5261 0.6603 -0.5360
vn -0.1945 0.1195 -0.9736
vn -0.6993 0.1478 -0.6994
vn -0.3706 0.9258 -0.0751
vn -0.7155 0.6830 -0.1466
vn -0.9648 0.1794 -0.1922
vn 0.2559 0.9313 -0.2591
vn 0.3706 0.9258 -0.0751
vn 0.7155 0.6830 -0.1466
vn 0.5261 0.6603 -0.5359
vn 0.9648 0.1794 -0.1922
vn 0.6993 0.1478 -0.6994
vn 0.0755 0.9221 -0.3794
vn 0.1467 0.6577 -0.7389
vn 0.1945 0.1196 -0.9736
vn 0.2559 0.9313 0.2590
vn 0.0755 0.9221 0.3794
vn 0.1467 0.6577 0.7389
vn 0.5261 0.6603 0.5359
vn 0.1945 0.1196 0.9736
vn 0.6993 0.1478 0.6994
vn 0.3706 0.9258 0.0751
vn 0.7155 0.6830 0.1466
vn 0.9648 0.1794 0.1922
vn -0.0755 -0.9221 -0.3794
vn -0.2559 -0.9313 -0.2591
vn -0.5261 -0.6603 -0.5360
vn -0.1467 -0.6577 -0.7389
vn -0.7011 -0.1773 -0.6907
vn -0.1943 -0.1602 -0.9678
vn -0.3706 -0.9258 -0.0751
vn -0.7155 -0.6830 -0.1466
vn -0.9643 -0.1879 -0.1867
vn -0.2559 -0.9313 0.2590
vn -0.0755 -0.9221 0.3794
vn -0.1467 -0.6577 0.7389
vn -0.5261 -0.6603 0.5360
vn -0.1943 -0.1602 0.9678
vn -0.7011 -0.1773 0.6907
vn -0.3706 -0.9258 0.0751
vn -0.7155 -0.6830 0.1466
vn -0.9643 -0.1879 0.1867
vn 0.2559 -0.9313 0.2590
vn 0.3706 -0.9258 0.0751
vn 0.7155 -0.6830 0.1466
vn 0.5261 -0.6603 0.5359
vn 0.9643 -0.1879 0.1867
vn 0.7011 -0.1773 0.6907
vn 0.0755 -0.9221 0.3794
vn 0.1467 -0.6577 0.7389
vn 0.1943 -0.1602 0.9678
vn 0.2559 -0.9313 -0.2591
vn 0.0755 -0.9221 -0.3794
vn 0.1467 -0.6577 -0.7389
vn 0.5261 -0.6603 -0.5360
vn 0.1943 -0.1602 -0.9678
vn 0.7011 -0.1773 -0.6907
vn 0.3706 -0.9257 -0.0751
vn 0.7155 -0.6830 -0.1466
vn 0.9643 -0.1879 -0.1867
vn -0.1593 0.9744 -0.1587
vn -0.0421 0.9767 -0.2106
vn -0.1421 0.6888 -0.7109
vn -0.5178 0.6824 -0.5159
vn -0.1923 0.1938 -0.9620
vn -0.6942 0.1994 -0.6916
vn -0.2104 0.9767 -0.0417
vn -0.7110 0.6890 -0.1407
vn -0.9624 0.1939 -0.1905
vn -0.0421 0.9767 0.2106
vn -0.1593 0.9744 0.1587
vn -0.5178 0.6824 0.5159
vn -0.1421 0.6888 0.7109
vn -0.6942 0.1995 0.6916
vn -0.1923 0.1938 0.9620
vn -0.2104 0.9767 0.0417
vn -0.7110 0.6890 0.1407
vn -0.9624 0.1939 0.1905
vn 0.2104 0.9767 0.0417
vn 0.1592 0.9744 0.1587
vn 0.5178 0.6824 0.5159
vn 0.7110 0.6890 0.1407
vn 0.6942 0.1994 0.6916
vn 0.9624 0.1939 0.1905
vn 0.0421 0.9767 0.2106
vn 0.1421 0.6888 0.7109
vn 0.1923 0.1938 0.9620
vn 0.0421 0.9767 -0.2106
vn 0.1593 0.9744 -0.1587
vn 0.5178 0.6824 -0.5159
vn 0.1421 0.6888 -0.7109
vn 0.6942 0.1994 -0.6916
vn 0.1923 0.1938 -0.9620
vn 0.2104 0.9767 -0.0417
vn 0.7110 0.6890 -0.1407
vn 0.9624 0.1938 -0.1905
vt 0.335101 0.527178
vt 0.335101 0.494547
vt 0.365816 0.494547
vt 0.368841 0.527178
vt 0.335101 0.463160
vt 0.362907 0.463160
vt 0.386540 0.463160
vt 0.391920 0.494547
vt 0.397515 0.527178
vt 0.693809 0.526576
vt 0.698113 0.493872
vt 0.718193 0.494105
vt 0.715867 0.526832
vt 0.702252 0.462416
vt 0.720430 0.462627
vt 0.741820 0.462703
vt 0.741820 0.494189
vt 0.741820 0.526924
vt 0.765447 0.494105
vt 0.767773 0.526832
vt 0.763210 0.462627
vt 0.781388 0.462416
vt 0.785527 0.493872
vt 0.789831 0.526576
vt 0.488497 0.527162
vt 0.494092 0.494528
vt 0.520196 0.494535
vt 0.517172 0.527169
vt 0.499472 0.463140
vt 0.523105 0.463146
vt 0.550911 0.463148
vt 0.550911 0.494537
vt 0.550911 0.527172
vt 0.581626 0.494535
vt 0.584651 0.527169
vt 0.578718 0.463146
vt 0.602350 0.463140
vt 0.607730 0.494528
vt 0.613325 0.527162
vt 0.708307 0.231221
vt 0.712611 0.198517
vt 0.732692 0.198750
vt 0.730365 0.231477
vt 0.716750 0.167062
vt 0.734929 0.167273
vt 0.756318 0.167348
vt 0.756318 0.198834
vt 0.756318 0.231569
vt 0.795887 0.167062
vt 0.777708 0.167273
vt 0.777040 0.150823
vt 0.794652 0.150618
vt 0.756318 0.150896
vt 0.756318 0.138600
vt 0.779035 0.138519
vt 0.798342 0.138295
vt 0.779945 0.198750
vt 0.782272 0.231477
vt 0.800025 0.198517
vt 0.804329 0.231221
vt 0.272687 0.527178
vt 0.278282 0.494547
vt 0.304386 0.494547
vt 0.301362 0.527178
vt 0.283662 0.463160
vt 0.307295 0.463160
vt 0.269154 0.555642
vt 0.299452 0.555643
vt 0.299714 0.563636
vt 0.269639 0.563635
vt 0.335101 0.555643
vt 0.335101 0.563636
vt 0.335101 0.570982
vt 0.300621 0.570982
vt 0.271317 0.570982
vt 0.930655 0.325362
vt 0.943511 0.351532
vt 0.938195 0.354305
vt 0.926540 0.330580
vt 0.947779 0.382155
vt 0.942064 0.382066
vt 0.933454 0.381932
vt 0.930186 0.358484
vt 0.920342 0.338446
vt 0.370750 0.555643
vt 0.370488 0.563636
vt 0.401048 0.555642
vt 0.400563 0.563635
vt 0.398885 0.570982
vt 0.369581 0.570982
vt 0.741820 0.555452
vt 0.769243 0.555356
vt 0.769044 0.563339
vt 0.741823 0.563435
vt 0.792549 0.555085
vt 0.792179 0.563071
vt 0.790911 0.570394
vt 0.768370 0.570656
vt 0.741847 0.570749
vt 0.705590 0.259730
vt 0.728896 0.260001
vt 0.729094 0.267985
vt 0.705960 0.267716
vt 0.756318 0.260098
vt 0.756315 0.268081
vt 0.756291 0.275394
vt 0.729769 0.275301
vt 0.707227 0.275039
vt 0.484964 0.555628
vt 0.515262 0.555635
vt 0.515524 0.563628
vt 0.485449 0.563620
vt 0.550911 0.555638
vt 0.550911 0.563631
vt 0.550911 0.570976
vt 0.516431 0.570974
vt 0.487127 0.570966
vt 0.783741 0.260001
vt 0.783536 0.267985
vt 0.807047 0.259730
vt 0.806670 0.267716
vt 0.805356 0.275039
vt 0.782814 0.275301
vt 0.691091 0.555085
vt 0.714397 0.555356
vt 0.714603 0.563339
vt 0.691468 0.563071
vt 0.715324 0.570656
vt 0.692783 0.570394
vt 0.586560 0.555635
vt 0.586298 0.563628
vt 0.616858 0.555628
vt 0.616373 0.563620
vt 0.614695 0.570966
vt 0.585391 0.570974
vt 0.586205 0.546041
vt 0.550911 0.546044
vt 0.616202 0.546034
vt 0.714671 0.545751
vt 0.691597 0.545484
vt 0.741820 0.545847
vt 0.783468 0.250397
vt 0.756318 0.250492
vt 0.806542 0.250129
vt 0.515617 0.546041
vt 0.485621 0.546034
vt 0.729169 0.250397
vt 0.706095 0.250129
vt 0.768969 0.545751
vt 0.792044 0.545484
vt 0.370395 0.546049
vt 0.335101 0.546049
vt 0.400392 0.546049
vt 0.299807 0.546049
vt 0.269811 0.546049
vt 0.918297 0.364661
vt 0.911353 0.349792
vt 0.920985 0.381737
vt 0.909553 0.381558
vt 0.904562 0.371785
vt 0.903107 0.360178
vt 0.843713 0.324004
vt 0.863953 0.307076
vt 0.866072 0.314003
vt 0.847723 0.329349
vt 0.887549 0.301275
vt 0.887463 0.308744
vt 0.887338 0.320004
vt 0.869271 0.324446
vt 0.853773 0.337407
vt 0.841948 0.437029
vt 0.829092 0.410859
vt 0.834469 0.408087
vt 0.846123 0.431812
vt 0.824824 0.380236
vt 0.830599 0.380326
vt 0.839310 0.380462
vt 0.842578 0.403909
vt 0.852422 0.423947
vt 0.928890 0.438387
vt 0.908649 0.455315
vt 0.906591 0.448388
vt 0.924941 0.433043
vt 0.885054 0.461116
vt 0.885201 0.453648
vt 0.885427 0.442390
vt 0.903493 0.437948
vt 0.918991 0.424986
vt 0.910952 0.307810
vt 0.908679 0.314669
vt 0.905257 0.325008
vt 0.830046 0.349761
vt 0.835333 0.352699
vt 0.843309 0.357128
vt 0.861651 0.454581
vt 0.863985 0.447723
vt 0.867508 0.437386
vt 0.942557 0.412630
vt 0.937330 0.409693
vt 0.929455 0.405266
vt 0.367917 0.577110
vt 0.335101 0.577110
vt 0.395807 0.577110
vt 0.946754 0.414959
vt 0.932075 0.442624
vt 0.365654 0.582067
vt 0.335101 0.582067
vt 0.767141 0.576729
vt 0.741897 0.576818
vt 0.788595 0.576480
vt 0.859855 0.460017
vt 0.838693 0.441166
vt 0.884991 0.467037
vt 0.583727 0.577100
vt 0.550911 0.577103
vt 0.611617 0.577093
vt 0.825909 0.347432
vt 0.840588 0.319768
vt 0.581464 0.582056
vt 0.550911 0.582058
vt 0.781484 0.281375
vt 0.756241 0.281464
vt 0.802938 0.281126
vt 0.912809 0.302374
vt 0.933971 0.321226
vt 0.887672 0.295355
vt 0.716654 0.576729
vt 0.695200 0.576480
vt 0.910335 0.460806
vt 0.518095 0.577100
vt 0.490205 0.577093
vt 0.520358 0.582056
vt 0.824884 0.413057
vt 0.730998 0.281375
vt 0.709544 0.281126
vt 0.862328 0.301586
vt 0.302285 0.577110
vt 0.274395 0.577110
vt 0.304548 0.582067
vt 0.947779 0.349335
vt 0.904259 0.391172
vt 0.886409 0.381197
vt 0.902442 0.402728
vt 0.893500 0.404716
vt 0.885939 0.411285
vt 0.878587 0.404483
vt 0.869711 0.402217
vt 0.868256 0.390610
vt 0.863265 0.380836
vt 0.868559 0.371223
vt 0.870376 0.359667
vt 0.879318 0.357679
vt 0.886879 0.351110
vt 0.894231 0.357911
vt 0.873948 0.339879
vt 0.862451 0.349029
vt 0.887107 0.336244
vt 0.854514 0.397733
vt 0.861458 0.412602
vt 0.851826 0.380657
vt 0.898864 0.422515
vt 0.910361 0.413365
vt 0.885704 0.426150
vt 0.900147 0.340288
vt 0.855046 0.363674
vt 0.872664 0.422106
vt 0.917765 0.398721
vt 0.605542 0.434329
vt 0.580443 0.434336
vt 0.586949 0.413397
vt 0.617577 0.413389
vt 0.550911 0.434338
vt 0.550911 0.413400
vt 0.550911 0.389310
vt 0.594449 0.389307
vt 0.631451 0.389297
vt 0.721098 0.446177
vt 0.741820 0.446251
vt 0.703486 0.445973
vt 0.699796 0.433650
vt 0.719103 0.433874
vt 0.741820 0.433954
vt 0.577850 0.446722
vt 0.600745 0.446716
vt 0.550911 0.446724
vt 0.308162 0.446737
vt 0.335101 0.446737
vt 0.285267 0.446737
vt 0.280470 0.434348
vt 0.305569 0.434349
vt 0.335101 0.434349
vt 0.362040 0.446737
vt 0.384935 0.446737
vt 0.364633 0.434349
vt 0.389732 0.434348
vt 0.762542 0.446177
vt 0.780154 0.445973
vt 0.764537 0.433874
vt 0.783844 0.433650
vt 0.735596 0.150823
vt 0.717985 0.150618
vt 0.714294 0.138295
vt 0.733601 0.138519
vt 0.523972 0.446722
vt 0.501077 0.446716
vt 0.496280 0.434329
vt 0.521379 0.434336
vt 0.831413 0.058095
vt 0.796913 0.058495
vt 0.799006 0.042940
vt 0.835286 0.042520
vt 0.756318 0.058639
vt 0.756318 0.043091
vt 0.756318 0.027376
vt 0.800481 0.027220
vt 0.838015 0.026784
vt 0.769542 0.413142
vt 0.793102 0.412869
vt 0.741820 0.413240
vt 0.741820 0.389409
vt 0.775310 0.389291
vt 0.803774 0.388961
vt 0.371139 0.413404
vt 0.401767 0.413404
vt 0.335101 0.413404
vt 0.335101 0.389307
vt 0.378639 0.389307
vt 0.415641 0.389307
vt 0.299063 0.413404
vt 0.268435 0.413404
vt 0.254561 0.389307
vt 0.291563 0.389307
vt 0.728597 0.117788
vt 0.756318 0.117885
vt 0.705037 0.117514
vt 0.694365 0.093606
vt 0.722828 0.093936
vt 0.756318 0.094054
vt 0.514873 0.413397
vt 0.484245 0.413389
vt 0.470371 0.389297
vt 0.507374 0.389307
vt 0.714098 0.413142
vt 0.690538 0.412869
vt 0.679866 0.388961
vt 0.708330 0.389291
vt 0.784040 0.117788
vt 0.807600 0.117514
vt 0.789809 0.093936
vt 0.818272 0.093606
vt 0.712156 0.027220
vt 0.711449 0.011909
vt 0.756318 0.012067
vt 0.674622 0.026784
vt 0.673315 0.011466
vt 0.675029 0.000000
vt 0.712376 0.000433
vt 0.756318 0.000588
vt 0.648534 0.353560
vt 0.603684 0.353572
vt 0.606405 0.337930
vt 0.653568 0.337918
vt 0.550911 0.353576
vt 0.550911 0.337934
vt 0.550911 0.322152
vt 0.608323 0.322147
vt 0.657116 0.322135
vt 0.816915 0.353450
vt 0.782414 0.353850
vt 0.784507 0.338295
vt 0.820787 0.337874
vt 0.741820 0.353994
vt 0.741820 0.338446
vt 0.741820 0.322731
vt 0.785983 0.322575
vt 0.823516 0.322139
vt 0.432724 0.353563
vt 0.387874 0.353564
vt 0.390595 0.337919
vt 0.437758 0.337919
vt 0.335101 0.353564
vt 0.335101 0.337919
vt 0.335101 0.322135
vt 0.392513 0.322135
vt 0.441306 0.322134
vt 0.282329 0.353564
vt 0.279607 0.337919
vt 0.237478 0.353563
vt 0.232444 0.337919
vt 0.228896 0.322135
vt 0.277689 0.322135
vt 0.715724 0.058495
vt 0.713631 0.042940
vt 0.681224 0.058095
vt 0.677351 0.042520
vt 0.498139 0.353572
vt 0.495417 0.337930
vt 0.453288 0.353560
vt 0.448254 0.337918
vt 0.444706 0.322135
vt 0.493499 0.322147
vt 0.701226 0.353850
vt 0.699132 0.338295
vt 0.666725 0.353450
vt 0.662853 0.337874
vt 0.660124 0.322139
vt 0.697657 0.322575
vt 0.704084 0.369912
vt 0.741820 0.370045
vt 0.672012 0.369540
vt 0.501854 0.369752
vt 0.550911 0.369756
vt 0.460161 0.369742
vt 0.718582 0.074557
vt 0.756318 0.074691
vt 0.686511 0.074185
vt 0.286044 0.369748
vt 0.335101 0.369748
vt 0.244351 0.369747
vt 0.384158 0.369748
vt 0.425851 0.369747
vt 0.779556 0.369912
vt 0.811628 0.369540
vt 0.599968 0.369752
vt 0.641661 0.369742
vt 0.794054 0.074557
vt 0.826126 0.074185
vt 0.661929 0.582506
vt 0.690400 0.582176
vt 0.696577 0.625774
vt 0.673355 0.626043
vt 0.723900 0.582058
vt 0.723900 0.625678
vt 0.723900 0.673032
vt 0.702074 0.673109
vt 0.683525 0.673324
vt 0.492581 0.306805
vt 0.550911 0.306810
vt 0.443006 0.306793
vt 0.445235 0.295355
vt 0.493786 0.295367
vt 0.550911 0.295372
vt 0.696950 0.307263
vt 0.741820 0.307422
vt 0.658816 0.306821
vt 0.660531 0.295355
vt 0.697877 0.295788
vt 0.741820 0.295943
vt 0.801188 0.011909
vt 0.839322 0.011466
vt 0.800261 0.000433
vt 0.837608 0.000000
vt 0.609242 0.306805
vt 0.658816 0.306793
vt 0.608037 0.295367
vt 0.656587 0.295355
vt 0.786690 0.307263
vt 0.824824 0.306821
vt 0.785763 0.295788
vt 0.823109 0.295355
vt 0.393432 0.306792
vt 0.443006 0.306792
vt 0.335101 0.306792
vt 0.335101 0.295355
vt 0.392227 0.295355
vt 0.440777 0.295355
vt 0.276771 0.306792
vt 0.227196 0.306792
vt 0.229425 0.295355
vt 0.277976 0.295355
vt 0.319996 0.598038
vt 0.276446 0.598041
vt 0.269831 0.582071
vt 0.319996 0.582067
vt 0.239433 0.598051
vt 0.227196 0.582082
vt 0.029240 0.506902
vt 0.057303 0.545689
vt 0.049492 0.559933
vt 0.017536 0.515764
vt 0.013841 0.458527
vt -0.000000 0.460677
vt 0.064726 0.532152
vt 0.096632 0.552068
vt 0.094055 0.568630
vt 0.131085 0.555615
vt 0.133741 0.572716
vt 0.136536 0.590710
vt 0.091344 0.586056
vt 0.162839 0.541784
vt 0.170318 0.556784
vt 0.187201 0.513129
vt 0.198380 0.523776
vt 0.210144 0.534979
vt 0.178188 0.572566
vt 0.173363 0.606674
vt 0.136350 0.606673
vt 0.142965 0.590710
vt 0.185600 0.590710
vt 0.092800 0.606673
vt 0.092800 0.590710
vt 0.213355 0.478304
vt 0.213355 0.427537
vt 0.227196 0.425387
vt 0.227196 0.483198
vt 0.049250 0.606673
vt 0.042635 0.590710
vt 0.012237 0.606674
vt 0.000000 0.590710
vt 0.197956 0.379162
vt 0.169893 0.340375
vt 0.177704 0.326132
vt 0.209660 0.370301
vt 0.162470 0.353912
vt 0.130564 0.333997
vt 0.133141 0.317435
vt 0.096111 0.330449
vt 0.093454 0.313348
vt 0.090660 0.295355
vt 0.135852 0.300009
vt 0.064357 0.344280
vt 0.056878 0.329280
vt 0.039995 0.372936
vt 0.028815 0.362288
vt 0.017052 0.351085
vt 0.049008 0.313498
vt 0.400559 0.598051
vt 0.363546 0.598041
vt 0.370161 0.582071
vt 0.412796 0.582082
vt 0.013841 0.407760
vt -0.000000 0.402867
vt 0.807468 0.673324
vt 0.826017 0.673109
vt 0.829316 0.703823
vt 0.813570 0.704006
vt 0.847843 0.673032
vt 0.847843 0.703758
vt 0.847843 0.729478
vt 0.830822 0.729538
vt 0.816357 0.729705
vt 0.284476 0.641390
vt 0.254288 0.641397
vt 0.319996 0.641387
vt 0.319996 0.688501
vt 0.291622 0.688504
vt 0.267508 0.688510
vt 0.355516 0.641390
vt 0.385704 0.641397
vt 0.372485 0.688510
vt 0.348370 0.688504
vt 0.847843 0.582058
vt 0.881343 0.582176
vt 0.875166 0.625774
vt 0.847843 0.625678
vt 0.909815 0.582506
vt 0.898388 0.626043
vt 0.888219 0.673324
vt 0.869669 0.673109
vt 0.128320 0.650015
vt 0.092800 0.650015
vt 0.158508 0.650015
vt 0.145289 0.697122
vt 0.121174 0.697122
vt 0.092800 0.697122
vt 0.757400 0.582176
vt 0.751223 0.625774
vt 0.785872 0.582506
vt 0.774445 0.626043
vt 0.764276 0.673324
vt 0.745726 0.673109
vt 0.785872 0.582506
vt 0.814343 0.582176
vt 0.820520 0.625774
vt 0.797298 0.626043
vt 0.057280 0.650015
vt 0.027092 0.650015
vt 0.064426 0.697122
vt 0.040312 0.697122
vt 0.068715 0.727701
vt 0.048245 0.727701
vt 0.092800 0.727701
vt 0.092800 0.753353
vt 0.070673 0.753354
vt 0.051868 0.753354
vt 0.705373 0.703824
vt 0.689627 0.704006
vt 0.723900 0.703758
vt 0.723900 0.729478
vt 0.706879 0.729538
vt 0.692414 0.729706
vt 0.295911 0.719086
vt 0.275441 0.719091
vt 0.319996 0.719084
vt 0.319996 0.744739
vt 0.297869 0.744741
vt 0.279064 0.744745
vt 0.344081 0.719086
vt 0.364551 0.719091
vt 0.360929 0.744745
vt 0.342123 0.744741
vt 0.866370 0.703823
vt 0.882116 0.704006
vt 0.879330 0.729705
vt 0.864864 0.729538
vt 0.116885 0.727701
vt 0.137355 0.727701
vt 0.133733 0.753354
vt 0.114927 0.753354
vt 0.742427 0.703824
vt 0.758173 0.704006
vt 0.755387 0.729706
vt 0.740921 0.729538
vt 0.281060 0.810466
vt 0.298948 0.810461
vt 0.299625 0.826563
vt 0.282312 0.826567
vt 0.319996 0.810460
vt 0.319996 0.826561
vt 0.319996 0.832049
vt 0.300835 0.832051
vt 0.284550 0.832055
vt 0.841425 0.555783
vt 0.830706 0.540968
vt 0.834422 0.538154
vt 0.843767 0.551512
vt 0.824824 0.522490
vt 0.828974 0.521846
vt 0.835977 0.520758
vt 0.843037 0.531631
vt 0.847718 0.544306
vt 0.723900 0.795229
vt 0.740091 0.795287
vt 0.739570 0.811408
vt 0.723900 0.811353
vt 0.753851 0.795446
vt 0.752888 0.811562
vt 0.751167 0.817079
vt 0.738640 0.816934
vt 0.723900 0.816882
vt 0.870622 0.566107
vt 0.855463 0.564546
vt 0.856324 0.559013
vt 0.869784 0.560711
vt 0.858320 0.546186
vt 0.868370 0.551608
vt 0.693949 0.795446
vt 0.707709 0.795287
vt 0.708230 0.811408
vt 0.694913 0.811562
vt 0.709161 0.816934
vt 0.696634 0.817079
vt 0.895311 0.547413
vt 0.884593 0.560021
vt 0.882094 0.555010
vt 0.891784 0.544054
vt 0.876301 0.543393
vt 0.885833 0.538386
vt 0.092800 0.819073
vt 0.113848 0.819073
vt 0.113171 0.835174
vt 0.092800 0.835174
vt 0.131737 0.819073
vt 0.130484 0.835174
vt 0.128247 0.840661
vt 0.111962 0.840661
vt 0.092800 0.840661
vt 0.901031 0.510653
vt 0.901031 0.530044
vt 0.896636 0.528491
vt 0.896881 0.511298
vt 0.886449 0.524888
vt 0.889878 0.512386
vt 0.053864 0.819074
vt 0.071752 0.819073
vt 0.072429 0.835174
vt 0.055116 0.835174
vt 0.073639 0.840661
vt 0.057354 0.840661
vt 0.884430 0.477361
vt 0.895149 0.492176
vt 0.891433 0.494990
vt 0.882088 0.481631
vt 0.882818 0.501512
vt 0.878137 0.488837
vt 0.847843 0.795229
vt 0.864034 0.795287
vt 0.863513 0.811408
vt 0.847843 0.811353
vt 0.877794 0.795446
vt 0.876831 0.811562
vt 0.875110 0.817079
vt 0.862583 0.816934
vt 0.847843 0.816882
vt 0.855233 0.467037
vt 0.870392 0.468598
vt 0.869531 0.474131
vt 0.856071 0.472433
vt 0.867535 0.486958
vt 0.857485 0.481536
vt 0.817892 0.795446
vt 0.831652 0.795287
vt 0.832173 0.811408
vt 0.818856 0.811562
vt 0.833104 0.816934
vt 0.820577 0.817079
vt 0.830544 0.485731
vt 0.841262 0.473123
vt 0.843761 0.478134
vt 0.834071 0.489090
vt 0.849554 0.489751
vt 0.840022 0.494758
vt 0.341044 0.810461
vt 0.340367 0.826563
vt 0.358933 0.810466
vt 0.357680 0.826567
vt 0.355443 0.832055
vt 0.339157 0.832051
vt 0.824824 0.503099
vt 0.829219 0.504653
vt 0.839406 0.508255
vt 0.298593 0.778907
vt 0.280402 0.778911
vt 0.319996 0.778905
vt 0.862927 0.516572
vt 0.740364 0.763723
vt 0.723900 0.763665
vt 0.754357 0.763886
vt 0.341400 0.778907
vt 0.359590 0.778911
vt 0.707436 0.763723
vt 0.693443 0.763886
vt 0.114204 0.787519
vt 0.092800 0.787519
vt 0.132394 0.787519
vt 0.071397 0.787519
vt 0.053206 0.787519
vt 0.864307 0.763723
vt 0.847843 0.763665
vt 0.878300 0.763886
vt 0.831379 0.763723
vt 0.817386 0.763886
vt 0.474829 0.273694
vt 0.485048 0.273694
vt 0.485048 0.275610
vt 0.474829 0.275610
vt 0.485048 0.277012
vt 0.474829 0.277012
vt 0.469972 0.278039
vt 0.469972 0.288258
vt 0.468056 0.288258
vt 0.468056 0.278039
vt 0.485048 0.272291
vt 0.495267 0.272291
vt 0.495267 0.274207
vt 0.485048 0.274207
vt 0.462182 0.288258
vt 0.462182 0.278039
vt 0.463585 0.278039
vt 0.463585 0.288258
vt 0.465501 0.278039
vt 0.465501 0.288258
vt 0.485048 0.230383
vt 0.474829 0.230383
vt 0.474829 0.228466
vt 0.485048 0.228466
vt 0.474829 0.227064
vt 0.485048 0.227064
vt 0.462182 0.278039
vt 0.462182 0.288258
vt 0.460267 0.288258
vt 0.460267 0.278039
vt 0.495267 0.228980
vt 0.485048 0.228980
vt 0.485048 0.227064
vt 0.495267 0.227064
vt 0.454392 0.288258
vt 0.454392 0.278039
vt 0.455795 0.278039
vt 0.455795 0.288258
vt 0.457712 0.278039
vt 0.457712 0.288258
vt 0.464610 0.274207
vt 0.464097 0.276123
vt 0.462694 0.277526
vt 0.460778 0.278039
vt 0.458224 0.278039
vt 0.456308 0.277526
vt 0.454905 0.276123
vt 0.454392 0.274207
vt 0.454392 0.230896
vt 0.454905 0.228980
vt 0.456308 0.227577
vt 0.458224 0.227064
vt 0.460778 0.227064
vt 0.462694 0.227577
vt 0.464097 0.228980
vt 0.464610 0.230896
vt 0.474829 0.274207
vt 0.474315 0.276123
vt 0.472913 0.277526
vt 0.470997 0.278039
vt 0.468442 0.278039
vt 0.466526 0.277526
vt 0.465124 0.276123
vt 0.465124 0.228980
vt 0.466526 0.227577
vt 0.468442 0.227064
vt 0.470997 0.227064
vt 0.472913 0.227577
vt 0.474315 0.228980
vt 0.474829 0.230896
vt 0.997290 0.456878
vt 0.997290 0.402429
vt 1.000000 0.402429
vt 1.000000 0.456878
vt 0.615913 0.212515
vt 0.561466 0.218155
vt 0.561482 0.215431
vt 0.615928 0.209790
vt 0.949018 0.107078
vt 0.949018 0.161530
vt 0.946308 0.161530
vt 0.946308 0.107078
vt 0.561466 0.008908
vt 0.615913 0.014549
vt 0.615928 0.017273
vt 0.561481 0.011633
vt 0.550096 0.797489
vt 0.604543 0.791848
vt 0.604527 0.794573
vt 0.550081 0.800213
vt 0.998529 0.107078
vt 0.998529 0.161530
vt 0.995819 0.161530
vt 0.995819 0.107078
vt 0.950489 0.402429
vt 0.950489 0.456878
vt 0.947779 0.456878
vt 0.947779 0.402428
vt 0.550081 0.590966
vt 0.604528 0.596606
vt 0.604543 0.599331
vt 0.550096 0.593691
vt 0.657161 0.756968
vt 0.659234 0.743591
vt 0.661929 0.743800
vt 0.659769 0.757738
vt 0.443006 0.959789
vt 0.443006 0.945851
vt 0.445716 0.945937
vt 0.445716 0.960107
vt 0.670620 0.065531
vt 0.668547 0.052153
vt 0.671155 0.051384
vt 0.673315 0.065322
vt 0.495227 0.945851
vt 0.495227 0.959789
vt 0.492517 0.960107
vt 0.492517 0.945937
vt 0.651307 0.770191
vt 0.653633 0.771598
vt 0.443006 0.973649
vt 0.445716 0.974232
vt 0.662693 0.038930
vt 0.665018 0.037524
vt 0.495227 0.973649
vt 0.492517 0.974232
vt 0.642582 0.781313
vt 0.644459 0.783290
vt 0.443006 0.985341
vt 0.445716 0.986160
vt 0.653967 0.027808
vt 0.655845 0.025832
vt 0.495227 0.985341
vt 0.492517 0.986160
vt 0.632767 0.788351
vt 0.633779 0.790949
vt 0.998529 0.190784
vt 0.998529 0.201465
vt 0.995819 0.202249
vt 0.995819 0.191210
vt 0.644153 0.020770
vt 0.645165 0.018172
vt 0.946308 0.201465
vt 0.946308 0.190784
vt 0.949018 0.191209
vt 0.949018 0.202249
vt 0.668547 0.174910
vt 0.670620 0.161533
vt 0.673315 0.161742
vt 0.671155 0.175680
vt 0.495227 0.835493
vt 0.495227 0.849431
vt 0.492517 0.849344
vt 0.492517 0.835174
vt 0.659234 0.647589
vt 0.657161 0.634211
vt 0.659769 0.633442
vt 0.661929 0.647380
vt 0.443006 0.849431
vt 0.443006 0.835493
vt 0.445716 0.835174
vt 0.445716 0.849344
vt 0.662693 0.188134
vt 0.665018 0.189540
vt 0.495227 0.821633
vt 0.492517 0.821050
vt 0.651307 0.620988
vt 0.653633 0.619582
vt 0.443006 0.821633
vt 0.445716 0.821050
vt 0.653967 0.199255
vt 0.655845 0.201232
vt 0.495227 0.809940
vt 0.492517 0.809122
vt 0.642582 0.609866
vt 0.644460 0.607889
vt 0.443006 0.809940
vt 0.445716 0.809122
vt 0.644153 0.206294
vt 0.645165 0.208891
vt 1.000000 0.486130
vt 1.000000 0.496808
vt 0.997290 0.497592
vt 0.997290 0.486556
vt 0.632767 0.602828
vt 0.633779 0.600230
vt 0.947779 0.496808
vt 0.947779 0.486130
vt 0.950489 0.486556
vt 0.950489 0.497592
vt 0.896682 0.001395
vt 0.895131 0.002041
vt 0.894023 0.000987
vt 0.896393 0.000000
vt 0.997171 0.295355
vt 0.999541 0.295355
vt 1.000000 0.296798
vt 0.997290 0.296798
vt 0.894485 0.003608
vt 0.893040 0.003373
vt 0.454392 0.226728
vt 0.454405 0.224343
vt 0.455856 0.224339
vt 0.455841 0.227064
vt 0.895131 0.226326
vt 0.896682 0.226972
vt 0.896393 0.228367
vt 0.894023 0.227380
vt 0.946767 0.000000
vt 0.949138 -0.000000
vt 0.949018 0.001442
vt 0.946308 0.001443
vt 0.894485 0.224758
vt 0.893040 0.224994
vt 0.454405 0.002721
vt 0.454392 0.000336
vt 0.455841 -0.000000
vt 0.455856 0.002724
vt 0.944217 0.226326
vt 0.944863 0.224758
vt 0.946308 0.224994
vt 0.945326 0.227380
vt 0.443006 0.808786
vt 0.443019 0.806400
vt 0.444470 0.806397
vt 0.444455 0.809122
vt 0.942666 0.226972
vt 0.942955 0.228367
vt 0.995700 -0.000000
vt 0.998070 0.000000
vt 0.998529 0.001443
vt 0.995819 0.001443
vt 0.944217 0.002041
vt 0.942666 0.001395
vt 0.942955 0.000000
vt 0.945326 0.000987
vt 0.948238 0.295355
vt 0.950608 0.295355
vt 0.950489 0.296798
vt 0.947779 0.296798
vt 0.944863 0.003608
vt 0.946308 0.003373
vt 0.443019 0.584779
vt 0.443006 0.582394
vt 0.444455 0.582058
vt 0.444470 0.584782
vt 0.959441 0.809030
vt 0.960992 0.808384
vt 0.962101 0.809437
vt 0.959730 0.810425
vt 0.512734 0.276455
vt 0.512734 0.278826
vt 0.511291 0.279285
vt 0.511291 0.276575
vt 0.961638 0.806816
vt 0.963083 0.807052
vt 0.421526 0.582403
vt 0.421539 0.584789
vt 0.420105 0.584792
vt 0.420090 0.582068
vt 0.960992 0.584099
vt 0.959441 0.583453
vt 0.959730 0.582058
vt 0.962101 0.583045
vt 0.504000 0.227523
vt 0.504001 0.229893
vt 0.502558 0.229774
vt 0.502558 0.227064
vt 0.961638 0.585666
vt 0.963083 0.585431
vt 0.421539 0.806410
vt 0.421526 0.808796
vt 0.420090 0.809131
vt 0.420105 0.806407
vt 0.911906 0.584099
vt 0.911260 0.585666
vt 0.909815 0.585431
vt 0.910798 0.583045
vt 0.421553 0.808796
vt 0.421539 0.806410
vt 0.422974 0.806407
vt 0.422989 0.809131
vt 0.913457 0.583453
vt 0.913168 0.582058
vt 0.504001 0.276455
vt 0.504000 0.278826
vt 0.502558 0.279285
vt 0.502558 0.276575
vt 0.911906 0.808384
vt 0.913457 0.809030
vt 0.913168 0.810425
vt 0.910798 0.809437
vt 0.512734 0.227523
vt 0.512734 0.229893
vt 0.511291 0.229774
vt 0.511291 0.227064
vt 0.911260 0.806816
vt 0.909815 0.807052
vt 0.421539 0.584789
vt 0.421553 0.582403
vt 0.422989 0.582067
vt 0.422974 0.584792
vt 0.841050 0.226842
vt 0.843036 0.227669
vt 0.842855 0.228572
vt 0.840357 0.227532
vt 0.504001 0.278998
vt 0.504001 0.276500
vt 0.504904 0.276575
vt 0.504904 0.279285
vt 0.840226 0.224841
vt 0.839322 0.225020
vt 0.412810 0.584866
vt 0.412796 0.582353
vt 0.413703 0.582068
vt 0.413718 0.584792
vt 0.843036 0.000903
vt 0.841050 0.001730
vt 0.840357 0.001040
vt 0.842855 0.000000
vt 0.495268 0.229848
vt 0.495267 0.227351
vt 0.496171 0.227064
vt 0.496171 0.229774
vt 0.840226 0.003731
vt 0.839322 0.003553
vt 0.412796 0.808845
vt 0.412810 0.806333
vt 0.413718 0.806407
vt 0.413703 0.809131
vt 0.892137 0.003732
vt 0.891312 0.001730
vt 0.892005 0.001040
vt 0.893040 0.003553
vt 0.430269 0.806333
vt 0.430282 0.808845
vt 0.429375 0.809131
vt 0.429361 0.806407
vt 0.889326 0.000903
vt 0.889507 0.000000
vt 0.495267 0.278998
vt 0.495268 0.276500
vt 0.496171 0.276575
vt 0.496171 0.279285
vt 0.889326 0.227669
vt 0.891312 0.226842
vt 0.892005 0.227532
vt 0.889507 0.228572
vt 0.504001 0.229848
vt 0.504001 0.227351
vt 0.504904 0.227064
vt 0.504904 0.229774
vt 0.892137 0.224841
vt 0.893040 0.225020
vt 0.430282 0.582353
vt 0.430269 0.584866
vt 0.429361 0.584792
vt 0.429375 0.582067
s 1
usemtl ceramic
f 1/1/1 147/2/2 425/3/3 145/4/4
f 147/2/2 2/5/5 146/6/6 425/3/3
f 425/3/3 146/6/6 4/7/7 148/8/8
f 145/4/4 425/3/3 148/8/8 3/9/9
f 3/10/9 148/11/8 426/12/10 149/13/11
f 148/11/8 4/14/7 150/15/12 426/12/10
f 426/12/10 150/15/12 6/16/13 151/17/14
f 149/13/11 426/12/10 151/17/14 5/18/15
f 5/18/15 151/17/14 427/19/16 152/20/17
f 151/17/14 6/16/13 153/21/18 427/19/16
f 427/19/16 153/21/18 8/22/19 154/23/20
f 152/20/17 427/19/16 154/23/20 7/24/21
f 7/25/21 154/26/20 428/27/22 155/28/23
f 154/26/20 8/29/19 156/30/24 428/27/22
f 428/27/22 156/30/24 10/31/25 157/32/26
f 155/28/23 428/27/22 157/32/26 9/33/27
f 9/33/27 157/32/26 429/34/28 158/35/29
f 157/32/26 10/31/25 159/36/30 429/34/28
f 429/34/28 159/36/30 12/37/31 160/38/32
f 158/35/29 429/34/28 160/38/32 11/39/33
f 11/40/33 160/41/32 430/42/34 161/43/35
f 160/41/32 12/44/31 162/45/36 430/42/34
f 430/42/34 162/45/36 14/46/37 163/47/38
f 161/43/35 430/42/34 163/47/38 13/48/39
f 16/49/40 165/50/41 431/51/42 258/52/43
f 165/50/41 14/46/37 257/53/44 431/51/42
f 431/51/42 257/53/44 63/54/45 255/55/46
f 258/52/43 431/51/42 255/55/46 64/56/47
f 13/48/39 163/47/38 432/57/48 164/58/49
f 163/47/38 14/46/37 165/50/41 432/57/48
f 432/57/48 165/50/41 16/49/40 166/59/50
f 164/58/49 432/57/48 166/59/50 15/60/51
f 15/61/51 166/62/50 433/63/52 167/64/53
f 166/62/50 16/65/40 168/66/54 433/63/52
f 433/63/52 168/66/54 2/5/5 147/2/2
f 167/64/53 433/63/52 147/2/2 1/1/1
f 26/67/55 200/68/56 434/69/57 186/70/58
f 200/68/56 25/71/59 177/72/60 434/69/57
f 434/69/57 177/72/60 17/73/61 176/74/62
f 186/70/58 434/69/57 176/74/62 24/75/63
f 42/76/64 232/77/65 435/78/66 218/79/67
f 232/77/65 41/80/68 209/81/69 435/78/66
f 435/78/66 209/81/69 33/82/70 208/83/71
f 218/79/67 435/78/66 208/83/71 40/84/72
f 25/71/59 199/85/73 436/86/74 177/72/60
f 199/85/73 27/87/75 179/88/76 436/86/74
f 436/86/74 179/88/76 18/89/77 169/90/78
f 177/72/60 436/86/74 169/90/78 17/73/61
f 29/91/79 198/92/80 437/93/81 189/94/82
f 198/92/80 28/95/83 180/96/84 437/93/81
f 437/93/81 180/96/84 20/97/85 171/98/86
f 189/94/82 437/93/81 171/98/86 19/99/87
f 31/100/88 197/101/89 438/102/90 191/103/91
f 197/101/89 30/104/92 182/105/93 438/102/90
f 438/102/90 182/105/93 23/106/94 174/107/95
f 191/103/91 438/102/90 174/107/95 22/108/96
f 28/109/83 196/110/97 439/111/98 180/112/84
f 196/110/97 32/113/99 184/114/100 439/111/98
f 439/111/98 184/114/100 21/115/101 172/116/102
f 180/112/84 439/111/98 172/116/102 20/117/85
f 30/104/92 195/118/103 440/119/104 182/105/93
f 195/118/103 26/120/55 186/121/58 440/119/104
f 440/119/104 186/121/58 24/122/63 175/123/105
f 182/105/93 440/119/104 175/123/105 23/106/94
f 27/124/75 194/125/106 441/126/107 179/127/76
f 194/125/106 29/91/79 189/94/82 441/126/107
f 441/126/107 189/94/82 19/99/87 170/128/108
f 179/127/76 441/126/107 170/128/108 18/129/77
f 32/113/99 193/130/109 442/131/110 184/114/100
f 193/130/109 31/132/88 191/133/91 442/131/110
f 442/131/110 191/133/91 22/134/96 173/135/111
f 184/114/100 442/131/110 173/135/111 21/115/101
f 9/33/27 158/35/29 443/136/112 192/137/113
f 158/35/29 11/39/33 183/138/114 443/136/112
f 443/136/112 183/138/114 31/132/88 193/130/109
f 192/137/113 443/136/112 193/130/109 32/113/99
f 3/10/9 149/13/11 444/139/115 187/140/116
f 149/13/11 5/18/15 181/141/117 444/139/115
f 444/139/115 181/141/117 29/91/79 194/125/106
f 187/140/116 444/139/115 194/125/106 27/124/75
f 13/48/39 164/58/49 445/142/118 190/143/119
f 164/58/49 15/60/51 178/144/120 445/142/118
f 445/142/118 178/144/120 26/120/55 195/118/103
f 190/143/119 445/142/118 195/118/103 30/104/92
f 7/25/21 155/28/23 446/145/121 188/146/122
f 155/28/23 9/33/27 192/137/113 446/145/121
f 446/145/121 192/137/113 32/113/99 196/110/97
f 188/146/122 446/145/121 196/110/97 28/109/83
f 11/40/33 161/43/35 447/147/123 183/148/114
f 161/43/35 13/48/39 190/143/119 447/147/123
f 447/147/123 190/143/119 30/104/92 197/101/89
f 183/148/114 447/147/123 197/101/89 31/100/88
f 5/18/15 152/20/17 448/149/124 181/141/117
f 152/20/17 7/24/21 188/150/122 448/149/124
f 448/149/124 188/150/122 28/95/83 198/92/80
f 181/141/117 448/149/124 198/92/80 29/91/79
f 1/1/1 145/4/4 449/151/125 185/152/126
f 145/4/4 3/9/9 187/153/116 449/151/125
f 449/151/125 187/153/116 27/87/75 199/85/73
f 185/152/126 449/151/125 199/85/73 25/71/59
f 15/61/51 167/64/53 450/154/127 178/155/120
f 167/64/53 1/1/1 185/152/126 450/154/127
f 450/154/127 185/152/126 25/71/59 200/68/56
f 178/155/120 450/154/127 200/68/56 26/67/55
f 40/84/72 208/83/71 451/156/128 242/157/129
f 208/83/71 33/82/70 241/158/130 451/156/128
f 451/156/128 241/158/130 49/159/131 240/160/132
f 242/157/129 451/156/128 240/160/132 56/161/133
f 44/162/134 231/163/135 452/164/136 220/165/137
f 231/163/135 43/166/138 211/167/139 452/164/136
f 452/164/136 211/167/139 39/168/140 206/169/141
f 220/165/137 452/164/136 206/169/141 38/170/142
f 46/171/143 230/172/144 453/173/145 222/174/146
f 230/172/144 45/175/147 213/176/148 453/173/145
f 453/173/145 213/176/148 37/177/149 204/178/150
f 222/174/146 453/173/145 204/178/150 36/179/151
f 48/180/152 229/181/153 454/182/154 224/183/155
f 229/181/153 47/184/156 215/185/157 454/182/154
f 454/182/154 215/185/157 35/186/158 202/187/159
f 224/183/155 454/182/154 202/187/159 34/188/160
f 43/166/138 228/189/161 455/190/162 211/167/139
f 228/189/161 42/76/64 218/79/67 455/190/162
f 455/190/162 218/79/67 40/84/72 207/191/163
f 211/167/139 455/190/162 207/191/163 39/168/140
f 45/175/147 227/192/164 456/193/165 213/176/148
f 227/192/164 44/162/134 220/165/137 456/193/165
f 456/193/165 220/165/137 38/170/142 205/194/166
f 213/176/148 456/193/165 205/194/166 37/177/149
f 47/184/156 226/195/167 457/196/168 215/185/157
f 226/195/167 46/171/143 222/174/146 457/196/168
f 457/196/168 222/174/146 36/179/151 203/197/169
f 215/185/157 457/196/168 203/197/169 35/186/158
f 41/80/68 225/198/170 458/199/171 209/81/69
f 225/198/170 48/180/152 224/183/155 458/199/171
f 458/199/171 224/183/155 34/188/160 201/200/172
f 209/81/69 458/199/171 201/200/172 33/82/70
f 17/73/61 169/90/78 459/201/173 217/202/174
f 169/90/78 18/89/77 216/203/175 459/201/173
f 459/204/173 216/205/175 48/180/152 225/198/170
f 217/202/174 459/201/173 225/206/170 41/207/68
f 19/99/87 171/98/86 460/208/176 223/209/177
f 171/98/86 20/97/85 214/210/178 460/208/176
f 460/211/176 214/212/178 46/171/143 226/195/167
f 223/213/177 460/211/176 226/195/167 47/184/156
f 21/115/101 173/135/111 461/214/179 221/215/180
f 173/135/111 22/134/96 212/216/181 461/214/179
f 461/217/179 212/218/181 44/162/134 227/192/164
f 221/215/180 461/214/179 227/219/164 45/220/147
f 23/106/94 175/123/105 462/221/182 219/222/183
f 175/123/105 24/122/63 210/223/184 462/221/182
f 462/224/182 210/225/184 42/76/64 228/189/161
f 219/226/183 462/224/182 228/189/161 43/166/138
f 18/129/77 170/128/108 463/227/185 216/228/175
f 170/128/108 19/99/87 223/209/177 463/227/185
f 463/229/185 223/213/177 47/184/156 229/181/153
f 216/205/175 463/229/185 229/181/153 48/180/152
f 20/117/85 172/116/102 464/230/186 214/231/178
f 172/116/102 21/115/101 221/215/180 464/230/186
f 464/230/186 221/215/180 45/220/147 230/232/144
f 214/212/178 464/233/186 230/172/144 46/171/143
f 22/108/96 174/107/95 465/234/187 212/235/181
f 174/107/95 23/106/94 219/222/183 465/234/187
f 465/236/187 219/226/183 43/166/138 231/163/135
f 212/218/181 465/236/187 231/163/135 44/162/134
f 24/75/63 176/74/62 466/237/188 210/238/184
f 176/74/62 17/73/61 217/202/174 466/237/188
f 466/237/188 217/202/174 41/207/68 232/239/65
f 210/225/184 466/240/188 232/77/65 42/76/64
f 49/159/131 233/241/189 467/242/190 240/160/132
f 50/243/191 234/244/192 467/242/190 233/241/189
f 51/245/193 235/246/194 467/242/190 234/244/192
f 52/247/195 236/248/196 467/242/190 235/246/194
f 53/249/197 237/250/198 467/242/190 236/248/196
f 54/251/199 238/252/200 467/242/190 237/250/198
f 55/253/201 239/254/202 467/242/190 238/252/200
f 56/161/133 240/160/132 467/242/190 239/254/202
f 38/170/142 206/169/141 468/255/203 244/256/204
f 206/169/141 39/168/140 243/257/205 468/255/203
f 468/255/203 243/257/205 55/253/201 238/252/200
f 244/256/204 468/255/203 238/252/200 54/251/199
f 36/179/151 204/178/150 469/258/206 246/259/207
f 204/178/150 37/177/149 245/260/208 469/258/206
f 469/258/206 245/260/208 53/249/197 236/248/196
f 246/259/207 469/258/206 236/248/196 52/247/195
f 34/188/160 202/187/159 470/261/209 248/262/210
f 202/187/159 35/186/158 247/263/211 470/261/209
f 470/261/209 247/263/211 51/245/193 234/244/192
f 248/262/210 470/261/209 234/244/192 50/243/191
f 39/168/140 207/191/163 471/264/212 243/257/205
f 207/191/163 40/84/72 242/157/129 471/264/212
f 471/264/212 242/157/129 56/161/133 239/254/202
f 243/257/205 471/264/212 239/254/202 55/253/201
f 37/177/149 205/194/166 472/265/213 245/260/208
f 205/194/166 38/170/142 244/256/204 472/265/213
f 472/265/213 244/256/204 54/251/199 237/250/198
f 245/260/208 472/265/213 237/250/198 53/249/197
f 35/186/158 203/197/169 473/266/214 247/263/211
f 203/197/169 36/179/151 246/259/207 473/266/214
f 473/266/214 246/259/207 52/247/195 235/246/194
f 247/263/211 473/266/214 235/246/194 51/245/193
f 33/82/70 201/200/172 474/267/215 241/158/130
f 201/200/172 34/188/160 248/262/210 474/267/215
f 474/267/215 248/262/210 50/243/191 233/241/189
f 241/158/130 474/267/215 233/241/189 49/159/131
f 62/268/216 253/269/217 475/270/218 274/271/219
f 253/269/217 61/272/220 273/273/221 475/270/218
f 475/270/218 273/273/221 69/274/222 269/275/223
f 274/271/219 475/270/218 269/275/223 70/276/224
f 6/16/13 150/15/12 476/277/225 260/278/226
f 150/15/12 4/14/7 259/279/227 476/277/225
f 476/277/225 259/279/227 58/280/228 250/281/229
f 260/278/226 476/277/225 250/281/229 59/282/230
f 12/37/31 159/36/30 477/283/231 262/284/232
f 159/36/30 10/31/25 261/285/233 477/283/231
f 477/283/231 261/285/233 61/272/220 253/269/217
f 262/284/232 477/283/231 253/269/217 62/268/216
f 2/5/5 168/66/54 478/286/234 263/287/235
f 168/66/54 16/65/40 258/288/43 478/286/234
f 478/286/234 258/288/43 64/289/47 256/290/236
f 263/287/235 478/286/234 256/290/236 57/291/237
f 4/7/7 146/6/6 479/292/238 259/293/227
f 146/6/6 2/5/5 263/287/235 479/292/238
f 479/292/238 263/287/235 57/291/237 249/294/239
f 259/293/227 479/292/238 249/294/239 58/295/228
f 8/22/19 153/21/18 480/296/240 264/297/241
f 153/21/18 6/16/13 260/278/226 480/296/240
f 480/296/240 260/278/226 59/282/230 251/298/242
f 264/297/241 480/296/240 251/298/242 60/299/243
f 14/46/37 162/45/36 481/300/244 257/53/44
f 162/45/36 12/44/31 262/301/232 481/300/244
f 481/300/244 262/301/232 62/302/216 254/303/245
f 257/53/44 481/300/244 254/303/245 63/54/45
f 10/31/25 156/30/24 482/304/246 261/285/233
f 156/30/24 8/29/19 264/305/241 482/304/246
f 482/304/246 264/305/241 60/306/243 252/307/247
f 261/285/233 482/304/246 252/307/247 61/272/220
f 82/308/248 312/309/249 483/310/250 298/311/251
f 312/309/249 81/312/252 289/313/253 483/310/250
f 483/310/250 289/313/253 79/314/254 287/315/255
f 298/311/251 483/310/250 287/315/255 80/316/256
f 60/299/243 251/298/242 484/317/257 276/318/258
f 251/298/242 59/282/230 275/319/259 484/317/257
f 484/317/257 275/319/259 67/320/260 267/321/261
f 276/318/258 484/317/257 267/321/261 68/322/262
f 58/295/228 249/294/239 485/323/263 278/324/264
f 249/294/239 57/291/237 277/325/265 485/323/263
f 485/323/263 277/325/265 65/326/266 265/327/267
f 278/324/264 485/323/263 265/327/267 66/328/268
f 57/291/237 256/290/236 486/329/269 277/325/265
f 256/290/236 64/289/47 279/330/270 486/329/269
f 486/329/269 279/330/270 72/331/271 272/332/272
f 277/325/265 486/329/269 272/332/272 65/326/266
f 63/54/45 254/303/245 487/333/273 280/334/274
f 254/303/245 62/302/216 274/335/219 487/333/273
f 487/333/273 274/335/219 70/336/224 270/337/275
f 280/334/274 487/333/273 270/337/275 71/338/276
f 61/272/220 252/307/247 488/339/277 273/273/221
f 252/307/247 60/306/243 276/340/258 488/339/277
f 488/339/277 276/340/258 68/341/262 268/342/278
f 273/273/221 488/339/277 268/342/278 69/274/222
f 59/282/230 250/281/229 489/343/279 275/319/259
f 250/281/229 58/280/228 278/344/264 489/343/279
f 489/343/279 278/344/264 66/345/268 266/346/280
f 275/319/259 489/343/279 266/346/280 67/320/260
f 64/56/47 255/55/46 490/347/281 279/348/270
f 255/55/46 63/54/45 280/334/274 490/347/281
f 490/347/281 280/334/274 71/338/276 271/349/282
f 279/348/270 490/347/281 271/349/282 72/350/271
f 79/314/254 286/351/283 491/352/284 322/353/285
f 286/351/283 78/354/286 321/355/287 491/352/284
f 491/352/284 321/355/287 102/356/288 318/357/289
f 322/353/285 491/352/284 318/357/289 103/358/290
f 84/359/291 311/360/292 492/361/293 300/362/294
f 311/360/292 83/363/295 291/364/296 492/361/293
f 492/361/293 291/364/296 77/365/297 285/366/298
f 300/362/294 492/361/293 285/366/298 78/367/286
f 86/368/299 310/369/300 493/370/301 302/371/302
f 310/369/300 85/372/303 293/373/304 493/370/301
f 493/370/301 293/373/304 75/374/305 283/375/306
f 302/371/302 493/370/301 283/375/306 76/376/307
f 88/377/308 309/378/309 494/379/310 304/380/311
f 309/378/309 87/381/312 295/382/313 494/379/310
f 494/379/310 295/382/313 73/383/314 281/384/315
f 304/380/311 494/379/310 281/384/315 74/385/316
f 87/381/312 308/386/317 495/387/318 295/382/313
f 308/386/317 82/388/248 298/389/251 495/387/318
f 495/387/318 298/389/251 80/390/256 288/391/319
f 295/382/313 495/387/318 288/391/319 73/383/314
f 81/312/252 307/392/320 496/393/321 289/313/253
f 307/392/320 84/394/291 300/395/294 496/393/321
f 496/393/321 300/395/294 78/354/286 286/351/283
f 289/313/253 496/393/321 286/351/283 79/314/254
f 83/363/295 306/396/322 497/397/323 291/364/296
f 306/396/322 86/398/299 302/399/302 497/397/323
f 497/397/323 302/399/302 76/400/307 284/401/324
f 291/364/296 497/397/323 284/401/324 77/365/297
f 85/372/303 305/402/325 498/403/326 293/373/304
f 305/402/325 88/404/308 304/405/311 498/403/326
f 498/403/326 304/405/311 74/406/316 282/407/327
f 293/373/304 498/403/326 282/407/327 75/374/305
f 67/320/260 266/346/280 499/408/328 301/409/329
f 266/346/280 66/345/268 296/410/330 499/408/328
f 499/408/328 296/410/330 88/404/308 305/402/325
f 301/409/329 499/408/328 305/402/325 85/372/303
f 69/274/222 268/342/278 500/411/331 299/412/332
f 268/342/278 68/341/262 294/413/333 500/411/331
f 500/411/331 294/413/333 86/398/299 306/396/322
f 299/412/332 500/411/331 306/396/322 83/363/295
f 71/338/276 270/337/275 501/414/334 297/415/335
f 270/337/275 70/336/224 292/416/336 501/414/334
f 501/414/334 292/416/336 84/394/291 307/392/320
f 297/415/335 501/414/334 307/392/320 81/312/252
f 65/326/266 272/332/272 502/417/337 303/418/338
f 272/332/272 72/331/271 290/419/339 502/417/337
f 502/417/337 290/419/339 82/388/248 308/386/317
f 303/418/338 502/417/337 308/386/317 87/381/312
f 66/328/268 265/327/267 503/420/340 296/421/330
f 265/327/267 65/326/266 303/418/338 503/420/340
f 503/420/340 303/418/338 87/381/312 309/378/309
f 296/421/330 503/420/340 309/378/309 88/377/308
f 68/322/262 267/321/261 504/422/341 294/423/333
f 267/321/261 67/320/260 301/409/329 504/422/341
f 504/422/341 301/409/329 85/372/303 310/369/300
f 294/423/333 504/422/341 310/369/300 86/368/299
f 70/276/224 269/275/223 505/424/342 292/425/336
f 269/275/223 69/274/222 299/412/332 505/424/342
f 505/424/342 299/412/332 83/363/295 311/360/292
f 292/425/336 505/424/342 311/360/292 84/359/291
f 72/350/271 271/349/282 506/426/343 290/427/339
f 271/349/282 71/338/276 297/415/335 506/426/343
f 506/426/343 297/415/335 81/312/252 312/309/249
f 290/427/339 506/426/343 312/309/249 82/308/248
f 92/428/344 331/429/345 507/430/346 354/431/347
f 331/429/345 91/432/348 353/433/349 507/430/346
f 507/430/346 353/433/349 107/434/350 347/435/351
f 354/431/347 507/430/346 347/435/351 108/436/352
f 77/365/297 284/401/324 508/437/353 324/438/354
f 284/401/324 76/400/307 323/439/355 508/437/353
f 508/437/353 323/439/355 100/440/356 316/441/357
f 324/438/354 508/437/353 316/441/357 101/442/358
f 75/374/305 282/407/327 509/443/359 326/444/360
f 282/407/327 74/406/316 325/445/361 509/443/359
f 509/443/359 325/445/361 97/446/362 314/447/363
f 326/444/360 509/443/359 314/447/363 99/448/364
f 80/316/256 287/315/255 510/449/365 327/450/366
f 287/315/255 79/314/254 322/353/285 510/449/365
f 510/449/365 322/353/285 103/358/290 319/451/367
f 327/450/366 510/449/365 319/451/367 104/452/368
f 78/367/286 285/366/298 511/453/369 321/454/287
f 285/366/298 77/365/297 324/438/354 511/453/369
f 511/453/369 324/438/354 101/442/358 317/455/370
f 321/454/287 511/453/369 317/455/370 102/456/288
f 76/376/307 283/375/306 512/457/371 323/458/355
f 283/375/306 75/374/305 326/444/360 512/457/371
f 512/457/371 326/444/360 99/448/364 315/459/372
f 323/458/355 512/457/371 315/459/372 100/460/356
f 74/385/316 281/384/315 513/461/373 325/462/361
f 281/384/315 73/383/314 328/463/374 513/461/373
f 513/461/373 328/463/374 98/464/375 313/465/376
f 325/462/361 513/461/373 313/465/376 97/466/362
f 73/383/314 288/391/319 514/467/377 328/463/374
f 288/391/319 80/390/256 327/468/366 514/467/377
f 514/467/377 327/468/366 104/469/368 320/470/378
f 328/463/374 514/467/377 320/470/378 98/464/375
f 89/471/379 329/472/380 515/473/381 337/474/382
f 329/472/380 90/475/383 338/476/384 515/473/381
f 515/477/381 338/478/384 97/479/385 313/480/385
f 337/481/385 515/477/381 313/480/385 98/482/385
f 90/483/383 330/484/386 516/485/387 338/478/384
f 330/484/386 91/486/348 339/487/388 516/485/387
f 516/485/387 339/487/388 99/488/385 314/489/385
f 338/478/384 516/485/387 314/489/385 97/479/385
f 91/486/348 331/490/345 517/491/389 339/487/388
f 331/490/345 92/492/344 340/493/390 517/491/389
f 517/491/389 340/493/390 100/494/385 315/495/385
f 339/487/388 517/491/389 315/495/385 99/488/385
f 92/496/344 332/497/391 518/498/392 340/499/390
f 332/497/391 93/500/393 341/501/394 518/498/392
f 518/502/392 341/503/385 101/504/385 316/505/385
f 340/493/390 518/502/392 316/505/385 100/494/385
f 93/500/393 333/506/395 519/507/396 341/501/394
f 333/506/395 94/508/397 342/509/398 519/507/396
f 519/510/396 342/511/398 102/512/385 317/513/385
f 341/503/385 519/510/396 317/513/385 101/504/385
f 94/514/397 334/515/399 520/516/400 342/511/398
f 334/515/399 95/517/401 343/518/402 520/516/400
f 520/516/400 343/518/402 103/519/385 318/520/385
f 342/511/398 520/516/400 318/520/385 102/512/385
f 95/517/401 335/521/403 521/522/404 343/518/402
f 335/521/403 96/523/405 344/524/406 521/522/404
f 521/522/404 344/524/406 104/525/385 319/526/385
f 343/518/402 521/522/404 319/526/385 103/519/385
f 96/527/405 336/528/407 522/529/408 344/530/406
f 336/528/407 89/471/379 337/474/382 522/529/408
f 522/531/408 337/481/385 98/482/385 320/532/385
f 344/524/406 522/531/408 320/532/385 104/525/385
f 112/533/409 351/534/410 523/535/411 370/536/412
f 351/534/410 111/537/413 369/538/414 523/535/411
f 523/535/411 369/538/414 119/539/415 367/540/416
f 370/536/412 523/535/411 367/540/416 120/541/417
f 90/475/383 329/472/380 524/542/418 356/543/419
f 329/472/380 89/471/379 355/544/420 524/542/418
f 524/542/418 355/544/420 106/545/421 345/546/422
f 356/543/419 524/542/418 345/546/422 105/547/423
f 89/471/379 336/528/407 525/548/424 355/544/420
f 336/528/407 96/527/405 357/549/425 525/548/424
f 525/548/424 357/549/425 112/550/409 352/551/426
f 355/544/420 525/548/424 352/551/426 106/545/421
f 95/552/401 334/553/399 526/554/427 359/555/428
f 334/553/399 94/556/397 358/557/429 526/554/427
f 526/554/427 358/557/429 110/558/430 350/559/431
f 359/555/428 526/554/427 350/559/431 111/537/413
f 93/500/393 332/497/391 527/560/432 360/561/433
f 332/497/391 92/496/344 354/562/347 527/560/432
f 527/560/432 354/562/347 108/563/352 348/564/434
f 360/561/433 527/560/432 348/564/434 109/565/435
f 91/432/348 330/566/386 528/567/436 353/433/349
f 330/566/386 90/568/383 356/569/419 528/567/436
f 528/567/436 356/569/419 105/570/423 346/571/437
f 353/433/349 528/567/436 346/571/437 107/434/350
f 96/572/405 335/573/403 529/574/438 357/575/425
f 335/573/403 95/552/401 359/555/428 529/574/438
f 529/574/438 359/555/428 111/537/413 351/534/410
f 357/575/425 529/574/438 351/534/410 112/533/409
f 94/508/397 333/506/395 530/576/439 358/577/429
f 333/506/395 93/500/393 360/561/433 530/576/439
f 530/576/439 360/561/433 109/565/435 349/578/440
f 358/577/429 530/576/439 349/578/440 110/579/430
f 110/579/430 349/578/440 531/580/441 372/581/442
f 349/578/440 109/565/435 371/582/443 531/580/441
f 531/580/441 371/582/443 117/583/444 365/584/445
f 372/581/442 531/580/441 365/584/445 118/585/446
f 108/436/352 347/435/351 532/586/447 374/587/448
f 347/435/351 107/434/350 373/588/449 532/586/447
f 532/586/447 373/588/449 115/589/450 363/590/451
f 374/587/448 532/586/447 363/590/451 116/591/452
f 105/547/423 345/546/422 533/592/453 376/593/454
f 345/546/422 106/545/421 375/594/455 533/592/453
f 533/592/453 375/594/455 114/595/456 361/596/457
f 376/593/454 533/592/453 361/596/457 113/597/458
f 106/545/421 352/551/426 534/598/459 375/594/455
f 352/551/426 112/550/409 370/599/412 534/598/459
f 534/598/459 370/599/412 120/600/417 368/601/460
f 375/594/455 534/598/459 368/601/460 114/595/456
f 111/537/413 350/559/431 535/602/461 369/538/414
f 350/559/431 110/558/430 372/603/442 535/602/461
f 535/602/461 372/603/442 118/604/446 366/605/462
f 369/538/414 535/602/461 366/605/462 119/539/415
f 109/565/435 348/564/434 536/606/463 371/582/443
f 348/564/434 108/563/352 374/607/448 536/606/463
f 536/606/463 374/607/448 116/608/452 364/609/464
f 371/582/443 536/606/463 364/609/464 117/583/444
f 107/434/350 346/571/437 537/610/465 373/588/449
f 346/571/437 105/570/423 376/611/454 537/610/465
f 537/610/465 376/611/454 113/612/458 362/613/466
f 373/588/449 537/610/465 362/613/466 115/589/450
f 122/614/467 378/615/468 538/616/469 377/617/470
f 378/615/468 124/618/471 379/619/472 538/616/469
f 538/616/469 379/619/472 126/620/473 380/621/474
f 377/617/470 538/616/469 380/621/474 123/622/475
f 123/623/475 380/624/474 539/625/476 381/626/477
f 380/624/474 126/627/473 382/628/478 539/625/476
f 539/625/476 382/628/478 125/629/479 383/630/480
f 381/626/477 539/625/476 383/630/480 121/631/481
f 128/632/482 385/633/483 540/634/484 384/635/485
f 385/633/483 122/636/467 377/637/470 540/634/484
f 540/634/484 377/637/470 123/638/475 386/639/486
f 384/635/485 540/634/484 386/639/486 129/640/487
f 129/641/487 386/642/486 541/643/488 387/644/489
f 386/642/486 123/623/475 381/626/477 541/643/488
f 541/643/488 381/626/477 121/631/481 388/645/490
f 387/644/489 541/643/488 388/645/490 127/646/491
f 131/647/492 390/648/493 542/649/494 389/650/495
f 390/648/493 128/632/482 384/635/485 542/649/494
f 542/649/494 384/635/485 129/640/487 391/651/496
f 389/650/495 542/649/494 391/651/496 132/652/497
f 132/653/497 391/654/496 543/655/498 392/656/499
f 391/654/496 129/641/487 387/644/489 543/655/498
f 543/655/498 387/644/489 127/646/491 393/657/500
f 392/656/499 543/655/498 393/657/500 130/658/501
f 134/659/502 395/660/503 544/661/504 394/662/505
f 395/660/503 131/663/492 389/664/495 544/661/504
f 544/661/504 389/664/495 132/665/497 396/666/506
f 394/662/505 544/661/504 396/666/506 135/667/507
f 135/668/507 396/669/506 545/670/508 397/671/509
f 396/669/506 132/653/497 392/656/499 545/670/508
f 545/670/508 392/656/499 130/658/501 398/672/510
f 397/671/509 545/670/508 398/672/510 133/673/511
f 137/674/512 400/675/513 546/676/514 399/677/515
f 400/675/513 134/659/502 394/662/505 546/676/514
f 546/676/514 394/662/505 135/667/507 401/678/516
f 399/677/515 546/676/514 401/678/516 138/679/517
f 138/680/517 401/681/516 547/682/518 402/683/519
f 401/681/516 135/668/507 397/671/509 547/682/518
f 547/682/518 397/671/509 133/673/511 403/684/520
f 402/683/519 547/682/518 403/684/520 136/685/521
f 140/686/522 405/687/523 548/688/524 404/689/525
f 405/687/523 137/690/512 399/691/515 548/688/524
f 548/688/524 399/691/515 138/692/517 406/693/526
f 404/689/525 548/688/524 406/693/526 141/694/527
f 141/695/527 406/696/526 549/697/528 407/698/529
f 406/696/526 138/680/517 402/683/519 549/697/528
f 549/697/528 402/683/519 136/685/521 408/699/530
f 407/698/529 549/697/528 408/699/530 139/700/531
f 143/701/532 410/702/533 550/703/534 409/704/535
f 410/702/533 140/686/522 404/689/525 550/703/534
f 550/703/534 404/689/525 141/694/527 411/705/536
f 409/704/535 550/703/534 411/705/536 144/706/537
f 144/707/537 411/708/536 551/709/538 412/710/539
f 411/708/536 141/695/527 407/698/529 551/709/538
f 551/709/538 407/698/529 139/700/531 413/711/540
f 412/710/539 551/709/538 413/711/540 142/712/541
f 124/618/471 414/713/542 552/714/543 379/619/472
f 414/713/542 143/715/532 409/716/535 552/714/543
f 552/714/543 409/716/535 144/717/537 415/718/544
f 379/619/472 552/714/543 415/718/544 126/620/473
f 126/627/473 415/719/544 553/720/545 382/628/478
f 415/719/544 144/707/537 412/710/539 553/720/545
f 553/720/545 412/710/539 142/712/541 416/721/546
f 382/628/478 553/720/545 416/721/546 125/629/479
f 113/597/458 361/596/457 554/722/547 417/723/548
f 361/596/457 114/595/456 418/724/549 554/722/547
f 554/722/547 418/724/549 124/618/471 378/615/468
f 417/723/548 554/722/547 378/615/468 122/614/467
f 121/631/481 383/630/480 555/725/385 388/645/490
f 125/629/479 416/721/546 555/725/385 383/630/480
f 142/712/541 413/711/540 555/725/385 416/721/546
f 139/700/531 408/699/530 555/725/385 413/711/540
f 136/685/521 403/684/520 555/725/385 408/699/530
f 133/673/511 398/672/510 555/725/385 403/684/520
f 130/658/501 393/657/500 555/725/385 398/672/510
f 127/646/491 388/645/490 555/725/385 393/657/500
f 115/589/450 362/613/466 556/726/550 419/727/551
f 362/613/466 113/612/458 417/728/548 556/726/550
f 556/726/550 417/728/548 122/636/467 385/633/483
f 419/727/551 556/726/550 385/633/483 128/632/482
f 114/595/456 368/601/460 557/729/552 418/724/549
f 368/601/460 120/600/417 420/730/553 557/729/552
f 557/729/552 420/730/553 143/715/532 414/713/542
f 418/724/549 557/729/552 414/713/542 124/618/471
f 116/591/452 363/590/451 558/731/554 421/732/555
f 363/590/451 115/589/450 419/727/551 558/731/554
f 558/731/554 419/727/551 128/632/482 390/648/493
f 421/732/555 558/731/554 390/648/493 131/647/492
f 117/583/444 364/609/464 559/733/556 422/734/557
f 364/609/464 116/608/452 421/735/555 559/733/556
f 559/733/556 421/735/555 131/663/492 395/660/503
f 422/734/557 559/733/556 395/660/503 134/659/502
f 118/585/446 365/584/445 560/736/558 423/737/559
f 365/584/445 117/583/444 422/734/557 560/736/558
f 560/736/558 422/734/557 134/659/502 400/675/513
f 423/737/559 560/736/558 400/675/513 137/674/512
f 119/539/415 366/605/462 561/738/560 424/739/561
f 366/605/462 118/604/446 423/740/559 561/738/560
f 561/738/560 423/740/559 137/690/512 405/687/523
f 424/739/561 561/738/560 405/687/523 140/686/522
f 120/541/417 367/540/416 562/741/562 420/742/553
f 367/540/416 119/539/415 424/739/561 562/741/562
f 562/741/562 424/739/561 140/686/522 410/702/533
f 420/742/553 562/741/562 410/702/533 143/701/532
f 587/743/563 572/744/563 574/745/564 589/746/564
f 589/746/564 574/745/564 573/747/565 590/748/565
f 590/749/565 573/750/565 571/751/566 588/752/566
f 575/753/567 592/754/567 594/755/568 577/756/568
f 577/757/568 594/758/568 593/759/569 578/760/569
f 578/760/569 593/759/569 591/761/570 576/762/570
f 563/763/571 580/764/571 582/765/572 565/766/572
f 565/766/572 582/765/572 581/767/573 566/768/573
f 566/769/573 581/770/573 579/771/574 564/772/574
f 583/773/575 568/774/575 570/775/576 585/776/576
f 585/777/576 570/778/576 569/779/577 586/780/577
f 586/780/577 569/779/577 567/781/578 584/782/578
f 572/744/563 587/743/563 580/764/571 563/763/571
f 563/783/579 565/784/579 566/785/579 564/786/579 567/787/579 569/788/579 570/789/579 568/790/579 575/791/579 577/792/579 578/793/579 576/794/579 571/795/579 573/796/579 574/797/579 572/798/579
f 579/771/574 584/782/578 567/781/578 564/772/574
f 592/754/567 575/753/567 568/774/575 583/773/575
f 571/751/566 576/762/570 591/761/570 588/752/566
f 587/799/580 589/800/580 590/801/580 588/802/580 591/803/580 593/804/580 594/805/580 592/783/580 583/798/580 585/806/580 586/807/580 584/808/580 579/809/580 581/810/580 582/811/580 580/812/580
f 617/813/581 596/814/582 597/815/583 618/816/584
f 618/817/584 597/818/583 595/819/585 616/820/586
f 598/821/587 607/822/588 609/823/589 600/824/590
f 600/825/590 609/826/589 608/827/591 599/828/592
f 601/829/593 610/830/594 612/831/595 603/832/596
f 603/833/596 612/834/595 611/835/597 602/836/598
f 604/837/599 613/838/600 615/839/601 606/840/602
f 606/841/602 615/842/601 614/843/603 605/844/604
f 670/845/605 664/846/606 666/847/607 672/848/608
f 672/849/608 666/850/607 665/851/609 671/852/610
f 637/853/611 646/854/612 648/855/613 639/856/614
f 639/857/614 648/858/613 647/859/615 638/860/616
f 673/861/617 670/845/605 672/848/608 675/862/618
f 675/863/618 672/849/608 671/852/610 674/864/619
f 646/854/612 643/865/620 645/866/621 648/855/613
f 648/858/613 645/867/621 644/868/622 647/859/615
f 676/869/623 673/861/617 675/862/618 678/870/624
f 678/871/624 675/863/618 674/864/619 677/872/625
f 643/865/620 640/873/626 642/874/627 645/866/621
f 645/867/621 642/875/627 641/876/628 644/868/622
f 667/877/629 676/869/623 678/870/624 669/878/630
f 669/879/630 678/880/624 677/881/625 668/882/631
f 640/873/626 634/883/632 636/884/633 642/874/627
f 642/885/627 636/886/633 635/887/634 641/888/628
f 625/889/635 619/890/636 621/891/637 627/892/638
f 627/893/638 621/894/637 620/895/639 626/896/640
f 652/897/641 661/898/642 663/899/643 654/900/644
f 654/901/644 663/902/643 662/903/645 653/904/646
f 628/905/647 625/889/635 627/892/638 630/906/648
f 630/907/648 627/893/638 626/896/640 629/908/649
f 661/898/642 658/909/650 660/910/651 663/899/643
f 663/902/643 660/911/651 659/912/652 662/903/645
f 631/913/653 628/905/647 630/906/648 633/914/654
f 633/915/654 630/907/648 629/908/649 632/916/655
f 658/909/650 655/917/656 657/918/657 660/910/651
f 660/911/651 657/919/657 656/920/658 659/912/652
f 622/921/659 631/913/653 633/914/654 624/922/660
f 624/923/660 633/924/654 632/925/655 623/926/661
f 655/917/656 649/927/662 651/928/663 657/918/657
f 657/929/657 651/930/663 650/931/664 656/932/658
f 638/860/616 620/895/639 621/894/637 639/857/614
f 639/856/614 621/891/637 619/890/636 637/853/611
f 623/926/661 617/813/581 618/816/584 624/923/660
f 624/922/660 618/817/584 616/820/586 622/921/659
f 607/822/588 635/887/634 636/886/633 609/823/589
f 609/826/589 636/884/633 634/883/632 608/827/591
f 664/846/606 652/897/641 654/900/644 666/847/607
f 666/850/607 654/901/644 653/904/646 665/851/609
f 649/927/662 614/843/603 615/842/601 651/928/663
f 651/930/663 615/839/601 613/838/600 650/931/664
f 610/830/594 667/877/629 669/878/630 612/831/595
f 612/834/595 669/879/630 668/882/631 611/835/597
f 616/820/586 595/819/585 599/828/592 608/827/591
f 613/838/600 604/837/599 596/814/582 617/813/581
f 607/822/588 598/821/587 602/836/598 611/835/597
f 610/830/594 601/829/593 605/844/604 614/843/603
f 635/887/634 607/822/588 611/835/597 668/882/631
f 619/890/636 625/889/635 628/905/647 631/913/653 622/921/659 616/820/586 608/827/591 634/883/632 640/873/626 643/865/620 646/854/612 637/853/611
f 664/846/606 670/845/605 673/861/617 676/869/623 667/877/629 610/830/594 614/843/603 649/927/662 655/917/656 658/909/650 661/898/642 652/897/641
f 650/931/664 613/838/600 617/813/581 623/926/661
f 620/895/639 653/904/646 662/903/645 626/896/640
f 638/860/616 665/851/609 653/904/646 620/895/639
f 632/925/655 656/932/658 650/931/664 623/926/661
f 626/896/640 662/903/645 659/912/652 629/908/649
f 629/908/649 659/912/652 656/920/658 632/916/655
f 677/881/625 641/888/628 635/887/634 668/882/631
f 665/851/609 638/860/616 647/859/615 671/852/610
f 674/864/619 644/868/622 641/876/628 677/872/625
f 671/852/610 647/859/615 644/868/622 674/864/619
f 682/933/665 685/934/666 687/935/667 684/936/668
f 684/937/668 687/938/667 686/939/669 683/940/670
f 685/934/666 679/941/671 681/942/672 687/935/667
f 687/943/667 681/944/672 680/945/673 686/946/669
f 694/947/674 688/948/675 690/949/676 696/950/677
f 696/951/677 690/952/676 689/953/678 695/954/679
f 691/955/680 694/947/674 696/950/677 693/956/681
f 693/957/681 696/958/677 695/959/679 692/960/682
f 712/961/683 706/962/684 708/963/685 714/964/686
f 714/965/686 708/966/685 707/967/687 713/968/688
f 709/969/689 712/961/683 714/964/686 711/970/690
f 711/971/690 714/972/686 713/973/688 710/974/691
f 703/975/692 697/976/693 699/977/694 705/978/695
f 705/979/695 699/980/694 698/981/696 704/982/697
f 700/983/698 703/975/692 705/978/695 702/984/699
f 702/985/699 705/986/695 704/987/697 701/988/700
f 697/976/693 682/933/665 684/936/668 699/977/694
f 699/980/694 684/937/668 683/940/670 698/981/696
f 679/941/671 691/955/680 693/956/681 681/942/672
f 681/944/672 693/957/681 692/960/682 680/945/673
f 701/988/700 707/967/687 708/966/685 702/985/699
f 702/984/699 708/963/685 706/962/684 700/983/698
f 710/974/691 689/953/678 690/952/676 711/971/690
f 711/970/690 690/949/676 688/948/675 709/969/689
f 597/818/583 686/946/669 680/945/673 595/819/585
f 595/819/585 680/945/673 692/960/682 599/828/592
f 604/837/599 698/981/696 683/940/670 596/814/582
f 596/814/582 683/940/670 686/939/669 597/815/583
f 689/953/678 598/821/587 600/824/590 695/954/679
f 598/821/587 689/953/678 710/974/691 602/836/598
f 695/959/679 600/825/590 599/828/592 692/960/682
f 698/981/696 604/837/599 606/840/602 704/982/697
f 704/987/697 606/841/602 605/844/604 701/988/700
f 601/829/593 707/967/687 701/988/700 605/844/604
f 707/967/687 601/829/593 603/832/596 713/968/688
f 713/973/688 603/833/596 602/836/598 710/974/691
f 688/989/701 694/990/702 720/991/703 718/992/704
f 718/993/704 720/994/703 719/995/705 717/996/706
f 694/990/702 691/997/707 716/998/708 720/991/703
f 720/999/703 716/1000/708 715/1001/709 719/1002/705
f 685/1003/710 682/1004/711 722/1005/712 726/1006/713
f 726/1007/713 722/1008/712 721/1009/714 725/1010/715
f 679/1011/716 685/1003/710 726/1006/713 724/1012/717
f 724/1013/717 726/1014/713 725/1015/715 723/1016/718
f 703/1017/719 700/1018/720 734/1019/721 738/1020/722
f 738/1021/722 734/1022/721 733/1023/723 737/1024/724
f 697/1025/725 703/1017/719 738/1020/722 736/1026/726
f 736/1027/726 738/1028/722 737/1029/724 735/1030/727
f 712/1031/728 709/1032/729 728/1033/730 732/1034/731
f 732/1035/731 728/1036/730 727/1037/732 731/1038/733
f 706/1039/734 712/1031/728 732/1034/731 730/1040/735
f 730/1041/735 732/1042/731 731/1043/733 729/1044/736
f 709/1032/729 688/989/701 718/992/704 728/1033/730
f 728/1036/730 718/993/704 717/996/706 727/1037/732
f 691/997/707 679/1011/716 724/1012/717 716/998/708
f 716/1000/708 724/1013/717 723/1016/718 715/1001/709
f 729/1044/736 733/1023/723 734/1022/721 730/1041/735
f 730/1040/735 734/1019/721 700/1018/720 706/1039/734
f 735/1030/727 721/1009/714 722/1008/712 736/1027/726
f 736/1026/726 722/1005/712 682/1004/711 697/1025/725
f 746/1045/737 742/1046/738 744/1047/739 747/1048/740
f 747/1049/740 744/1050/739 743/1051/741 745/1052/742
f 740/1053/743 746/1045/737 747/1048/740 741/1054/744
f 741/1055/744 747/1056/740 745/1057/742 739/1058/745
f 749/1059/746 754/1060/747 756/1061/748 750/1062/749
f 750/1063/749 756/1064/748 755/1065/750 748/1066/751
f 754/1060/747 751/1067/752 753/1068/753 756/1061/748
f 756/1069/748 753/1070/753 752/1071/754 755/1072/750
f 767/1073/755 772/1074/756 774/1075/757 768/1076/758
f 768/1077/758 774/1078/757 773/1079/759 766/1080/760
f 772/1074/756 769/1081/761 771/1082/762 774/1075/757
f 774/1083/757 771/1084/762 770/1085/763 773/1086/759
f 758/1087/764 763/1088/765 765/1089/766 759/1090/767
f 759/1091/767 765/1092/766 764/1093/768 757/1094/769
f 763/1088/765 760/1095/770 762/1096/771 765/1089/766
f 765/1097/766 762/1098/771 761/1099/772 764/1100/768
f 742/1046/738 758/1087/764 759/1090/767 744/1047/739
f 744/1050/739 759/1091/767 757/1094/769 743/1051/741
f 751/1067/752 740/1053/743 741/1054/744 753/1068/753
f 753/1070/753 741/1055/744 739/1058/745 752/1071/754
f 760/1095/770 767/1073/755 768/1076/758 762/1096/771
f 762/1098/771 768/1077/758 766/1080/760 761/1099/772
f 769/1081/761 749/1059/746 750/1062/749 771/1082/762
f 771/1084/762 750/1063/749 748/1066/751 770/1085/763
f 746/1045/737 740/1053/743 751/1067/752 754/1060/747 749/1059/746 769/1081/761 772/1074/756 767/1073/755 760/1095/770 763/1088/765 758/1087/764 742/1046/738
f 715/1001/709 723/1016/718 752/1071/754 739/1058/745
f 719/1002/705 715/1001/709 739/1058/745 745/1057/742
f 727/1037/732 717/996/706 743/1051/741 757/1094/769
f 717/996/706 719/995/705 745/1052/742 743/1051/741
f 721/1009/714 735/1030/727 770/1085/763 748/1066/751
f 725/1010/715 721/1009/714 748/1066/751 755/1065/750
f 723/1016/718 725/1015/715 755/1072/750 752/1071/754
f 731/1038/733 727/1037/732 757/1094/769 764/1093/768
f 733/1023/723 729/1044/736 761/1099/772 766/1080/760
f 729/1044/736 731/1043/733 764/1100/768 761/1099/772
f 737/1024/724 733/1023/723 766/1080/760 773/1079/759
f 735/1030/727 737/1029/724 773/1086/759 770/1085/763
o toilet_lid
v 0.206817 0.584402 -0.159090
v 0.000000 0.584402 -0.224987
v 0.292483 0.584402 -0.000000
v 0.206817 0.584402 0.159090
v 0.000000 0.584402 0.224987
v -0.206817 0.584402 0.159090
v -0.292483 0.584402 0.000000
v -0.206817 0.584402 -0.159090
v 0.111800 0.584402 -0.207622
v 0.269908 0.584402 -0.086000
v 0.269908 0.584402 0.086000
v 0.111800 0.584402 0.207622
v -0.111800 0.584402 0.207622
v -0.269908 0.584402 0.086000
v -0.269908 0.584402 -0.086000
v -0.111800 0.584402 -0.207622
v 0.206817 0.594402 -0.159090
v 0.111800 0.594402 -0.207622
v 0.000000 0.594402 -0.224987
v 0.292483 0.594402 -0.000000
v 0.269908 0.594402 -0.086000
v 0.206817 0.594402 0.159090
v 0.269908 0.594402 0.086000
v 0.000000 0.594402 0.224987
v 0.111800 0.594402 0.207622
v -0.206817 0.594402 0.159090
v -0.111800 0.594402 0.207622
v -0.292483 0.594402 0.000000
v -0.269908 0.594402 0.086000
v -0.206817 0.594402 -0.159090
v -0.269908 0.594402 -0.086000
v -0.111800 0.594402 -0.207622
vn -0.0000 -1.0000 -0.0000
vn -0.0000 1.0000 -0.0000
vn 0.7570 -0.0000 0.6534
vn -0.7570 -0.0000 -0.6534
vn 0.9672 -0.0000 0.2539
vn -0.9672 -0.0000 -0.2539
vn 0.1535 -0.0000 0.9882
vn -0.1535 -0.0000 -0.9882
vn 0.4549 -0.0000 0.8906
vn 0.4549 -0.0000 -0.8906
vn -0.4549 -0.0000 -0.8906
vn -0.4549 -0.0000 0.8906
vn 0.1535 -0.0000 -0.9882
vn -0.1535 -0.0000 0.9882
vn 0.9672 -0.0000 -0.2539
vn -0.9672 -0.0000 0.2539
vn 0.7570 -0.0000 -0.6534
vn -0.7570 -0.0000 0.6534
vt 0.017052 0.055731
vt 0.049008 0.018143
vt 0.090660 0.000000
vt 0.135852 0.004654
vt 0.177704 0.030777
vt 0.209660 0.074946
vt 0.227196 0.130033
vt 0.227196 0.187843
vt 0.210144 0.239624
vt 0.178188 0.277212
vt 0.136536 0.295355
vt 0.091344 0.290701
vt 0.049492 0.264578
vt 0.017536 0.220409
vt 0.000000 0.165322
vt 0.000000 0.107512
vt 0.276688 0.264578
vt 0.244732 0.220409
vt 0.227196 0.165322
vt 0.227196 0.107512
vt 0.244248 0.055731
vt 0.276204 0.018143
vt 0.317856 -0.000000
vt 0.363048 0.004654
vt 0.404900 0.030777
vt 0.436856 0.074946
vt 0.454392 0.130032
vt 0.454392 0.187843
vt 0.437340 0.239624
vt 0.405384 0.277212
vt 0.363732 0.295355
vt 0.318540 0.290701
vt 0.190710 0.634607
vt 0.185600 0.634607
vt 0.185600 0.590710
vt 0.190710 0.590710
vt 0.190710 0.676114
vt 0.195820 0.676114
vt 0.195820 0.720012
vt 0.190710 0.720012
vt 0.190710 0.680031
vt 0.185600 0.680031
vt 0.190710 0.630690
vt 0.195820 0.630690
vt 0.430282 0.626132
vt 0.435392 0.626132
vt 0.435392 0.681161
vt 0.430282 0.681161
vt 0.435392 0.633904
vt 0.440502 0.633904
vt 0.440502 0.691714
vt 0.435392 0.691714
vt 0.430282 0.582067
vt 0.435392 0.582067
vt 0.435392 0.746744
vt 0.440502 0.746744
vt 0.440502 0.790808
vt 0.435392 0.790808
vt 0.435392 0.582068
vt 0.440502 0.582068
vt 0.430282 0.738972
vt 0.435392 0.738972
vt 0.435392 0.790808
vt 0.430282 0.790808
vt 0.190710 0.720012
vt 0.185600 0.720012
vt 0.190710 0.590710
vt 0.195820 0.590710
vt 0.190710 0.748698
vt 0.185600 0.748698
vt 0.435392 0.828499
vt 0.430282 0.828499
s 1
usemtl ceramic
f 775/1101/773 784/1102/773 777/1103/773 785/1104/773 778/1105/773 786/1106/773 779/1107/773 787/1108/773 780/1109/773 788/1110/773 781/1111/773 789/1112/773 782/1113/773 790/1114/773 776/1115/773 783/1116/773
f 791/1117/774 792/1118/774 793/1119/774 806/1120/774 804/1121/774 805/1122/774 802/1123/774 803/1124/774 800/1125/774 801/1126/774 798/1127/774 799/1128/774 796/1129/774 797/1130/774 794/1131/774 795/1132/774
f 785/1133/775 797/1134/775 796/1135/775 778/1136/775
f 789/1137/776 805/1138/776 804/1139/776 782/1140/776
f 777/1141/777 794/1142/777 797/1134/777 785/1133/777
f 781/1143/778 802/1144/778 805/1138/778 789/1137/778
f 786/1145/779 799/1146/779 798/1147/779 779/1148/779
f 790/1149/780 806/1150/780 793/1151/780 776/1152/780
f 778/1153/781 796/1154/781 799/1146/781 786/1145/781
f 783/1155/782 792/1156/782 791/1157/782 775/1158/782
f 782/1159/783 804/1160/783 806/1150/783 790/1149/783
f 787/1161/784 801/1162/784 800/1163/784 780/1164/784
f 776/1152/785 793/1151/785 792/1156/785 783/1155/785
f 779/1148/786 798/1147/786 801/1162/786 787/1161/786
f 784/1165/787 795/1166/787 794/1142/787 777/1141/787
f 788/1167/788 803/1168/788 802/1144/788 781/1143/788
f 775/1169/789 791/1170/789 795/1166/789 784/1165/789
f 780/1164/790 800/1163/790 803/1171/790 788/1172/790
