# Blender 5.0.0
# www.blender.org
mtllib instruments.mtl
o spanner_1
v -0.035438 0.002866 -0.321852
v -0.035438 0.002866 -0.310750
v -0.143554 0.002866 -0.321852
v -0.143554 0.002866 -0.309354
v -0.035438 -0.002866 -0.321852
v -0.035438 -0.002866 -0.310750
v -0.143554 -0.002866 -0.321852
v -0.143554 -0.002866 -0.309354
v -0.089684 0.002866 -0.321852
v -0.089684 0.002866 -0.310750
v -0.089684 -0.002866 -0.321852
v -0.089684 -0.002866 -0.310750
v -0.116619 0.002866 -0.310268
v -0.116619 -0.002866 -0.321852
v -0.116619 0.002866 -0.321852
v -0.116619 -0.002866 -0.310268
v -0.150871 0.002866 -0.323227
v -0.150871 0.002866 -0.307979
v -0.150871 -0.002866 -0.323227
v -0.150871 -0.002866 -0.307979
v -0.153151 0.002866 -0.324142
v -0.153151 0.002866 -0.307064
v -0.153151 -0.002866 -0.324142
v -0.153151 -0.002866 -0.307064
v -0.173695 -0.002866 -0.315603
v -0.173695 0.002866 -0.315603
v -0.170157 -0.002866 -0.324146
v -0.170157 0.002866 -0.324146
v -0.161614 -0.002866 -0.327684
v -0.161614 0.002866 -0.327684
v -0.161614 -0.002866 -0.303522
v -0.161614 0.002866 -0.303522
v -0.170157 -0.002866 -0.307060
v -0.170157 0.002866 -0.307060
v -0.156456 -0.002866 -0.321378
v -0.156456 0.002866 -0.321378
v -0.156456 0.002866 -0.309827
v -0.156456 -0.002866 -0.309827
v -0.170352 -0.002866 -0.315603
v -0.167958 -0.002866 -0.321381
v -0.167958 0.002866 -0.321381
v -0.170352 0.002866 -0.315603
v -0.162180 -0.002866 -0.323774
v -0.162180 0.002866 -0.323774
v -0.162180 -0.002866 -0.307431
v -0.162180 0.002866 -0.307431
v -0.167958 -0.002866 -0.309825
v -0.167958 0.002866 -0.309825
v -0.153389 0.002866 -0.315603
v -0.153389 -0.002866 -0.315603
v -0.027815 0.002866 -0.324074
v -0.027815 0.002866 -0.308528
v -0.027815 -0.002866 -0.324074
v -0.027815 -0.002866 -0.308528
v -0.031627 -0.002866 -0.322500
v -0.031627 -0.002866 -0.310102
v -0.031627 0.002866 -0.322500
v -0.031627 0.002866 -0.310102
v -0.017128 0.002866 -0.330113
v -0.017128 0.002866 -0.302489
v -0.017128 -0.002866 -0.330113
v -0.017128 -0.002866 -0.302489
v -0.015643 -0.002866 -0.314965
v -0.015643 0.002866 -0.314965
v -0.014159 0.002866 -0.301847
v -0.014159 -0.002866 -0.301847
v -0.010990 0.002866 -0.302368
v -0.010990 -0.002866 -0.302368
v -0.007540 0.002866 -0.303853
v -0.007540 -0.002866 -0.303853
v -0.004450 0.002866 -0.306340
v -0.004450 -0.002866 -0.306340
v -0.001522 0.002866 -0.309630
v -0.001522 -0.002866 -0.309630
v -0.000158 0.002866 -0.312157
v -0.000158 -0.002866 -0.312157
v -0.000358 0.002866 -0.312759
v -0.000358 -0.002866 -0.312759
v -0.001763 0.002866 -0.312759
v -0.001763 -0.002866 -0.312759
v -0.010950 0.002866 -0.310793
v -0.010950 -0.002866 -0.310793
v -0.012233 0.002866 -0.310793
v -0.012233 -0.002866 -0.310793
v -0.013597 0.002866 -0.311435
v -0.013597 -0.002866 -0.311435
v -0.014640 0.002866 -0.312719
v -0.014640 -0.002866 -0.312719
v -0.016446 -0.002866 -0.317252
v -0.016446 0.002866 -0.317252
v -0.016446 -0.002866 -0.319539
v -0.016446 0.002866 -0.319539
v -0.015884 -0.002866 -0.321545
v -0.015884 0.002866 -0.321545
v -0.015002 -0.002866 -0.323109
v -0.015002 0.002866 -0.323109
v -0.003969 -0.002866 -0.326239
v -0.003969 0.002866 -0.326239
v -0.014881 0.002866 -0.330514
v -0.014881 -0.002866 -0.330514
v -0.011592 0.002866 -0.330153
v -0.011592 -0.002866 -0.330153
v -0.007740 0.002866 -0.329030
v -0.007740 -0.002866 -0.329030
v -0.004531 0.002866 -0.327506
v -0.004531 -0.002866 -0.327506
v -0.161614 0.000000 -0.303522
v -0.170157 0.000000 -0.307060
v -0.173695 0.000000 -0.315603
v -0.170157 0.000000 -0.324146
v -0.161614 0.000000 -0.327684
v -0.089684 0.002866 -0.319149
v -0.089684 0.002866 -0.313453
v -0.116619 0.002866 -0.319149
v -0.116619 0.002866 -0.313453
v -0.089684 -0.002866 -0.319149
v -0.089684 -0.002866 -0.313453
v -0.116619 -0.002866 -0.319149
v -0.116619 -0.002866 -0.313453
v -0.047589 0.001868 -0.317032
v -0.049706 0.001868 -0.319149
v -0.047873 0.001868 -0.318091
v -0.048648 0.001868 -0.318865
v -0.049706 0.001868 -0.313453
v -0.047589 0.001868 -0.315569
v -0.048648 0.001868 -0.313737
v -0.047873 0.001868 -0.314511
v -0.049706 -0.001868 -0.319149
v -0.047589 -0.001868 -0.317032
v -0.048648 -0.001868 -0.318865
v -0.047873 -0.001868 -0.318091
v -0.047589 -0.001868 -0.315569
v -0.049706 -0.001868 -0.313453
v -0.047873 -0.001868 -0.314511
v -0.048648 -0.001868 -0.313737
v -0.129661 0.001868 -0.319149
v -0.131778 0.001868 -0.317032
v -0.130719 0.001868 -0.318865
v -0.131494 0.001868 -0.318091
v -0.131778 0.001868 -0.315569
v -0.129661 0.001868 -0.313453
v -0.131494 0.001868 -0.314511
v -0.130719 0.001868 -0.313737
v -0.131778 -0.001868 -0.317032
v -0.129661 -0.001868 -0.319149
v -0.131494 -0.001868 -0.318091
v -0.130719 -0.001868 -0.318865
v -0.129661 -0.001868 -0.313453
v -0.131778 -0.001868 -0.315569
v -0.130719 -0.001868 -0.313737
v -0.131494 -0.001868 -0.314511
v -0.049706 0.002866 -0.319149
v -0.047589 0.002866 -0.317032
v -0.048648 0.002866 -0.318865
v -0.047873 0.002866 -0.318091
v -0.047589 0.002866 -0.315569
v -0.049706 0.002866 -0.313453
v -0.047873 0.002866 -0.314511
v -0.048648 0.002866 -0.313737
v -0.131778 0.002866 -0.317032
v -0.129661 0.002866 -0.319149
v -0.131494 0.002866 -0.318091
v -0.130719 0.002866 -0.318865
v -0.129661 0.002866 -0.313453
v -0.131778 0.002866 -0.315569
v -0.130719 0.002866 -0.313737
v -0.131494 0.002866 -0.314511
v -0.047589 -0.002866 -0.317032
v -0.049706 -0.002866 -0.319149
v -0.047873 -0.002866 -0.318091
v -0.048648 -0.002866 -0.318865
v -0.049706 -0.002866 -0.313453
v -0.047589 -0.002866 -0.315569
v -0.048648 -0.002866 -0.313737
v -0.047873 -0.002866 -0.314511
v -0.129661 -0.002866 -0.319149
v -0.131778 -0.002866 -0.317032
v -0.130719 -0.002866 -0.318865
v -0.131494 -0.002866 -0.318091
v -0.131778 -0.002866 -0.315569
v -0.129661 -0.002866 -0.313453
v -0.131494 -0.002866 -0.314511
v -0.130719 -0.002866 -0.313737
vn 0.0927 -0.0000 -0.9957
vn 0.2799 -0.0000 -0.9600
vn -0.0000 -0.0000 -1.0000
vn -0.0841 -0.0000 -0.9965
vn 0.0089 -0.0000 1.0000
vn -0.0841 -0.0000 0.9965
vn 0.0259 -0.0000 0.9997
vn -0.0000 -1.0000 -0.0000
vn 0.1096 -0.0000 0.9940
vn 0.2799 -0.0000 0.9600
vn 0.3793 -0.0000 0.9253
vn 0.3793 -0.0000 -0.9253
vn -0.0000 1.0000 -0.0000
vn 1.0000 -0.0000 -0.0000
vn 0.7071 -0.0000 0.7071
vn -0.0018 -0.0000 1.0000
vn -0.6739 -0.0000 0.7388
vn -0.6739 -0.0000 -0.7388
vn -0.0018 -0.0000 -1.0000
vn 0.7071 -0.0000 -0.7071
vn 0.0018 -0.0000 1.0000
vn -0.7071 -0.0000 0.7071
vn -1.0000 -0.0000 -0.0000
vn -0.7071 -0.0000 -0.7071
vn 0.0018 -0.0000 -1.0000
vn -0.8832 -0.0000 0.4690
vn -0.8832 -0.0000 -0.4690
vn -0.2763 -0.0000 -0.9611
vn -0.4376 -0.0000 -0.8992
vn -0.2763 -0.0000 0.9611
vn -0.4376 -0.0000 0.8992
vn 0.9236 -0.0000 0.3832
vn 0.6185 -0.0000 0.7858
vn -0.3387 -0.0000 -0.9409
vn 0.9292 -0.0000 -0.3697
vn 0.9858 -0.0000 -0.1679
vn -0.3557 -0.0000 0.9346
vn 0.9907 -0.0000 0.1361
vn 0.2729 -0.0000 0.9621
vn 0.8520 -0.0000 -0.5236
vn -0.0249 -0.0000 0.9997
vn 0.2809 -0.0000 0.9597
vn 0.5159 -0.0000 0.8566
vn 0.6894 -0.0000 0.7244
vn 0.8190 -0.0000 0.5738
vn 0.9963 -0.0000 0.0865
vn 0.9487 -0.0000 -0.3162
vn -0.1052 -0.0000 -0.9945
vn 0.2182 -0.0000 -0.9759
vn 0.6164 -0.0000 -0.7874
vn -0.0337 -0.0000 -0.9994
vn 0.1953 -0.0000 -0.9807
vn 0.3557 -0.0000 -0.9346
vn 0.7163 -0.0000 -0.6978
vn 0.9142 -0.0000 -0.4053
vn 0.9914 -0.0000 -0.1305
vn 0.8660 -0.0000 -0.5000
vn 0.5000 -0.0000 -0.8660
vn 0.1305 -0.0000 -0.9914
vn 0.1305 -0.0000 0.9914
vn 0.5000 -0.0000 0.8660
vn 0.8660 -0.0000 0.5000
vn 0.9914 -0.0000 0.1305
vn -0.9914 -0.0000 0.1305
vn -0.8660 -0.0000 0.5000
vn -0.5000 -0.0000 0.8660
vn -0.1305 -0.0000 0.9914
vn -0.1305 -0.0000 -0.9914
vn -0.5000 -0.0000 -0.8660
vn -0.8660 -0.0000 -0.5000
vn -0.9914 -0.0000 -0.1305
vn -0.0000 -0.0000 1.0000
vt 0.028536 0.557102
vt 0.028536 0.566077
vt 0.021598 0.566077
vt 0.021598 0.557102
vt 0.036285 0.502545
vt 0.036285 0.567911
vt 0.029346 0.567911
vt 0.029346 0.502545
vt 0.031384 0.671272
vt 0.031384 0.605617
vt 0.038323 0.605617
vt 0.038323 0.671272
vt 0.031384 0.703867
vt 0.038323 0.703867
vt 0.036285 0.470088
vt 0.029346 0.470088
vt 0.361074 0.928873
vt 0.360445 0.896277
vt 0.357173 0.896340
vt 0.357802 0.928936
vt 0.350281 0.896473
vt 0.347009 0.896536
vt 0.347056 0.929143
vt 0.350910 0.929069
vt 0.021598 0.524645
vt 0.028536 0.524645
vt 0.031384 0.736458
vt 0.038323 0.736458
vt 0.038323 0.745300
vt 0.038323 0.748049
vt 0.031384 0.748049
vt 0.031384 0.745300
vt 0.028536 0.568928
vt 0.021598 0.568928
vt 0.345084 0.970647
vt 0.344030 0.973427
vt 0.339941 0.983752
vt 0.344423 0.994007
vt 0.347717 0.991282
vt 0.344686 0.984346
vt 0.347452 0.977362
vt 0.354369 0.973516
vt 0.361430 0.977093
vt 0.364697 0.973029
vt 0.363537 0.970291
vt 0.361702 0.961468
vt 0.346577 0.961760
vt 0.322827 0.971490
vt 0.321334 0.962602
vt 0.306209 0.962310
vt 0.304375 0.971134
vt 0.303214 0.973871
vt 0.298730 0.984030
vt 0.302813 0.994451
vt 0.306210 0.991854
vt 0.303448 0.984806
vt 0.306481 0.977935
vt 0.313542 0.974358
vt 0.320460 0.978204
vt 0.323226 0.985188
vt 0.327970 0.984594
vt 0.323881 0.974270
vt 0.313068 0.998932
vt 0.323489 0.994850
vt 0.320194 0.992124
vt 0.313146 0.994886
vt 0.002726 0.947964
vt 0.002726 0.940439
vt 0.009665 0.940439
vt 0.009665 0.947964
vt 0.069170 0.982136
vt 0.069170 0.975169
vt 0.076109 0.975169
vt 0.076109 0.982136
vt 0.102980 0.999926
vt 0.102980 0.994227
vt 0.108666 0.994227
vt 0.108666 0.999926
vt 0.009488 0.969549
vt 0.009488 0.962924
vt 0.016427 0.962924
vt 0.016427 0.969549
vt 0.009488 0.955689
vt 0.016427 0.955689
vt 0.002726 0.953866
vt 0.009665 0.953866
vt 0.354844 0.998090
vt 0.365099 0.993608
vt 0.369182 0.983188
vt 0.364463 0.983964
vt 0.361702 0.991012
vt 0.354765 0.994043
vt 0.034854 0.758254
vt 0.031384 0.758254
vt 0.038323 0.758254
vt 0.031436 0.768691
vt 0.034905 0.768691
vt 0.034905 0.779069
vt 0.031436 0.779069
vt 0.010564 0.800050
vt 0.014033 0.800050
vt 0.014033 0.811141
vt 0.010564 0.811141
vt 0.014033 0.820041
vt 0.010564 0.820041
vt 0.028756 0.618579
vt 0.025286 0.618579
vt 0.025286 0.608688
vt 0.028756 0.608688
vt 0.025067 0.579530
vt 0.021598 0.579530
vt 0.028536 0.579530
vt 0.002550 0.969205
vt 0.002550 0.961497
vt 0.009488 0.961497
vt 0.009488 0.969205
vt 0.009488 0.955689
vt 0.002550 0.955689
vt 0.310738 0.897182
vt 0.307467 0.897119
vt 0.306838 0.929715
vt 0.310109 0.929778
vt 0.317002 0.929911
vt 0.320856 0.929985
vt 0.320902 0.897378
vt 0.317631 0.897315
vt 0.031318 0.573382
vt 0.038257 0.573382
vt 0.038257 0.577795
vt 0.031318 0.577795
vt 0.045764 0.713230
vt 0.038825 0.713230
vt 0.038825 0.708600
vt 0.045764 0.708600
vt 0.316052 0.846326
vt 0.317326 0.846693
vt 0.318245 0.847649
vt 0.318564 0.848936
vt 0.322168 0.831733
vt 0.323042 0.827136
vt 0.325035 0.822560
vt 0.332593 0.809768
vt 0.333439 0.806190
vt 0.332882 0.802343
vt 0.331166 0.798133
vt 0.328228 0.794336
vt 0.324316 0.790715
vt 0.321289 0.789006
vt 0.320556 0.789235
vt 0.320523 0.790934
vt 0.322688 0.802097
vt 0.322658 0.803651
vt 0.321849 0.805287
vt 0.320271 0.806519
vt 0.317529 0.807680
vt 0.314743 0.808598
vt 0.311976 0.808545
vt 0.309561 0.807818
vt 0.307688 0.806713
vt 0.304159 0.793289
vt 0.302613 0.793939
vt 0.300693 0.797788
vt 0.299244 0.802422
vt 0.298730 0.806395
vt 0.299163 0.809123
vt 0.306222 0.822197
vt 0.308038 0.826846
vt 0.308733 0.831474
vt 0.311671 0.848803
vt 0.312039 0.847529
vt 0.312995 0.846610
vt 0.314282 0.846291
vt 0.045764 0.717850
vt 0.038825 0.717850
vt 0.031318 0.568864
vt 0.038257 0.568864
vt 0.359179 0.830631
vt 0.359874 0.826004
vt 0.361689 0.821355
vt 0.368748 0.808281
vt 0.369182 0.805553
vt 0.368668 0.801580
vt 0.367219 0.796945
vt 0.365299 0.793097
vt 0.363752 0.792447
vt 0.360223 0.805871
vt 0.358350 0.806976
vt 0.355936 0.807702
vt 0.353169 0.807756
vt 0.350383 0.806838
vt 0.347640 0.805677
vt 0.346062 0.804444
vt 0.345254 0.802809
vt 0.345224 0.801255
vt 0.347388 0.790091
vt 0.347356 0.788392
vt 0.346623 0.788164
vt 0.343596 0.789873
vt 0.339683 0.793494
vt 0.336745 0.797290
vt 0.335030 0.801500
vt 0.334472 0.805348
vt 0.335318 0.808926
vt 0.342877 0.821718
vt 0.344870 0.826294
vt 0.345743 0.830891
vt 0.349348 0.848094
vt 0.349666 0.846807
vt 0.350585 0.845851
vt 0.351859 0.845483
vt 0.353630 0.845449
vt 0.354917 0.845768
vt 0.355872 0.846687
vt 0.356240 0.847961
vt 0.045703 0.728296
vt 0.045703 0.730413
vt 0.038764 0.730413
vt 0.038764 0.728296
vt 0.038257 0.589986
vt 0.031318 0.589986
vt 0.045703 0.720733
vt 0.045703 0.723118
vt 0.038764 0.723118
vt 0.038764 0.720733
vt 0.038825 0.695600
vt 0.045764 0.695600
vt 0.045703 0.725775
vt 0.038764 0.725775
vt 0.061094 0.996882
vt 0.061094 0.983563
vt 0.068033 0.983563
vt 0.068033 0.996882
vt 0.045703 0.718463
vt 0.038764 0.718463
vt 0.038825 0.692000
vt 0.045764 0.692000
vt 0.038825 0.688169
vt 0.045764 0.688169
vt 0.038825 0.684010
vt 0.045764 0.684010
vt 0.034917 0.996347
vt 0.034917 0.992409
vt 0.041855 0.992409
vt 0.041855 0.996347
vt 0.034917 0.987593
vt 0.041855 0.987593
vt 0.034917 0.984194
vt 0.041855 0.984194
vt 0.034917 0.983563
vt 0.041855 0.983563
vt 0.000107 0.999801
vt 0.000107 0.998108
vt 0.007046 0.998108
vt 0.007046 0.999801
vt 0.000107 0.987262
vt 0.007046 0.987262
vt 0.000107 0.985715
vt 0.007046 0.985715
vt 0.000107 0.983998
vt 0.007046 0.983998
vt 0.000107 0.982595
vt 0.007046 0.982595
vt 0.038257 0.592647
vt 0.031318 0.592647
vt 0.038257 0.596652
vt 0.031318 0.596652
vt 0.038257 0.601421
vt 0.031318 0.601421
vt 0.038257 0.605462
vt 0.031318 0.605462
vt 0.029617 0.801708
vt 0.028335 0.801708
vt 0.028335 0.794769
vt 0.029617 0.794769
vt 0.028798 0.608612
vt 0.025328 0.608612
vt 0.025328 0.598722
vt 0.028798 0.598722
vt 0.007094 0.811141
vt 0.007094 0.820041
vt 0.007094 0.800050
vt 0.034854 0.768632
vt 0.031384 0.768632
vt 0.414683 0.859299
vt 0.413475 0.859299
vt 0.413475 0.860432
vt 0.414683 0.860432
vt 0.000656 0.570683
vt 0.001864 0.570683
vt 0.001864 0.571704
vt 0.000656 0.571704
vt 0.001864 0.573012
vt 0.000656 0.573012
vt 0.003072 0.668739
vt 0.004280 0.668739
vt 0.004280 0.670017
vt 0.003072 0.670017
vt 0.414683 0.855111
vt 0.413475 0.855111
vt 0.413475 0.856274
vt 0.414683 0.856274
vt 0.413475 0.857599
vt 0.414683 0.857599
vt 0.412267 0.857583
vt 0.413475 0.857583
vt 0.413475 0.856257
vt 0.412267 0.856257
vt 0.413475 0.855111
vt 0.412267 0.855111
vt 0.003072 0.570683
vt 0.004280 0.570683
vt 0.004280 0.571966
vt 0.003072 0.571966
vt 0.000656 0.669358
vt 0.001864 0.669358
vt 0.001864 0.670601
vt 0.000656 0.670601
vt 0.001864 0.671446
vt 0.000656 0.671446
vt 0.412267 0.860445
vt 0.413475 0.860445
vt 0.413475 0.859295
vt 0.412267 0.859295
vt 0.392340 0.841078
vt 0.393548 0.841078
vt 0.393548 0.839752
vt 0.392340 0.839752
vt 0.393548 0.838589
vt 0.392340 0.838589
vt 0.038869 0.584542
vt 0.040077 0.584542
vt 0.040077 0.585819
vt 0.038869 0.585819
vt 0.003072 0.573012
vt 0.003072 0.571704
vt 0.392340 0.843910
vt 0.393548 0.843910
vt 0.393548 0.842777
vt 0.392340 0.842777
vt 0.391132 0.839739
vt 0.392340 0.839739
vt 0.391132 0.838589
vt 0.003072 0.671446
vt 0.003072 0.670601
vt 0.003072 0.669358
vt 0.038869 0.682592
vt 0.040077 0.682592
vt 0.040077 0.683876
vt 0.038869 0.683876
vt 0.391132 0.843923
vt 0.392340 0.843923
vt 0.392340 0.842777
vt 0.391132 0.842777
vt 0.392340 0.841451
vt 0.391132 0.841451
vt 0.018305 0.777609
vt 0.017024 0.777266
vt 0.016086 0.776328
vt 0.015743 0.775047
vt 0.015743 0.678271
vt 0.016086 0.676990
vt 0.017024 0.676053
vt 0.018305 0.675709
vt 0.020075 0.675709
vt 0.021356 0.676053
vt 0.022294 0.676990
vt 0.022637 0.678271
vt 0.022637 0.775047
vt 0.022294 0.776328
vt 0.021356 0.777266
vt 0.020075 0.777609
vt 0.004280 0.620353
vt 0.004280 0.652953
vt 0.001864 0.588728
vt 0.001864 0.621185
vt 0.040077 0.601605
vt 0.040077 0.634206
vt 0.062208 0.637184
vt 0.060927 0.636841
vt 0.059989 0.635903
vt 0.059646 0.634622
vt 0.059646 0.537846
vt 0.059989 0.536565
vt 0.060927 0.535628
vt 0.062208 0.535284
vt 0.063978 0.535284
vt 0.065259 0.535628
vt 0.066197 0.536565
vt 0.066540 0.537846
vt 0.066540 0.634622
vt 0.066197 0.635903
vt 0.065259 0.636841
vt 0.063978 0.637184
vt 0.312317 0.948172
vt 0.311043 0.947804
vt 0.310123 0.946849
vt 0.309805 0.945562
vt 0.316697 0.945695
vt 0.316330 0.946968
vt 0.315374 0.947888
vt 0.314087 0.948206
vt 0.358107 0.944719
vt 0.357788 0.946006
vt 0.356869 0.946962
vt 0.355595 0.947330
vt 0.353825 0.947364
vt 0.352537 0.947046
vt 0.351582 0.946126
vt 0.351214 0.944852
s 1
usemtl instruments
f 7/1/1 19/2/2 17/3/2 3/4/1
f 9/5/3 1/6/4 5/7/4 11/8/3
f 12/9/5 6/10/6 2/11/6 10/12/5
f 16/13/7 12/9/5 10/12/5 13/14/7
f 15/15/3 9/5/3 11/8/3 14/16/3
f 14/17/8 11/18/8 116/19/8 118/20/8
f 117/21/8 12/22/8 16/23/8 119/24/8
f 3/4/1 15/25/3 14/26/3 7/1/1
f 8/27/9 16/13/7 13/14/7 4/28/9
f 18/29/10 22/30/11 24/31/11 20/32/10
f 4/28/9 18/29/10 20/32/10 8/27/9
f 19/2/2 23/33/12 21/34/12 17/3/2
f 20/35/8 24/36/8 31/37/8 33/38/8 47/39/8 45/40/8 38/41/8 50/42/8 35/43/8 23/44/8 19/45/8 7/46/8 8/47/8
f 18/48/13 4/49/13 3/50/13 17/51/13 21/52/13 30/53/13 28/54/13 41/55/13 44/56/13 36/57/13 49/58/13 37/59/13 46/60/13 32/61/13 22/62/13
f 28/54/13 26/63/13 34/64/13 32/61/13 46/60/13 48/65/13 42/66/13 41/55/13
f 39/67/14 40/68/15 41/69/15 42/70/14
f 40/71/15 43/72/16 44/73/16 41/74/15
f 43/75/16 35/76/17 36/77/17 44/78/16
f 38/79/18 45/80/19 46/81/19 37/82/18
f 45/80/19 47/83/20 48/84/20 46/81/19
f 47/85/20 39/67/14 42/70/14 48/86/20
f 33/38/8 25/87/8 27/88/8 29/89/8 23/44/8 35/43/8 43/90/8 40/91/8 39/92/8 47/39/8
f 107/93/21 31/94/21 24/31/11 22/30/11 32/95/21
f 107/96/21 32/97/21 34/98/22 108/99/22
f 108/100/22 34/101/22 26/102/23 109/103/23
f 109/103/23 26/102/23 28/104/24 110/105/24
f 110/106/24 28/107/24 30/108/25 111/109/25
f 111/110/25 30/111/25 21/34/12 23/33/12 29/112/25
f 35/113/17 50/114/26 49/115/26 36/116/17
f 37/117/18 49/115/27 50/114/27 38/118/18
f 112/119/13 9/120/13 15/121/13 114/122/13
f 115/123/13 13/124/13 10/125/13 113/126/13
f 55/127/28 57/128/28 51/129/29 53/130/29
f 58/131/30 56/132/30 54/133/31 52/134/31
f 156/135/13 158/136/13 159/137/13 157/138/13 113/126/13 10/125/13 2/139/13 58/140/13 52/141/13 60/142/13 65/143/13 67/144/13 69/145/13 71/146/13 73/147/13 75/148/13 77/149/13 79/150/13 81/151/13 83/152/13 85/153/13 87/154/13 64/155/13 90/156/13 92/157/13 94/158/13 96/159/13 98/160/13 105/161/13 103/162/13 101/163/13 99/164/13 59/165/13 51/166/13 57/167/13 1/168/13 9/120/13 112/119/13 152/169/13 154/170/13 155/171/13 153/172/13
f 2/173/6 6/174/6 56/132/30 58/131/30
f 5/175/4 1/176/4 57/128/28 55/127/28
f 11/18/8 5/177/8 55/178/8 53/179/8 61/180/8 100/181/8 102/182/8 104/183/8 106/184/8 97/185/8 95/186/8 93/187/8 91/188/8 89/189/8 63/190/8 88/191/8 86/192/8 84/193/8 82/194/8 80/195/8 78/196/8 76/197/8 74/198/8 72/199/8 70/200/8 68/201/8 66/202/8 62/203/8 54/204/8 56/205/8 6/206/8 12/22/8 117/21/8 172/207/8 174/208/8 175/209/8 173/210/8 168/211/8 170/212/8 171/213/8 169/214/8 116/19/8
f 93/215/32 95/216/33 96/217/33 94/218/32
f 53/130/29 51/129/29 59/219/34 61/220/34
f 63/221/35 89/222/36 90/223/36 64/224/35
f 52/134/31 54/133/31 62/225/37 60/226/37
f 89/222/36 91/227/38 92/228/38 90/223/36
f 95/229/33 97/230/39 98/231/39 96/232/33
f 88/233/40 63/221/35 64/224/35 87/234/40
f 91/227/38 93/215/32 94/218/32 92/228/38
f 62/225/37 66/235/41 65/236/41 60/226/37
f 66/235/41 68/237/42 67/238/42 65/236/41
f 68/237/42 70/239/43 69/240/43 67/238/42
f 70/241/43 72/242/44 71/243/44 69/244/43
f 72/242/44 74/245/45 73/246/45 71/243/44
f 74/245/45 76/247/46 75/248/46 73/246/45
f 76/247/46 78/249/47 77/250/47 75/248/46
f 78/251/3 80/252/48 79/253/48 77/254/3
f 80/252/48 82/255/48 81/256/48 79/253/48
f 82/255/48 84/257/49 83/258/49 81/256/48
f 84/257/49 86/259/50 85/260/50 83/258/49
f 86/259/50 88/261/40 87/262/40 85/260/50
f 61/220/34 59/219/34 99/263/51 100/264/51
f 100/264/51 99/263/51 101/265/52 102/266/52
f 102/266/52 101/265/52 103/267/53 104/268/53
f 104/268/53 103/267/53 105/269/54 106/270/54
f 97/271/55 106/272/54 105/273/54 98/274/55
f 27/275/24 110/276/24 111/277/25 29/278/25
f 25/279/23 109/103/23 110/105/24 27/280/24
f 33/281/22 108/100/22 109/103/23 25/279/23
f 31/94/21 107/93/21 108/282/22 33/283/22
f 140/284/56 165/285/56 167/286/57 142/287/57
f 142/288/57 167/289/57 166/290/58 143/291/58
f 143/291/58 166/290/58 164/292/59 141/293/59
f 136/294/60 161/295/60 163/296/61 138/297/61
f 138/298/61 163/299/61 162/300/62 139/301/62
f 139/301/62 162/300/62 160/302/63 137/303/63
f 120/304/64 153/305/64 155/306/65 122/307/65
f 122/307/65 155/306/65 154/308/66 123/309/66
f 123/310/66 154/311/66 152/312/67 121/313/67
f 124/314/68 157/315/68 159/316/69 126/317/69
f 126/317/69 159/316/69 158/318/70 127/319/70
f 127/320/70 158/321/70 156/322/71 125/323/71
f 144/324/63 177/325/63 179/326/62 146/327/62
f 146/327/62 179/326/62 178/328/61 147/329/61
f 147/330/61 178/331/61 176/332/60 145/333/60
f 148/334/59 181/292/59 183/290/58 150/335/58
f 150/335/58 183/290/58 182/289/57 151/310/57
f 151/336/57 182/337/57 180/338/56 149/339/56
f 132/340/71 173/341/71 175/329/70 134/342/70
f 134/343/70 175/318/70 174/316/69 135/344/69
f 135/344/69 174/316/69 172/315/68 133/345/68
f 128/346/67 169/347/67 171/348/66 130/349/66
f 130/350/66 171/351/66 170/352/65 131/353/65
f 131/353/65 170/352/65 168/354/64 129/355/64
f 153/305/64 120/304/64 125/323/71 156/322/71
f 120/356/13 122/357/13 123/358/13 121/359/13 136/360/13 138/361/13 139/362/13 137/363/13 140/364/13 142/365/13 143/366/13 141/367/13 124/368/13 126/369/13 127/370/13 125/371/13
f 161/295/60 136/294/60 121/313/67 152/312/67 112/372/72 114/373/72
f 157/315/68 124/314/68 141/293/59 164/292/59 115/374/3 113/375/3
f 128/346/67 145/333/60 176/332/60 118/376/72 116/377/72 169/347/67
f 144/378/8 146/379/8 147/380/8 145/381/8 128/382/8 130/383/8 131/384/8 129/385/8 132/386/8 134/387/8 135/388/8 133/389/8 148/390/8 150/391/8 151/392/8 149/393/8
f 132/340/71 129/355/64 168/354/64 173/341/71
f 181/292/59 148/334/59 133/345/68 172/315/68 117/375/3 119/374/3
f 165/285/56 140/284/56 137/303/63 160/302/63
f 177/325/63 144/324/63 149/339/56 180/338/56
f 160/394/13 162/395/13 163/396/13 161/397/13 114/122/13 15/121/13 3/50/13 4/49/13 13/124/13 115/123/13 164/398/13 166/399/13 167/400/13 165/401/13
f 16/23/8 8/47/8 7/46/8 14/17/8 118/20/8 176/402/8 178/403/8 179/404/8 177/405/8 180/406/8 182/407/8 183/408/8 181/409/8 119/24/8
o spanner_3
v -0.103872 0.002150 -0.270502
v -0.103872 0.002150 -0.261128
v -0.103872 -0.002150 -0.270502
v -0.103872 -0.002150 -0.261128
v -0.063469 0.002150 -0.270502
v -0.063469 0.002150 -0.262175
v -0.063469 -0.002150 -0.270502
v -0.063469 -0.002150 -0.262175
v -0.083671 0.002150 -0.261814
v -0.083671 -0.002150 -0.270502
v -0.083671 0.002150 -0.270502
v -0.083671 -0.002150 -0.261814
v -0.109360 0.002150 -0.271533
v -0.109360 0.002150 -0.260097
v -0.109360 -0.002150 -0.271533
v -0.109360 -0.002150 -0.260097
v -0.111070 0.002150 -0.272219
v -0.111070 0.002150 -0.259411
v -0.111070 -0.002150 -0.272219
v -0.111070 -0.002150 -0.259411
v -0.126478 -0.002150 -0.265815
v -0.126478 0.002150 -0.265815
v -0.123824 -0.002150 -0.272222
v -0.123824 0.002150 -0.272222
v -0.117417 -0.002150 -0.274876
v -0.117417 0.002150 -0.274876
v -0.117417 -0.002150 -0.256754
v -0.117417 0.002150 -0.256754
v -0.123824 -0.002150 -0.259408
v -0.123824 0.002150 -0.259408
v -0.113549 -0.002150 -0.270147
v -0.113549 0.002150 -0.270147
v -0.113549 0.002150 -0.261483
v -0.113549 -0.002150 -0.261483
v -0.123970 -0.002150 -0.265815
v -0.122175 -0.002150 -0.270149
v -0.122175 0.002150 -0.270149
v -0.123970 0.002150 -0.265815
v -0.117842 -0.002150 -0.271944
v -0.117842 0.002150 -0.271944
v -0.117842 -0.002150 -0.259687
v -0.117842 0.002150 -0.259687
v -0.122175 -0.002150 -0.261482
v -0.122175 0.002150 -0.261482
v -0.111249 0.002150 -0.265815
v -0.111249 -0.002150 -0.265815
v -0.117417 0.000000 -0.256754
v -0.123824 0.000000 -0.259408
v -0.126478 0.000000 -0.265815
v -0.123824 0.000000 -0.272222
v -0.117417 0.000000 -0.274876
v -0.063469 0.002150 -0.268474
v -0.063469 0.002150 -0.264203
v -0.083671 0.002150 -0.268474
v -0.083671 0.002150 -0.264203
v -0.063469 -0.002150 -0.268474
v -0.063469 -0.002150 -0.264203
v -0.083671 -0.002150 -0.268474
v -0.083671 -0.002150 -0.264203
v -0.093453 0.001401 -0.268474
v -0.095040 0.001401 -0.266887
v -0.094246 0.001401 -0.268262
v -0.094827 0.001401 -0.267681
v -0.095040 0.001401 -0.265790
v -0.093453 0.001401 -0.264203
v -0.094827 0.001401 -0.264996
v -0.094246 0.001401 -0.264415
v -0.095040 -0.001401 -0.266887
v -0.093453 -0.001401 -0.268474
v -0.094827 -0.001401 -0.267681
v -0.094246 -0.001401 -0.268262
v -0.093453 -0.001401 -0.264203
v -0.095040 -0.001401 -0.265790
v -0.094246 -0.001401 -0.264415
v -0.094827 -0.001401 -0.264996
v -0.095040 0.002150 -0.266887
v -0.093453 0.002150 -0.268474
v -0.094827 0.002150 -0.267681
v -0.094246 0.002150 -0.268262
v -0.093453 0.002150 -0.264203
v -0.095040 0.002150 -0.265790
v -0.094246 0.002150 -0.264415
v -0.094827 0.002150 -0.264996
v -0.093453 -0.002150 -0.268474
v -0.095040 -0.002150 -0.266887
v -0.094246 -0.002150 -0.268262
v -0.094827 -0.002150 -0.267681
v -0.095040 -0.002150 -0.265790
v -0.093453 -0.002150 -0.264203
v -0.094827 -0.002150 -0.264996
v -0.094246 -0.002150 -0.264415
v -0.063469 0.001401 -0.268474
v -0.063469 0.001401 -0.264203
v -0.063469 -0.001401 -0.268474
v -0.063469 -0.001401 -0.264203
v -0.023067 0.002150 -0.270502
v -0.023067 0.002150 -0.261128
v -0.023067 -0.002150 -0.270502
v -0.023067 -0.002150 -0.261128
v -0.043268 0.002150 -0.261814
v -0.043268 -0.002150 -0.270502
v -0.043268 0.002150 -0.270502
v -0.043268 -0.002150 -0.261814
v -0.017579 0.002150 -0.271533
v -0.017579 0.002150 -0.260097
v -0.017579 -0.002150 -0.271533
v -0.017579 -0.002150 -0.260097
v -0.015869 0.002150 -0.272219
v -0.015869 0.002150 -0.259411
v -0.015869 -0.002150 -0.272219
v -0.015869 -0.002150 -0.259411
v -0.000461 -0.002150 -0.265815
v -0.000461 0.002150 -0.265815
v -0.003114 -0.002150 -0.272222
v -0.003114 0.002150 -0.272222
v -0.009521 -0.002150 -0.274876
v -0.009521 0.002150 -0.274876
v -0.009521 -0.002150 -0.256754
v -0.009521 0.002150 -0.256754
v -0.003114 -0.002150 -0.259408
v -0.003114 0.002150 -0.259408
v -0.013390 -0.002150 -0.270147
v -0.013390 0.002150 -0.270147
v -0.013390 0.002150 -0.261483
v -0.013390 -0.002150 -0.261483
v -0.002968 -0.002150 -0.265815
v -0.004763 -0.002150 -0.270149
v -0.004763 0.002150 -0.270149
v -0.002968 0.002150 -0.265815
v -0.009097 -0.002150 -0.271944
v -0.009097 0.002150 -0.271944
v -0.009097 -0.002150 -0.259687
v -0.009097 0.002150 -0.259687
v -0.004763 -0.002150 -0.261482
v -0.004763 0.002150 -0.261482
v -0.015690 0.002150 -0.265815
v -0.015690 -0.002150 -0.265815
v -0.009521 0.000000 -0.256754
v -0.003114 0.000000 -0.259408
v -0.000461 0.000000 -0.265815
v -0.003114 0.000000 -0.272222
v -0.009521 0.000000 -0.274876
v -0.043268 0.002150 -0.268474
v -0.043268 0.002150 -0.264203
v -0.043268 -0.002150 -0.268474
v -0.043268 -0.002150 -0.264203
v -0.033486 0.001401 -0.268474
v -0.031899 0.001401 -0.266887
v -0.032692 0.001401 -0.268262
v -0.032111 0.001401 -0.267681
v -0.031899 0.001401 -0.265790
v -0.033486 0.001401 -0.264203
v -0.032111 0.001401 -0.264996
v -0.032692 0.001401 -0.264415
v -0.031899 -0.001401 -0.266887
v -0.033486 -0.001401 -0.268474
v -0.032111 -0.001401 -0.267681
v -0.032692 -0.001401 -0.268262
v -0.033486 -0.001401 -0.264203
v -0.031899 -0.001401 -0.265790
v -0.032692 -0.001401 -0.264415
v -0.032111 -0.001401 -0.264996
v -0.031899 0.002150 -0.266887
v -0.033486 0.002150 -0.268474
v -0.032111 0.002150 -0.267681
v -0.032692 0.002150 -0.268262
v -0.033486 0.002150 -0.264203
v -0.031899 0.002150 -0.265790
v -0.032692 0.002150 -0.264415
v -0.032111 0.002150 -0.264996
v -0.033486 -0.002150 -0.268474
v -0.031899 -0.002150 -0.266887
v -0.032692 -0.002150 -0.268262
v -0.032111 -0.002150 -0.267681
v -0.031899 -0.002150 -0.265790
v -0.033486 -0.002150 -0.264203
v -0.032111 -0.002150 -0.264996
v -0.032692 -0.002150 -0.264415
vn 0.0927 -0.0000 -0.9957
vn 0.2799 -0.0000 -0.9600
vn 0.0259 -0.0000 0.9997
vn -0.0000 -0.0000 1.0000
vn -0.0000 -0.0000 -1.0000
vn -0.0000 -1.0000 -0.0000
vn 0.1096 -0.0000 0.9940
vn 0.2799 -0.0000 0.9600
vn 0.3793 -0.0000 0.9253
vn 0.3793 -0.0000 -0.9253
vn -0.0000 1.0000 -0.0000
vn 1.0000 -0.0000 -0.0000
vn 0.7071 -0.0000 0.7071
vn -0.0018 -0.0000 1.0000
vn -0.6739 -0.0000 0.7388
vn -0.6739 -0.0000 -0.7388
vn -0.0018 -0.0000 -1.0000
vn 0.7071 -0.0000 -0.7071
vn 0.0018 -0.0000 1.0000
vn -0.7071 -0.0000 0.7071
vn -1.0000 -0.0000 -0.0000
vn -0.7071 -0.0000 -0.7071
vn 0.0018 -0.0000 -1.0000
vn -0.8832 -0.0000 0.4690
vn -0.8832 -0.0000 -0.4690
vn 0.9914 -0.0000 -0.1305
vn 0.8660 -0.0000 -0.5000
vn 0.5000 -0.0000 -0.8660
vn 0.1305 -0.0000 -0.9914
vn 0.1305 -0.0000 0.9914
vn 0.5000 -0.0000 0.8660
vn 0.8660 -0.0000 0.5000
vn 0.9914 -0.0000 0.1305
vn -0.0927 -0.0000 -0.9957
vn -0.2799 -0.0000 -0.9600
vn -0.0259 -0.0000 0.9997
vn -0.1096 -0.0000 0.9940
vn -0.2799 -0.0000 0.9600
vn -0.3793 -0.0000 0.9253
vn -0.3793 -0.0000 -0.9253
vn 0.6739 -0.0000 0.7388
vn 0.6739 -0.0000 -0.7388
vn 0.8832 -0.0000 0.4690
vn 0.8832 -0.0000 -0.4690
vn -0.9914 -0.0000 -0.1305
vn -0.8660 -0.0000 -0.5000
vn -0.5000 -0.0000 -0.8660
vn -0.1305 -0.0000 -0.9914
vn -0.1305 -0.0000 0.9914
vn -0.5000 -0.0000 0.8660
vn -0.8660 -0.0000 0.5000
vn -0.9914 -0.0000 0.1305
vt 0.010042 0.640590
vt 0.010042 0.647233
vt 0.004838 0.647233
vt 0.004838 0.640590
vt 0.018577 0.577073
vt 0.018577 0.601524
vt 0.013373 0.601524
vt 0.013373 0.577073
vt 0.004838 0.616139
vt 0.004838 0.591688
vt 0.010042 0.591688
vt 0.010042 0.616139
vt 0.445127 0.947744
vt 0.445127 0.923293
vt 0.442673 0.923293
vt 0.442673 0.947744
vt 0.437502 0.923293
vt 0.435048 0.923293
vt 0.434611 0.947744
vt 0.437502 0.947744
vt 0.018577 0.552622
vt 0.013373 0.552622
vt 0.013373 0.545979
vt 0.013373 0.543910
vt 0.018577 0.543910
vt 0.018577 0.545979
vt 0.010042 0.649302
vt 0.004838 0.649302
vt 0.432533 0.978838
vt 0.431702 0.980907
vt 0.428487 0.988590
vt 0.431699 0.996345
vt 0.434209 0.994349
vt 0.432036 0.989104
vt 0.434211 0.983907
vt 0.439454 0.981124
vt 0.444697 0.983907
vt 0.447205 0.980907
vt 0.446375 0.978838
vt 0.445127 0.972195
vt 0.433781 0.972195
vt 0.407175 0.867005
vt 0.408423 0.873647
vt 0.419769 0.873647
vt 0.421017 0.867005
vt 0.421847 0.864935
vt 0.425063 0.857252
vt 0.421851 0.849497
vt 0.419341 0.851493
vt 0.421514 0.856739
vt 0.419339 0.861935
vt 0.414096 0.864719
vt 0.408853 0.861935
vt 0.406678 0.856739
vt 0.403129 0.857252
vt 0.406344 0.864935
vt 0.414096 0.846285
vt 0.406341 0.849497
vt 0.408851 0.851493
vt 0.414096 0.849321
vt 0.014046 0.827784
vt 0.014046 0.822539
vt 0.019251 0.822539
vt 0.019251 0.827784
vt 0.075653 0.982826
vt 0.075653 0.988071
vt 0.070449 0.988071
vt 0.070449 0.982826
vt 0.075653 0.993267
vt 0.070449 0.993267
vt 0.018410 0.959033
vt 0.018410 0.953836
vt 0.023614 0.953836
vt 0.023614 0.959033
vt 0.018410 0.948591
vt 0.023614 0.948591
vt 0.014046 0.833029
vt 0.019251 0.833029
vt 0.439454 0.999557
vt 0.447209 0.996345
vt 0.450421 0.988590
vt 0.446872 0.989104
vt 0.444699 0.994349
vt 0.439454 0.996522
vt 0.015975 0.536227
vt 0.018577 0.536227
vt 0.013373 0.536227
vt 0.013373 0.528472
vt 0.015975 0.528472
vt 0.034675 0.951882
vt 0.037277 0.951882
vt 0.037277 0.959637
vt 0.034675 0.959637
vt 0.053714 0.963464
vt 0.056316 0.963464
vt 0.056316 0.971219
vt 0.053714 0.971219
vt 0.007440 0.664740
vt 0.004838 0.664740
vt 0.004838 0.656985
vt 0.007440 0.656985
vt 0.010042 0.656985
vt 0.075653 0.993312
vt 0.075653 0.988069
vt 0.080858 0.988069
vt 0.080858 0.993312
vt 0.080858 0.982826
vt 0.075653 0.982826
vt 0.417315 0.922550
vt 0.419769 0.922550
vt 0.419769 0.898098
vt 0.417315 0.898098
vt 0.412144 0.898098
vt 0.409253 0.898098
vt 0.409690 0.922550
vt 0.412144 0.922550
vt 0.010042 0.664740
vt 0.051112 0.963464
vt 0.051112 0.971219
vt 0.032073 0.951882
vt 0.032073 0.959637
vt 0.018577 0.528472
vt 0.010700 0.994258
vt 0.009794 0.994258
vt 0.009794 0.993298
vt 0.010700 0.993298
vt 0.009793 0.773753
vt 0.008887 0.773753
vt 0.008887 0.773050
vt 0.009793 0.773050
vt 0.008887 0.772090
vt 0.009793 0.772090
vt 0.020450 0.530136
vt 0.019544 0.530136
vt 0.019544 0.529175
vt 0.020450 0.529175
vt 0.019544 0.528472
vt 0.020450 0.528472
vt 0.010700 0.996547
vt 0.009794 0.996547
vt 0.009794 0.995586
vt 0.010700 0.995586
vt 0.011606 0.995586
vt 0.011606 0.996547
vt 0.010655 0.545390
vt 0.011561 0.545390
vt 0.011561 0.546093
vt 0.010655 0.546093
vt 0.011561 0.547054
vt 0.010655 0.547054
vt 0.023573 0.654913
vt 0.024479 0.654913
vt 0.024479 0.655874
vt 0.023573 0.655874
vt 0.024479 0.656577
vt 0.023573 0.656577
vt 0.011606 0.993298
vt 0.011606 0.994258
vt 0.009885 0.736056
vt 0.015055 0.736056
vt 0.015055 0.772347
vt 0.014798 0.773308
vt 0.014094 0.774011
vt 0.013134 0.774268
vt 0.011806 0.774268
vt 0.010845 0.774011
vt 0.010142 0.773308
vt 0.009885 0.772347
vt 0.008887 0.735799
vt 0.009793 0.735799
vt 0.008887 0.760250
vt 0.010655 0.583345
vt 0.011561 0.558894
vt 0.011561 0.583345
vt 0.415394 0.884337
vt 0.416354 0.884595
vt 0.417057 0.885298
vt 0.417315 0.886259
vt 0.412144 0.886259
vt 0.412402 0.885298
vt 0.413105 0.884595
vt 0.414066 0.884337
vt 0.442673 0.959584
vt 0.442415 0.960545
vt 0.441712 0.961248
vt 0.440751 0.961505
vt 0.439423 0.961505
vt 0.438463 0.961248
vt 0.437760 0.960545
vt 0.437502 0.959584
vt 0.020450 0.566427
vt 0.019544 0.566427
vt 0.019544 0.541976
vt 0.049649 0.628716
vt 0.050610 0.628974
vt 0.051313 0.629677
vt 0.051570 0.630637
vt 0.051570 0.666929
vt 0.046400 0.666929
vt 0.046400 0.630637
vt 0.046658 0.629677
vt 0.047361 0.628974
vt 0.048321 0.628716
vt 0.023573 0.618622
vt 0.024479 0.618622
vt 0.024479 0.643073
vt 0.010042 0.542785
vt 0.004838 0.542785
vt 0.004838 0.536143
vt 0.010042 0.536143
vt 0.018577 0.625975
vt 0.013373 0.625975
vt 0.004838 0.567237
vt 0.010042 0.567237
vt 0.445127 0.898842
vt 0.442673 0.898842
vt 0.437502 0.898842
vt 0.434611 0.898842
vt 0.018577 0.650427
vt 0.013373 0.650427
vt 0.013373 0.657069
vt 0.018577 0.657069
vt 0.018577 0.659139
vt 0.013373 0.659139
vt 0.004838 0.534073
vt 0.010042 0.534073
vt 0.439454 0.865462
vt 0.434211 0.862678
vt 0.432036 0.857482
vt 0.434209 0.852237
vt 0.431699 0.850240
vt 0.428487 0.857995
vt 0.431702 0.865678
vt 0.432533 0.867748
vt 0.433781 0.874390
vt 0.445127 0.874390
vt 0.446375 0.867748
vt 0.447205 0.865678
vt 0.444697 0.862678
vt 0.421017 0.978095
vt 0.419769 0.971452
vt 0.408423 0.971452
vt 0.407175 0.978095
vt 0.406344 0.980164
vt 0.403129 0.987847
vt 0.406678 0.988361
vt 0.408853 0.983164
vt 0.414096 0.980381
vt 0.419339 0.983164
vt 0.421514 0.988361
vt 0.419341 0.993606
vt 0.421851 0.995602
vt 0.425063 0.987847
vt 0.421847 0.980164
vt 0.414096 0.995779
vt 0.408851 0.993606
vt 0.406341 0.995602
vt 0.414096 0.998814
vt 0.014557 0.817018
vt 0.019761 0.817018
vt 0.019761 0.822264
vt 0.014557 0.822264
vt 0.065980 0.982348
vt 0.060776 0.982348
vt 0.060776 0.977103
vt 0.065980 0.977103
vt 0.060776 0.971906
vt 0.065980 0.971906
vt 0.029174 0.958943
vt 0.023969 0.958943
vt 0.023969 0.953747
vt 0.029174 0.953747
vt 0.023969 0.948501
vt 0.029174 0.948501
vt 0.014557 0.811773
vt 0.019761 0.811773
vt 0.439454 0.850064
vt 0.444699 0.852237
vt 0.446872 0.857482
vt 0.450421 0.857995
vt 0.447209 0.850240
vt 0.439454 0.847028
vt 0.015975 0.666822
vt 0.013373 0.666822
vt 0.018577 0.666822
vt 0.015975 0.674577
vt 0.013373 0.674577
vt 0.094627 0.999721
vt 0.094627 0.991966
vt 0.097229 0.991966
vt 0.097229 0.999721
vt 0.100120 0.999779
vt 0.100120 0.992024
vt 0.102722 0.992024
vt 0.102722 0.999779
vt 0.007440 0.518635
vt 0.007440 0.526390
vt 0.004838 0.526390
vt 0.004838 0.518635
vt 0.010042 0.526390
vt 0.055571 0.971906
vt 0.060776 0.971906
vt 0.060776 0.977149
vt 0.055571 0.977149
vt 0.060776 0.982392
vt 0.055571 0.982392
vt 0.417315 0.947001
vt 0.419769 0.947001
vt 0.412144 0.947001
vt 0.409253 0.947001
vt 0.010042 0.518635
vt 0.097518 0.999779
vt 0.097518 0.992024
vt 0.092025 0.999721
vt 0.092025 0.991966
vt 0.018577 0.674577
vt 0.008219 0.992206
vt 0.008219 0.993167
vt 0.007313 0.993167
vt 0.007313 0.992206
vt 0.009793 0.697844
vt 0.009793 0.698547
vt 0.008887 0.698547
vt 0.008887 0.697844
vt 0.009793 0.699507
vt 0.008887 0.699507
vt 0.020450 0.602718
vt 0.020450 0.603679
vt 0.019544 0.603679
vt 0.019544 0.602718
vt 0.020450 0.604382
vt 0.019544 0.604382
vt 0.008219 0.989918
vt 0.008219 0.990878
vt 0.007313 0.990878
vt 0.007313 0.989918
vt 0.009125 0.989918
vt 0.009125 0.990878
vt 0.010655 0.621300
vt 0.010655 0.620597
vt 0.011561 0.620597
vt 0.011561 0.621300
vt 0.010655 0.619636
vt 0.011561 0.619636
vt 0.023573 0.582331
vt 0.023573 0.581370
vt 0.024479 0.581370
vt 0.024479 0.582331
vt 0.023573 0.580667
vt 0.024479 0.580667
vt 0.009125 0.992206
vt 0.009125 0.993167
vt 0.009885 0.699765
vt 0.010142 0.698804
vt 0.010845 0.698101
vt 0.011806 0.697844
vt 0.013134 0.697844
vt 0.014094 0.698101
vt 0.014798 0.698804
vt 0.015055 0.699765
vt 0.008887 0.711347
vt 0.011561 0.607796
vt 0.415394 0.960762
vt 0.414066 0.960762
vt 0.413105 0.960505
vt 0.412402 0.959801
vt 0.412144 0.958841
vt 0.417315 0.958841
vt 0.417057 0.959801
vt 0.416354 0.960505
vt 0.437502 0.887002
vt 0.437760 0.886041
vt 0.438463 0.885338
vt 0.439423 0.885080
vt 0.440751 0.885080
vt 0.441712 0.885338
vt 0.442415 0.886041
vt 0.442673 0.887002
vt 0.019544 0.590878
vt 0.049649 0.705141
vt 0.048321 0.705141
vt 0.047361 0.704884
vt 0.046658 0.704180
vt 0.046400 0.703220
vt 0.051570 0.703220
vt 0.051313 0.704180
vt 0.050610 0.704884
vt 0.024479 0.594171
s 1
usemtl instruments
f 186/410/73 198/411/74 196/412/74 184/413/73
f 195/414/75 191/415/76 189/416/76 192/417/75
f 194/418/77 188/419/77 190/420/77 193/421/77
f 193/422/78 190/423/78 239/424/78 241/425/78
f 240/426/78 191/427/78 195/428/78 242/429/78
f 184/413/73 194/418/77 193/421/77 186/410/73
f 187/430/79 195/414/75 192/417/75 185/431/79
f 197/432/80 201/433/81 203/434/81 199/435/80
f 185/431/79 197/432/80 199/435/80 187/430/79
f 198/411/74 202/436/82 200/437/82 196/412/74
f 199/438/78 203/439/78 210/440/78 212/441/78 226/442/78 224/443/78 217/444/78 229/445/78 214/446/78 202/447/78 198/448/78 186/449/78 187/450/78
f 197/451/83 185/452/83 184/453/83 196/454/83 200/455/83 209/456/83 207/457/83 220/458/83 223/459/83 215/460/83 228/461/83 216/462/83 225/463/83 211/464/83 201/465/83
f 207/457/83 205/466/83 213/467/83 211/464/83 225/463/83 227/468/83 221/469/83 220/458/83
f 218/470/84 219/471/85 220/472/85 221/473/84
f 219/474/85 222/475/86 223/476/86 220/477/85
f 222/475/86 214/478/87 215/479/87 223/476/86
f 217/480/88 224/481/89 225/482/89 216/483/88
f 224/481/89 226/484/90 227/485/90 225/482/89
f 226/486/90 218/470/84 221/473/84 227/487/90
f 212/441/78 204/488/78 206/489/78 208/490/78 202/447/78 214/446/78 222/491/78 219/492/78 218/493/78 226/442/78
f 230/494/91 210/495/91 203/434/81 201/433/81 211/496/91
f 230/494/91 211/496/91 213/497/92 231/498/92
f 231/499/92 213/500/92 205/501/93 232/502/93
f 232/503/93 205/504/93 207/505/94 233/506/94
f 233/507/94 207/508/94 209/509/95 234/510/95
f 234/510/95 209/509/95 200/437/82 202/436/82 208/511/95
f 214/512/87 229/513/96 228/514/96 215/515/87
f 216/516/88 228/514/97 229/513/97 217/517/88
f 235/518/83 188/519/83 194/520/83 237/521/83
f 238/522/83 192/523/83 189/524/83 236/525/83
f 206/526/94 233/507/94 234/510/95 208/511/95
f 204/527/93 232/503/93 233/506/94 206/528/94
f 212/529/92 231/499/92 232/502/93 204/530/93
f 210/495/91 230/494/91 231/498/92 212/531/92
f 247/532/98 264/533/98 266/534/99 249/535/99
f 249/536/99 266/537/99 265/538/100 250/539/100
f 250/539/100 265/538/100 263/540/101 248/541/101
f 243/542/102 260/543/102 262/544/103 245/545/103
f 245/545/103 262/544/103 261/546/104 246/547/104
f 246/548/104 261/549/104 259/550/105 244/551/105
f 251/551/105 268/552/105 270/553/104 253/548/104
f 253/554/104 270/555/104 269/556/103 254/557/103
f 254/557/103 269/556/103 267/558/102 252/559/102
f 255/560/101 272/561/101 274/562/100 257/563/100
f 257/563/100 274/562/100 273/564/99 258/565/99
f 258/535/99 273/566/99 271/567/98 256/532/98
f 276/568/83 275/569/83 243/570/83 245/571/83 246/572/83 244/573/83 247/574/83 249/575/83 250/576/83 248/577/83
f 236/578/77 276/579/77 248/541/101 263/540/101 238/580/77
f 277/581/76 252/559/102 267/558/102 241/582/76 239/583/76
f 264/533/98 247/532/98 244/551/105 259/550/105
f 268/552/105 251/551/105 256/532/98 271/567/98
f 259/584/83 261/585/83 262/586/83 260/587/83 237/521/83 194/520/83 184/453/83 185/452/83 192/523/83 238/522/83 263/588/83 265/589/83 266/590/83 264/591/83
f 195/428/78 187/450/78 186/449/78 193/422/78 241/425/78 267/592/78 269/593/78 270/594/78 268/595/78 271/596/78 273/597/78 274/598/78 272/599/78 242/429/78
f 260/543/102 243/542/102 275/600/76 235/601/76 237/602/76
f 251/603/78 253/604/78 254/605/78 252/606/78 277/607/78 278/608/78 255/609/78 257/610/78 258/611/78 256/612/78
f 272/561/101 255/560/101 278/613/77 240/614/77 242/615/77
f 281/616/106 279/617/106 287/618/107 289/619/107
f 286/620/108 283/621/108 189/416/76 191/415/76
f 285/622/77 284/623/77 190/420/77 188/419/77
f 284/624/78 328/625/78 239/424/78 190/423/78
f 240/426/78 329/626/78 286/627/78 191/427/78
f 279/617/106 281/616/106 284/623/77 285/622/77
f 282/628/109 280/629/109 283/621/108 286/620/108
f 288/630/110 290/631/110 294/632/111 292/633/111
f 280/629/109 282/628/109 290/631/110 288/630/110
f 289/619/107 287/618/107 291/634/112 293/635/112
f 320/636/78 308/637/78 315/638/78 317/639/78 303/640/78 301/641/78 294/642/78 290/643/78 282/644/78 281/645/78 289/646/78 293/647/78 305/648/78
f 287/649/83 279/650/83 280/651/83 288/652/83 292/653/83 302/654/83 316/655/83 307/656/83 319/657/83 306/658/83 314/659/83 311/660/83 298/661/83 300/662/83 291/663/83
f 298/661/83 311/660/83 312/664/83 318/665/83 316/655/83 302/654/83 304/666/83 296/667/83
f 309/668/93 312/669/93 311/670/92 310/671/92
f 310/672/92 311/673/92 314/674/91 313/675/91
f 313/675/91 314/674/91 306/676/113 305/677/113
f 308/678/114 307/679/114 316/680/95 315/681/95
f 315/681/95 316/680/95 318/682/94 317/683/94
f 317/684/94 318/685/94 312/669/93 309/668/93
f 303/640/78 317/639/78 309/686/78 310/687/78 313/688/78 305/648/78 293/647/78 299/689/78 297/690/78 295/691/78
f 321/692/86 302/693/86 292/633/111 294/632/111 301/694/86
f 321/692/86 322/695/85 304/696/85 302/693/86
f 322/697/85 323/698/84 296/699/84 304/700/85
f 323/701/84 324/702/90 298/703/90 296/704/84
f 324/705/90 325/706/89 300/707/89 298/708/90
f 325/706/89 299/709/89 293/635/112 291/634/112 300/707/89
f 305/710/113 306/711/113 319/712/115 320/713/115
f 307/714/114 308/715/114 320/713/116 319/712/116
f 235/518/83 326/716/83 285/717/83 188/519/83
f 327/718/83 236/525/83 189/524/83 283/719/83
f 297/720/90 299/709/89 325/706/89 324/705/90
f 295/721/84 297/722/90 324/702/90 323/701/84
f 303/723/85 295/724/84 323/698/84 322/697/85
f 301/694/86 303/725/85 322/695/85 321/692/86
f 334/726/117 336/727/118 353/728/118 351/729/117
f 336/730/118 337/731/119 352/732/119 353/733/118
f 337/731/119 335/734/120 350/735/120 352/732/119
f 330/736/121 332/737/122 349/738/122 347/739/121
f 332/737/122 333/740/123 348/741/123 349/738/122
f 333/742/123 331/743/124 346/744/124 348/745/123
f 338/743/124 340/742/123 357/746/123 355/747/124
f 340/748/123 341/749/122 356/750/122 357/751/123
f 341/749/122 339/752/121 354/753/121 356/750/122
f 342/754/120 344/755/119 361/756/119 359/757/120
f 344/755/119 345/758/118 360/759/118 361/756/119
f 345/727/118 343/726/117 358/760/117 360/761/118
f 276/568/83 335/762/83 337/763/83 336/764/83 334/765/83 331/766/83 333/767/83 332/768/83 330/769/83 275/569/83
f 236/578/77 327/770/77 350/735/120 335/734/120 276/579/77
f 277/581/76 239/583/76 328/771/76 354/753/121 339/752/121
f 351/729/117 346/744/124 331/743/124 334/726/117
f 355/747/124 358/760/117 343/726/117 338/743/124
f 346/772/83 351/773/83 353/774/83 352/775/83 350/776/83 327/718/83 283/719/83 280/651/83 279/650/83 285/717/83 326/716/83 347/777/83 349/778/83 348/779/83
f 286/627/78 329/626/78 359/780/78 361/781/78 360/782/78 358/783/78 355/784/78 357/785/78 356/786/78 354/787/78 328/625/78 284/624/78 281/645/78 282/644/78
f 347/739/121 326/788/76 235/601/76 275/600/76 330/736/121
f 338/789/78 343/790/78 345/791/78 344/792/78 342/793/78 278/608/78 277/607/78 339/794/78 341/795/78 340/796/78
f 359/757/120 329/797/77 240/614/77 278/613/77 342/754/120
o spanner_2
v -0.028527 0.002293 -0.371153
v -0.028527 0.002293 -0.362271
v -0.115020 0.002293 -0.371153
v -0.115020 0.002293 -0.361154
v -0.028527 -0.002293 -0.371153
v -0.028527 -0.002293 -0.362271
v -0.115020 -0.002293 -0.371153
v -0.115020 -0.002293 -0.361154
v -0.071923 0.002293 -0.371153
v -0.071923 0.002293 -0.362271
v -0.071923 -0.002293 -0.371153
v -0.071923 -0.002293 -0.362271
v -0.093472 0.002293 -0.361886
v -0.093472 -0.002293 -0.371153
v -0.093472 0.002293 -0.371153
v -0.093472 -0.002293 -0.361886
v -0.120874 0.002293 -0.372252
v -0.120874 0.002293 -0.360054
v -0.120874 -0.002293 -0.372252
v -0.120874 -0.002293 -0.360054
v -0.122697 0.002293 -0.372984
v -0.122697 0.002293 -0.359322
v -0.122697 -0.002293 -0.372984
v -0.122697 -0.002293 -0.359322
v -0.139133 -0.002293 -0.366153
v -0.139133 0.002293 -0.366153
v -0.136302 -0.002293 -0.372987
v -0.136302 0.002293 -0.372987
v -0.129468 -0.002293 -0.375818
v -0.129468 0.002293 -0.375818
v -0.129468 -0.002293 -0.356488
v -0.129468 0.002293 -0.356488
v -0.136302 -0.002293 -0.359319
v -0.136302 0.002293 -0.359319
v -0.125341 -0.002293 -0.370774
v -0.125341 0.002293 -0.370774
v -0.125341 0.002293 -0.361533
v -0.125341 -0.002293 -0.361533
v -0.136458 -0.002293 -0.366153
v -0.134543 -0.002293 -0.370776
v -0.134543 0.002293 -0.370776
v -0.136458 0.002293 -0.366153
v -0.129921 -0.002293 -0.372690
v -0.129921 0.002293 -0.372690
v -0.129921 -0.002293 -0.359616
v -0.129921 0.002293 -0.359616
v -0.134543 -0.002293 -0.361531
v -0.134543 0.002293 -0.361531
v -0.122888 0.002293 -0.366153
v -0.122888 -0.002293 -0.366153
v -0.022429 0.002293 -0.372930
v -0.022429 0.002293 -0.360494
v -0.022429 -0.002293 -0.372930
v -0.022429 -0.002293 -0.360494
v -0.025478 -0.002293 -0.371671
v -0.025478 -0.002293 -0.361752
v -0.025478 0.002293 -0.371671
v -0.025478 0.002293 -0.361752
v -0.013879 0.002293 -0.377762
v -0.013879 0.002293 -0.355662
v -0.013879 -0.002293 -0.377762
v -0.013879 -0.002293 -0.355662
v -0.012691 -0.002293 -0.365643
v -0.012691 0.002293 -0.365643
v -0.011504 0.002293 -0.355148
v -0.011504 -0.002293 -0.355148
v -0.008968 0.002293 -0.355566
v -0.008968 -0.002293 -0.355566
v -0.006208 0.002293 -0.356753
v -0.006208 -0.002293 -0.356753
v -0.003737 0.002293 -0.358743
v -0.003737 -0.002293 -0.358743
v -0.001394 0.002293 -0.361375
v -0.001394 -0.002293 -0.361375
v -0.000303 0.002293 -0.363397
v -0.000303 -0.002293 -0.363397
v -0.000463 0.002293 -0.363878
v -0.000463 -0.002293 -0.363878
v -0.001587 0.002293 -0.363878
v -0.001587 -0.002293 -0.363878
v -0.008936 0.002293 -0.362305
v -0.008936 -0.002293 -0.362305
v -0.009963 0.002293 -0.362305
v -0.009963 -0.002293 -0.362305
v -0.011055 0.002293 -0.362819
v -0.011055 -0.002293 -0.362819
v -0.011889 0.002293 -0.363846
v -0.011889 -0.002293 -0.363846
v -0.013333 -0.002293 -0.367473
v -0.013333 0.002293 -0.367473
v -0.013333 -0.002293 -0.369302
v -0.013333 0.002293 -0.369302
v -0.012884 -0.002293 -0.370907
v -0.012884 0.002293 -0.370907
v -0.012178 -0.002293 -0.372158
v -0.012178 0.002293 -0.372158
v -0.003352 -0.002293 -0.374662
v -0.003352 0.002293 -0.374662
v -0.012082 0.002293 -0.378083
v -0.012082 -0.002293 -0.378083
v -0.009450 0.002293 -0.377794
v -0.009450 -0.002293 -0.377794
v -0.006369 0.002293 -0.376895
v -0.006369 -0.002293 -0.376895
v -0.003801 0.002293 -0.375675
v -0.003801 -0.002293 -0.375675
v -0.129468 0.000000 -0.356488
v -0.136302 0.000000 -0.359319
v -0.139133 0.000000 -0.366153
v -0.136302 0.000000 -0.372987
v -0.129468 0.000000 -0.375818
v -0.071923 0.002293 -0.368990
v -0.071923 0.002293 -0.364433
v -0.093472 0.002293 -0.368990
v -0.093472 0.002293 -0.364433
v -0.071923 -0.002293 -0.368990
v -0.071923 -0.002293 -0.364433
v -0.093472 -0.002293 -0.368990
v -0.093472 -0.002293 -0.364433
v -0.038248 0.001495 -0.367297
v -0.039941 0.001495 -0.368990
v -0.038475 0.001495 -0.368143
v -0.039095 0.001495 -0.368763
v -0.039941 0.001495 -0.364433
v -0.038248 0.001495 -0.366127
v -0.039095 0.001495 -0.364660
v -0.038475 0.001495 -0.365280
v -0.039941 -0.001495 -0.368990
v -0.038248 -0.001495 -0.367297
v -0.039095 -0.001495 -0.368763
v -0.038475 -0.001495 -0.368143
v -0.038248 -0.001495 -0.366127
v -0.039941 -0.001495 -0.364433
v -0.038475 -0.001495 -0.365280
v -0.039095 -0.001495 -0.364660
v -0.103906 0.001495 -0.368990
v -0.105599 0.001495 -0.367297
v -0.104752 0.001495 -0.368763
v -0.105372 0.001495 -0.368143
v -0.105599 0.001495 -0.366127
v -0.103906 0.001495 -0.364433
v -0.105372 0.001495 -0.365280
v -0.104752 0.001495 -0.364660
v -0.105599 -0.001495 -0.367297
v -0.103906 -0.001495 -0.368990
v -0.105372 -0.001495 -0.368143
v -0.104752 -0.001495 -0.368763
v -0.103906 -0.001495 -0.364433
v -0.105599 -0.001495 -0.366127
v -0.104752 -0.001495 -0.364660
v -0.105372 -0.001495 -0.365280
v -0.039941 0.002293 -0.368990
v -0.038248 0.002293 -0.367297
v -0.039095 0.002293 -0.368763
v -0.038475 0.002293 -0.368143
v -0.038248 0.002293 -0.366127
v -0.039941 0.002293 -0.364433
v -0.038475 0.002293 -0.365280
v -0.039095 0.002293 -0.364660
v -0.105599 0.002293 -0.367297
v -0.103906 0.002293 -0.368990
v -0.105372 0.002293 -0.368143
v -0.104752 0.002293 -0.368763
v -0.103906 0.002293 -0.364433
v -0.105599 0.002293 -0.366127
v -0.104752 0.002293 -0.364660
v -0.105372 0.002293 -0.365280
v -0.038248 -0.002293 -0.367297
v -0.039941 -0.002293 -0.368990
v -0.038475 -0.002293 -0.368143
v -0.039095 -0.002293 -0.368763
v -0.039941 -0.002293 -0.364433
v -0.038248 -0.002293 -0.366127
v -0.039095 -0.002293 -0.364660
v -0.038475 -0.002293 -0.365280
v -0.103906 -0.002293 -0.368990
v -0.105599 -0.002293 -0.367297
v -0.104752 -0.002293 -0.368763
v -0.105372 -0.002293 -0.368143
v -0.105599 -0.002293 -0.366127
v -0.103906 -0.002293 -0.364433
v -0.105372 -0.002293 -0.365280
v -0.104752 -0.002293 -0.364660
vn 0.0927 -0.0000 -0.9957
vn 0.2799 -0.0000 -0.9600
vn -0.0000 -0.0000 -1.0000
vn -0.0841 -0.0000 -0.9965
vn 0.0089 -0.0000 1.0000
vn -0.0841 -0.0000 0.9965
vn 0.0259 -0.0000 0.9997
vn -0.0000 -1.0000 -0.0000
vn 0.1096 -0.0000 0.9940
vn 0.2799 -0.0000 0.9600
vn 0.3793 -0.0000 0.9253
vn 0.3793 -0.0000 -0.9253
vn -0.0000 1.0000 -0.0000
vn 1.0000 -0.0000 -0.0000
vn 0.7071 -0.0000 0.7071
vn -0.0018 -0.0000 1.0000
vn -0.6739 -0.0000 0.7388
vn -0.6739 -0.0000 -0.7388
vn -0.0018 -0.0000 -1.0000
vn 0.7071 -0.0000 -0.7071
vn 0.0018 -0.0000 1.0000
vn -0.7071 -0.0000 0.7071
vn -1.0000 -0.0000 -0.0000
vn -0.7071 -0.0000 -0.7071
vn 0.0018 -0.0000 -1.0000
vn -0.8832 -0.0000 0.4690
vn -0.8832 -0.0000 -0.4690
vn -0.2763 -0.0000 -0.9611
vn -0.4376 -0.0000 -0.8992
vn -0.2763 -0.0000 0.9611
vn -0.4376 -0.0000 0.8992
vn 0.9236 -0.0000 0.3832
vn 0.6185 -0.0000 0.7858
vn -0.3387 -0.0000 -0.9409
vn 0.9292 -0.0000 -0.3697
vn 0.9858 -0.0000 -0.1679
vn -0.3557 -0.0000 0.9346
vn 0.9907 -0.0000 0.1361
vn 0.2729 -0.0000 0.9621
vn 0.8519 -0.0000 -0.5236
vn -0.0249 -0.0000 0.9997
vn 0.2809 -0.0000 0.9597
vn 0.5159 -0.0000 0.8566
vn 0.6894 -0.0000 0.7244
vn 0.8190 -0.0000 0.5738
vn 0.9963 -0.0000 0.0865
vn 0.9487 -0.0000 -0.3162
vn -0.1052 -0.0000 -0.9945
vn 0.2182 -0.0000 -0.9759
vn 0.6164 -0.0000 -0.7874
vn -0.0337 -0.0000 -0.9994
vn 0.1953 -0.0000 -0.9807
vn 0.3557 -0.0000 -0.9346
vn 0.7163 -0.0000 -0.6978
vn 0.9142 -0.0000 -0.4053
vn 0.9914 -0.0000 -0.1305
vn 0.8660 -0.0000 -0.5000
vn 0.5000 -0.0000 -0.8660
vn 0.1305 -0.0000 -0.9914
vn 0.1305 -0.0000 0.9914
vn 0.5000 -0.0000 0.8660
vn 0.8660 -0.0000 0.5000
vn 0.9914 -0.0000 0.1305
vn -0.9914 -0.0000 0.1305
vn -0.8660 -0.0000 0.5000
vn -0.5000 -0.0000 0.8660
vn -0.1305 -0.0000 0.9914
vn -0.1305 -0.0000 -0.9914
vn -0.5000 -0.0000 -0.8660
vn -0.8660 -0.0000 -0.5000
vn -0.9914 -0.0000 -0.1305
vn -0.0000 -0.0000 1.0000
vt 0.025399 0.644864
vt 0.025399 0.637684
vt 0.030950 0.637684
vt 0.030950 0.644864
vt 0.030950 0.696795
vt 0.030950 0.749088
vt 0.025399 0.749088
vt 0.025399 0.696795
vt 0.001106 0.811406
vt 0.001106 0.758882
vt 0.006657 0.758882
vt 0.006657 0.811406
vt 0.001106 0.837483
vt 0.006657 0.837483
vt 0.030950 0.670829
vt 0.025399 0.670829
vt 0.396642 0.943440
vt 0.396139 0.917364
vt 0.393522 0.917414
vt 0.394025 0.943491
vt 0.388008 0.917521
vt 0.385391 0.917571
vt 0.385428 0.943657
vt 0.388511 0.943597
vt 0.001106 0.863555
vt 0.006657 0.863555
vt 0.006657 0.870629
vt 0.006657 0.872828
vt 0.001106 0.872828
vt 0.001106 0.870629
vt 0.025399 0.635403
vt 0.030950 0.635403
vt 0.383851 0.976860
vt 0.383008 0.979084
vt 0.379737 0.987344
vt 0.383322 0.995548
vt 0.385957 0.993368
vt 0.383532 0.987819
vt 0.385745 0.982232
vt 0.391279 0.979155
vt 0.396928 0.982016
vt 0.399541 0.978765
vt 0.398613 0.976575
vt 0.397145 0.969517
vt 0.385045 0.969750
vt 0.472990 0.977338
vt 0.471796 0.970228
vt 0.459696 0.969995
vt 0.458228 0.977053
vt 0.457300 0.979243
vt 0.453712 0.987370
vt 0.456978 0.995707
vt 0.459696 0.993630
vt 0.457487 0.987991
vt 0.459913 0.982494
vt 0.465562 0.979633
vt 0.471096 0.982710
vt 0.473309 0.988297
vt 0.477104 0.987822
vt 0.473833 0.979562
vt 0.465183 0.999292
vt 0.473519 0.996026
vt 0.470884 0.993846
vt 0.465245 0.996055
vt 0.081237 0.994071
vt 0.081237 0.988511
vt 0.086788 0.988511
vt 0.086788 0.994071
vt 0.014513 0.811411
vt 0.014513 0.805837
vt 0.020064 0.805837
vt 0.020064 0.811411
vt 0.014513 0.800273
vt 0.020064 0.800273
vt 0.012745 0.799797
vt 0.012745 0.794497
vt 0.018296 0.794497
vt 0.018296 0.799797
vt 0.012745 0.788709
vt 0.018296 0.788709
vt 0.081237 0.999700
vt 0.086788 0.999700
vt 0.391658 0.998814
vt 0.399863 0.995229
vt 0.403129 0.986893
vt 0.399354 0.987513
vt 0.397145 0.993152
vt 0.391596 0.995577
vt 0.003881 0.880992
vt 0.001106 0.880992
vt 0.006657 0.880992
vt 0.006657 0.889294
vt 0.003881 0.889294
vt 0.012717 0.941199
vt 0.014910 0.941199
vt 0.014910 0.947735
vt 0.012717 0.947735
vt 0.014910 0.954270
vt 0.012717 0.954270
vt 0.028174 0.619009
vt 0.030950 0.619009
vt 0.030950 0.626922
vt 0.028174 0.626922
vt 0.025399 0.626922
vt 0.047406 0.994748
vt 0.047406 0.989155
vt 0.052957 0.989155
vt 0.052957 0.994748
vt 0.052957 0.983563
vt 0.047406 0.983563
vt 0.463319 0.917892
vt 0.460702 0.917842
vt 0.460199 0.943918
vt 0.462816 0.943969
vt 0.468330 0.944075
vt 0.471413 0.944135
vt 0.471450 0.918049
vt 0.468833 0.917999
vt 0.025399 0.752702
vt 0.030950 0.752702
vt 0.030950 0.756233
vt 0.025399 0.756233
vt 0.006657 0.755187
vt 0.001106 0.755187
vt 0.001106 0.751483
vt 0.006657 0.751483
vt 0.467570 0.877207
vt 0.468589 0.877501
vt 0.469325 0.878266
vt 0.469579 0.879295
vt 0.472463 0.865533
vt 0.473162 0.861855
vt 0.474756 0.858195
vt 0.480803 0.847961
vt 0.481480 0.845098
vt 0.481034 0.842021
vt 0.479661 0.838653
vt 0.477311 0.835616
vt 0.474181 0.832719
vt 0.471759 0.831351
vt 0.471173 0.831534
vt 0.471147 0.832893
vt 0.472878 0.841824
vt 0.472855 0.843067
vt 0.472208 0.844376
vt 0.470945 0.845362
vt 0.468751 0.846291
vt 0.466523 0.847025
vt 0.464309 0.846982
vt 0.462377 0.846401
vt 0.460879 0.845517
vt 0.458056 0.834778
vt 0.456819 0.835298
vt 0.455283 0.838377
vt 0.454123 0.842084
vt 0.453712 0.845262
vt 0.454059 0.847445
vt 0.459706 0.857904
vt 0.461158 0.861624
vt 0.461715 0.865325
vt 0.464065 0.879189
vt 0.464360 0.878170
vt 0.465124 0.877434
vt 0.466154 0.877180
vt 0.395126 0.864847
vt 0.395683 0.861145
vt 0.397135 0.857426
vt 0.402782 0.846967
vt 0.403129 0.844784
vt 0.402718 0.841606
vt 0.401558 0.837899
vt 0.400023 0.834820
vt 0.398786 0.834300
vt 0.395962 0.845039
vt 0.394464 0.845923
vt 0.392532 0.846504
vt 0.390318 0.846547
vt 0.388090 0.845813
vt 0.385896 0.844884
vt 0.384634 0.843898
vt 0.383987 0.842589
vt 0.383963 0.841346
vt 0.385694 0.832415
vt 0.385668 0.831056
vt 0.385082 0.830873
vt 0.382660 0.832241
vt 0.379530 0.835137
vt 0.377180 0.838175
vt 0.375807 0.841542
vt 0.375361 0.844621
vt 0.376038 0.847483
vt 0.382085 0.857717
vt 0.383679 0.861377
vt 0.384378 0.865055
vt 0.387262 0.878817
vt 0.387516 0.877788
vt 0.388252 0.877023
vt 0.389271 0.876729
vt 0.390687 0.876702
vt 0.391717 0.876956
vt 0.392481 0.877692
vt 0.392776 0.878711
vt 0.055543 0.985065
vt 0.055543 0.983563
vt 0.061094 0.983563
vt 0.061094 0.985065
vt 0.030950 0.765985
vt 0.025399 0.765985
vt 0.055543 0.991439
vt 0.055543 0.989213
vt 0.061094 0.989213
vt 0.061094 0.991439
vt 0.001106 0.741082
vt 0.006657 0.741082
vt 0.055543 0.986999
vt 0.061094 0.986999
vt 0.007002 0.799825
vt 0.007002 0.789170
vt 0.012553 0.789170
vt 0.012553 0.799825
vt 0.055543 0.993628
vt 0.061094 0.993628
vt 0.001106 0.738202
vt 0.006657 0.738202
vt 0.001106 0.735138
vt 0.006657 0.735138
vt 0.001106 0.731810
vt 0.006657 0.731810
vt 0.001106 0.728840
vt 0.006657 0.728840
vt 0.076252 0.993505
vt 0.076252 0.996648
vt 0.070701 0.996648
vt 0.070701 0.993505
vt 0.076252 0.999076
vt 0.070701 0.999076
vt 0.076252 0.999661
vt 0.070701 0.999661
vt 0.041855 0.996205
vt 0.041855 0.994851
vt 0.047406 0.994851
vt 0.047406 0.996205
vt 0.041855 0.986174
vt 0.047406 0.986174
vt 0.041855 0.984936
vt 0.047406 0.984936
vt 0.041855 0.983563
vt 0.055543 0.994886
vt 0.061094 0.994886
vt 0.030950 0.768115
vt 0.025399 0.768115
vt 0.030950 0.771319
vt 0.025399 0.771319
vt 0.030950 0.775134
vt 0.025399 0.775134
vt 0.030950 0.778367
vt 0.025399 0.778367
vt 0.391132 0.838589
vt 0.389897 0.838589
vt 0.389897 0.844140
vt 0.391132 0.844140
vt 0.025399 0.619009
vt 0.010524 0.947735
vt 0.010524 0.954270
vt 0.010524 0.941199
vt 0.001106 0.889294
vt 0.008244 0.994265
vt 0.007277 0.994265
vt 0.007277 0.993237
vt 0.008244 0.993237
vt 0.012030 0.542314
vt 0.012996 0.542314
vt 0.012996 0.543132
vt 0.012030 0.543132
vt 0.012996 0.544178
vt 0.012030 0.544178
vt 0.022606 0.582432
vt 0.021640 0.582432
vt 0.021640 0.581410
vt 0.022606 0.581410
vt 0.021640 0.580667
vt 0.022606 0.580667
vt 0.008244 0.996702
vt 0.007277 0.996702
vt 0.007277 0.995682
vt 0.008244 0.995682
vt 0.415859 0.856136
vt 0.416825 0.856136
vt 0.416825 0.855111
vt 0.415859 0.855111
vt 0.022606 0.661634
vt 0.021640 0.661634
vt 0.021640 0.660878
vt 0.022606 0.660878
vt 0.021640 0.659851
vt 0.022606 0.659851
vt 0.012030 0.621255
vt 0.012996 0.621255
vt 0.012996 0.622249
vt 0.012030 0.622249
vt 0.415859 0.859327
vt 0.416825 0.859327
vt 0.416825 0.858577
vt 0.415859 0.858577
vt 0.416825 0.857552
vt 0.415859 0.857552
vt 0.008244 0.995682
vt 0.009210 0.995682
vt 0.009210 0.996702
vt 0.008244 0.996702
vt 0.019544 0.609439
vt 0.018577 0.609439
vt 0.018577 0.608696
vt 0.019544 0.608696
vt 0.018577 0.607674
vt 0.019544 0.607674
vt 0.023573 0.582530
vt 0.022606 0.582530
vt 0.022606 0.581484
vt 0.023573 0.581484
vt 0.023573 0.580667
vt 0.008244 0.993237
vt 0.009210 0.993237
vt 0.009210 0.994265
vt 0.008244 0.994265
vt 0.076252 0.995947
vt 0.077219 0.995947
vt 0.077219 0.996971
vt 0.076252 0.996971
vt 0.077219 0.997721
vt 0.076252 0.997721
vt 0.023573 0.660602
vt 0.022606 0.660602
vt 0.022606 0.659607
vt 0.023573 0.659607
vt 0.019544 0.530256
vt 0.018577 0.530256
vt 0.018577 0.529229
vt 0.019544 0.529229
vt 0.018577 0.528472
vt 0.019544 0.528472
vt 0.077219 0.993505
vt 0.077219 0.994530
vt 0.076252 0.994530
vt 0.048427 0.628577
vt 0.047403 0.628303
vt 0.046653 0.627553
vt 0.046378 0.626528
vt 0.046378 0.549107
vt 0.046653 0.548082
vt 0.047403 0.547332
vt 0.048427 0.547058
vt 0.049844 0.547058
vt 0.050869 0.547332
vt 0.051619 0.548082
vt 0.051893 0.549107
vt 0.051893 0.626528
vt 0.051619 0.627553
vt 0.050869 0.628303
vt 0.049844 0.628577
vt 0.021640 0.621141
vt 0.021640 0.595061
vt 0.012996 0.556751
vt 0.012996 0.582716
vt 0.018577 0.595045
vt 0.018577 0.568965
vt 0.054299 0.675133
vt 0.053274 0.674858
vt 0.052524 0.674108
vt 0.052250 0.673083
vt 0.052250 0.595662
vt 0.052524 0.594638
vt 0.053274 0.593888
vt 0.054299 0.593613
vt 0.055715 0.593613
vt 0.056740 0.593888
vt 0.057490 0.594638
vt 0.057765 0.595662
vt 0.057765 0.673083
vt 0.057490 0.674108
vt 0.056740 0.674858
vt 0.055715 0.675133
vt 0.022606 0.621069
vt 0.022606 0.595103
vt 0.464582 0.958684
vt 0.463563 0.958390
vt 0.462827 0.957625
vt 0.462572 0.956596
vt 0.468086 0.956702
vt 0.467792 0.957721
vt 0.467028 0.958457
vt 0.465998 0.958711
vt 0.394269 0.956118
vt 0.394014 0.957147
vt 0.393279 0.957912
vt 0.392259 0.958206
vt 0.390843 0.958233
vt 0.389813 0.957979
vt 0.389049 0.957243
vt 0.388755 0.956224
s 1
usemtl instruments
f 368/798/125 380/799/126 378/800/126 364/801/125
f 370/802/127 362/803/128 366/804/128 372/805/127
f 373/806/129 367/807/130 363/808/130 371/809/129
f 377/810/131 373/806/129 371/809/129 374/811/131
f 376/812/127 370/802/127 372/805/127 375/813/127
f 375/814/132 372/815/132 477/816/132 479/817/132
f 478/818/132 373/819/132 377/820/132 480/821/132
f 364/801/125 376/812/127 375/813/127 368/798/125
f 369/822/133 377/810/131 374/811/131 365/823/133
f 379/824/134 383/825/135 385/826/135 381/827/134
f 365/823/133 379/824/134 381/827/134 369/822/133
f 380/799/126 384/828/136 382/829/136 378/800/126
f 381/830/132 385/831/132 392/832/132 394/833/132 408/834/132 406/835/132 399/836/132 411/837/132 396/838/132 384/839/132 380/840/132 368/841/132 369/842/132
f 379/843/137 365/844/137 364/845/137 378/846/137 382/847/137 391/848/137 389/849/137 402/850/137 405/851/137 397/852/137 410/853/137 398/854/137 407/855/137 393/856/137 383/857/137
f 389/849/137 387/858/137 395/859/137 393/856/137 407/855/137 409/860/137 403/861/137 402/850/137
f 400/862/138 401/863/139 402/864/139 403/865/138
f 401/866/139 404/867/140 405/868/140 402/869/139
f 404/867/140 396/870/141 397/871/141 405/868/140
f 399/872/142 406/873/143 407/874/143 398/875/142
f 406/873/143 408/876/144 409/877/144 407/874/143
f 408/878/144 400/862/138 403/865/138 409/879/144
f 394/833/132 386/880/132 388/881/132 390/882/132 384/839/132 396/838/132 404/883/132 401/884/132 400/885/132 408/834/132
f 468/886/145 392/887/145 385/826/135 383/825/135 393/888/145
f 468/886/145 393/888/145 395/889/146 469/890/146
f 469/891/146 395/892/146 387/893/147 470/894/147
f 470/894/147 387/893/147 389/895/148 471/896/148
f 471/897/148 389/898/148 391/899/149 472/900/149
f 472/900/149 391/899/149 382/829/136 384/828/136 390/901/149
f 396/902/141 411/903/150 410/904/150 397/905/141
f 398/906/142 410/904/151 411/903/151 399/907/142
f 473/908/137 370/909/137 376/910/137 475/911/137
f 476/912/137 374/913/137 371/914/137 474/915/137
f 416/916/152 418/917/152 412/918/153 414/919/153
f 419/920/154 417/921/154 415/922/155 413/923/155
f 517/924/137 519/925/137 520/926/137 518/927/137 474/915/137 371/914/137 363/928/137 419/929/137 413/930/137 421/931/137 426/932/137 428/933/137 430/934/137 432/935/137 434/936/137 436/937/137 438/938/137 440/939/137 442/940/137 444/941/137 446/942/137 448/943/137 425/944/137 451/945/137 453/946/137 455/947/137 457/948/137 459/949/137 466/950/137 464/951/137 462/952/137 460/953/137 420/954/137 412/955/137 418/956/137 362/957/137 370/909/137 473/908/137 513/958/137 515/959/137 516/960/137 514/961/137
f 363/808/130 367/807/130 417/921/154 419/920/154
f 366/804/128 362/803/128 418/917/152 416/916/152
f 372/815/132 366/962/132 416/963/132 414/964/132 422/965/132 461/966/132 463/967/132 465/968/132 467/969/132 458/970/132 456/971/132 454/972/132 452/973/132 450/974/132 424/975/132 449/976/132 447/977/132 445/978/132 443/979/132 441/980/132 439/981/132 437/982/132 435/983/132 433/984/132 431/985/132 429/986/132 427/987/132 423/988/132 415/989/132 417/990/132 367/991/132 373/819/132 478/818/132 533/992/132 535/993/132 536/994/132 534/995/132 529/996/132 531/997/132 532/998/132 530/999/132 477/816/132
f 454/1000/156 456/1001/157 457/1002/157 455/1003/156
f 414/919/153 412/918/153 420/1004/158 422/1005/158
f 424/1006/159 450/1007/160 451/1008/160 425/1009/159
f 413/923/155 415/922/155 423/1010/161 421/1011/161
f 450/1007/160 452/1012/162 453/1013/162 451/1008/160
f 456/1014/157 458/1015/163 459/1016/163 457/1017/157
f 449/1018/164 424/1006/159 425/1009/159 448/1019/164
f 452/1012/162 454/1000/156 455/1003/156 453/1013/162
f 423/1010/161 427/1020/165 426/1021/165 421/1011/161
f 427/1020/165 429/1022/166 428/1023/166 426/1021/165
f 429/1022/166 431/1024/167 430/1025/167 428/1023/166
f 431/1024/167 433/1026/168 432/1027/168 430/1025/167
f 433/1028/168 435/1029/169 434/1030/169 432/1031/168
f 435/1029/169 437/1032/170 436/1033/170 434/1030/169
f 437/1032/170 439/1034/171 438/1035/171 436/1033/170
f 439/1036/127 441/1037/172 440/1038/172 438/1039/127
f 441/1037/172 443/1040/172 442/1041/172 440/1038/172
f 443/1040/172 445/1042/173 444/1043/173 442/1041/172
f 445/1042/173 447/1044/174 446/907/174 444/1043/173
f 447/1045/174 449/1018/164 448/1019/164 446/1046/174
f 422/1005/158 420/1004/158 460/1047/175 461/1048/175
f 461/1048/175 460/1047/175 462/1049/176 463/1050/176
f 463/1050/176 462/1049/176 464/1051/177 465/1052/177
f 465/1052/177 464/1051/177 466/1053/178 467/1054/178
f 458/1055/179 467/1056/178 466/1057/178 459/1058/179
f 388/1059/148 471/897/148 472/900/149 390/901/149
f 386/1060/147 470/894/147 471/896/148 388/1061/148
f 394/1062/146 469/891/146 470/894/147 386/1060/147
f 392/887/145 468/886/145 469/890/146 394/1063/146
f 501/1064/180 526/1065/180 528/1066/181 503/1067/181
f 503/1068/181 528/1069/181 527/1070/182 504/1071/182
f 504/1071/182 527/1070/182 525/1072/183 502/1073/183
f 497/1074/184 522/1075/184 524/1076/185 499/1077/185
f 499/1077/185 524/1076/185 523/1078/186 500/1079/186
f 500/1080/186 523/1081/186 521/1082/187 498/1083/187
f 481/1084/188 514/1085/188 516/1086/189 483/1087/189
f 483/1088/189 516/1089/189 515/1090/190 484/1091/190
f 484/1091/190 515/1090/190 513/1092/191 482/1093/191
f 485/1094/192 518/1095/192 520/1096/193 487/1097/193
f 487/1098/193 520/1099/193 519/1100/194 488/1101/194
f 488/1101/194 519/1100/194 517/1102/195 486/1103/195
f 505/1104/187 538/1105/187 540/1106/186 507/1107/186
f 507/1108/186 540/1109/186 539/1110/185 508/1111/185
f 508/1111/185 539/1110/185 537/1112/184 506/1113/184
f 509/1114/183 542/1115/183 544/1116/182 511/1117/182
f 511/1117/182 544/1116/182 543/1079/181 512/1118/181
f 512/1119/181 543/1120/181 541/1121/180 510/1122/180
f 493/1123/195 534/1124/195 536/1125/194 495/1126/194
f 495/1126/194 536/1125/194 535/1127/193 496/1128/193
f 496/1129/193 535/1130/193 533/1131/192 494/1132/192
f 489/1133/191 530/1134/191 532/1135/190 491/1136/190
f 491/1136/190 532/1135/190 531/1137/189 492/1138/189
f 492/1028/189 531/1139/189 529/1140/188 490/1141/188
f 514/1085/188 481/1084/188 486/1103/195 517/1102/195
f 481/1142/137 483/1143/137 484/1144/137 482/1145/137 497/1146/137 499/1147/137 500/1148/137 498/1149/137 501/1150/137 503/1151/137 504/1152/137 502/1153/137 485/1154/137 487/1155/137 488/1156/137 486/1157/137
f 522/1075/184 497/1074/184 482/1093/191 513/1092/191 473/1158/196 475/1159/196
f 518/1095/192 485/1094/192 502/1073/183 525/1072/183 476/1160/127 474/1161/127
f 489/1133/191 506/1113/184 537/1112/184 479/1162/196 477/1163/196 530/1134/191
f 505/1164/132 507/1165/132 508/1166/132 506/1167/132 489/1168/132 491/1169/132 492/1170/132 490/1171/132 493/1172/132 495/1173/132 496/1174/132 494/1175/132 509/1176/132 511/1177/132 512/1178/132 510/1179/132
f 493/1123/195 490/1141/188 529/1140/188 534/1124/195
f 542/1115/183 509/1114/183 494/1132/192 533/1131/192 478/1180/127 480/1181/127
f 526/1065/180 501/1064/180 498/1083/187 521/1082/187
f 538/1105/187 505/1104/187 510/1122/180 541/1121/180
f 521/1182/137 523/1183/137 524/1184/137 522/1185/137 475/911/137 376/910/137 364/845/137 365/844/137 374/913/137 476/912/137 525/1186/137 527/1187/137 528/1188/137 526/1189/137
f 377/820/132 369/842/132 368/841/132 375/814/132 479/817/132 537/1190/132 539/1191/132 540/1192/132 538/1193/132 541/1194/132 543/1195/132 544/1196/132 542/1197/132 480/821/132
o screwdriver_1
v -0.067930 0.000000 -0.228035
v -0.145379 0.000000 -0.228035
v -0.067930 0.001200 -0.227538
v -0.145379 0.001200 -0.227538
v -0.067930 0.001696 -0.226338
v -0.145379 0.001696 -0.226338
v -0.067930 0.001200 -0.225139
v -0.145379 0.001200 -0.225139
v -0.067930 0.000000 -0.224642
v -0.145379 0.000000 -0.224642
v -0.067930 -0.001200 -0.225139
v -0.145379 -0.001200 -0.225139
v -0.067930 -0.001696 -0.226338
v -0.145379 -0.001696 -0.226338
v -0.067930 -0.001200 -0.227538
v -0.145379 -0.001200 -0.227538
v -0.150184 0.000000 -0.226338
v -0.067930 0.000000 -0.230919
v -0.067930 0.003239 -0.229577
v -0.067930 0.004580 -0.226338
v -0.067930 0.003239 -0.223099
v -0.067930 0.000000 -0.221758
v -0.067930 -0.003239 -0.223099
v -0.067930 -0.004580 -0.226338
v -0.067930 -0.003239 -0.229577
v -0.066956 0.000000 -0.230919
v -0.066956 0.003239 -0.229577
v -0.066956 0.004580 -0.226338
v -0.066956 0.003239 -0.223099
v -0.066956 0.000000 -0.221758
v -0.066956 -0.003239 -0.223099
v -0.066956 -0.004580 -0.226338
v -0.066956 -0.003239 -0.229577
v -0.065352 0.000000 -0.232887
v -0.065352 0.004630 -0.230969
v -0.065352 0.006549 -0.226338
v -0.065352 0.004630 -0.221708
v -0.065352 0.000000 -0.219790
v -0.065352 -0.004630 -0.221708
v -0.065352 -0.006549 -0.226338
v -0.065352 -0.004630 -0.230969
v -0.059758 0.000000 -0.231709
v -0.059758 0.003797 -0.230136
v -0.059758 0.005370 -0.226338
v -0.059758 0.003797 -0.222541
v -0.059758 0.000000 -0.220968
v -0.059758 -0.003797 -0.222541
v -0.059758 -0.005370 -0.226338
v -0.059758 -0.003797 -0.230136
v -0.051269 0.000000 -0.231709
v -0.051269 0.003797 -0.230136
v -0.051269 0.005370 -0.226338
v -0.051269 0.003797 -0.222541
v -0.051269 0.000000 -0.220968
v -0.051269 -0.003797 -0.222541
v -0.051269 -0.005370 -0.226338
v -0.051269 -0.003797 -0.230136
v -0.043601 0.000000 -0.233893
v -0.043601 0.005342 -0.231680
v -0.043601 0.007555 -0.226338
v -0.043601 0.005342 -0.220996
v -0.043601 0.000000 -0.218784
v -0.043601 -0.005342 -0.220996
v -0.043601 -0.007555 -0.226338
v -0.043601 -0.005342 -0.231680
v 0.000000 0.000000 -0.230533
v -0.003375 0.000000 -0.234310
v -0.000989 0.000000 -0.233153
v -0.003375 0.005637 -0.231975
v 0.000000 0.002966 -0.229304
v -0.000989 0.004819 -0.231157
v -0.003375 0.007972 -0.226338
v 0.000000 0.004194 -0.226338
v -0.000989 0.006815 -0.226338
v -0.003375 0.005637 -0.220702
v 0.000000 0.002966 -0.223372
v -0.000989 0.004819 -0.221520
v -0.003375 0.000000 -0.218367
v 0.000000 0.000000 -0.222144
v -0.000989 0.000000 -0.219524
v -0.003375 -0.005637 -0.220702
v 0.000000 -0.002966 -0.223372
v -0.000989 -0.004819 -0.221520
v -0.003375 -0.007972 -0.226338
v 0.000000 -0.004194 -0.226338
v -0.000989 -0.006815 -0.226338
v -0.003375 -0.005637 -0.231975
v 0.000000 -0.002966 -0.229304
v -0.000989 -0.004819 -0.231157
v -0.066430 0.000000 -0.233103
v -0.066956 0.000000 -0.232630
v -0.066802 0.000000 -0.233008
v -0.066956 0.004449 -0.230787
v -0.066430 0.004784 -0.231122
v -0.066802 0.004717 -0.231055
v -0.066956 0.006292 -0.226338
v -0.066430 0.006765 -0.226338
v -0.066802 0.006670 -0.226338
v -0.066956 0.004449 -0.221889
v -0.066430 0.004784 -0.221555
v -0.066802 0.004717 -0.221622
v -0.066956 0.000000 -0.220047
v -0.066430 0.000000 -0.219573
v -0.066802 0.000000 -0.219668
v -0.066956 -0.004449 -0.221889
v -0.066430 -0.004784 -0.221555
v -0.066802 -0.004717 -0.221622
v -0.066956 -0.006292 -0.226338
v -0.066430 -0.006765 -0.226338
v -0.066802 -0.006670 -0.226338
v -0.066956 -0.004449 -0.230787
v -0.066430 -0.004784 -0.231122
v -0.066802 -0.004717 -0.231055
v -0.038633 0.000000 -0.235579
v -0.041684 0.000000 -0.234887
v -0.040191 0.000000 -0.235400
v -0.041684 0.006045 -0.232383
v -0.038633 0.006534 -0.232873
v -0.040191 0.006408 -0.232746
v -0.041684 0.008549 -0.226338
v -0.038633 0.009241 -0.226338
v -0.040191 0.009062 -0.226338
v -0.041684 0.006045 -0.220294
v -0.038633 0.006534 -0.219804
v -0.040191 0.006408 -0.219930
v -0.041684 0.000000 -0.217790
v -0.038633 0.000000 -0.217097
v -0.040191 0.000000 -0.217276
v -0.041684 -0.006045 -0.220294
v -0.038633 -0.006534 -0.219804
v -0.040191 -0.006408 -0.219930
v -0.041684 -0.008549 -0.226338
v -0.038633 -0.009241 -0.226338
v -0.040191 -0.009062 -0.226338
v -0.041684 -0.006045 -0.232383
v -0.038633 -0.006534 -0.232873
v -0.040191 -0.006408 -0.232746
vn -0.0000 -0.0000 -1.0000
vn -0.1624 -0.0000 -0.9867
vn -0.1624 0.6977 -0.6977
vn -0.0000 0.7071 -0.7071
vn -0.1624 0.9867 -0.0000
vn -0.0000 1.0000 -0.0000
vn -0.1624 0.6977 0.6977
vn -0.0000 0.7071 0.7071
vn -0.1624 -0.0000 0.9867
vn -0.0000 -0.0000 1.0000
vn -0.1624 -0.6977 0.6977
vn -0.0000 -0.7071 0.7071
vn -0.1624 -0.9867 -0.0000
vn -0.0000 -1.0000 -0.0000
vn -1.0000 -0.0000 -0.0000
vn -0.1624 -0.6977 -0.6977
vn -0.0000 -0.7071 -0.7071
vn 0.2013 -0.0000 -0.9795
vn 0.2013 0.6926 -0.6926
vn 0.1063 0.7031 -0.7031
vn 0.1063 -0.0000 -0.9943
vn 0.1063 -0.9943 -0.0000
vn 0.1063 -0.7031 -0.7031
vn -0.1432 -0.6998 -0.6998
vn -0.1432 -0.9897 -0.0000
vn 0.2013 -0.6926 -0.6926
vn 0.2013 -0.6926 0.6926
vn 0.2013 -0.9795 -0.0000
vn 0.1063 -0.7031 0.7031
vn 0.2013 0.6926 0.6926
vn 0.2013 -0.0000 0.9795
vn 0.1063 -0.0000 0.9943
vn 0.1063 0.7031 0.7031
vn 0.2013 0.9795 -0.0000
vn 0.1063 0.9943 -0.0000
vn -0.1432 0.6998 -0.6998
vn -0.1432 0.9897 -0.0000
vn -0.3776 0.9260 -0.0000
vn -0.3776 0.6547 -0.6548
vn -0.1432 -0.6998 0.6998
vn -0.1432 -0.0000 0.9897
vn -0.1432 0.6998 0.6998
vn -0.1432 -0.0000 -0.9897
vn -0.3776 -0.6547 -0.6548
vn -0.3776 -0.9260 -0.0000
vn -0.3776 -0.6547 0.6548
vn -0.3776 -0.0000 0.9260
vn -0.3776 0.6547 0.6548
vn -0.3776 -0.0000 -0.9260
vn 0.2302 -0.0000 -0.9731
vn 0.2302 0.6881 -0.6881
vn 0.6954 0.5082 -0.5082
vn 0.6954 -0.0000 -0.7186
vn 0.9750 0.1570 -0.1570
vn 0.9750 -0.0000 -0.2220
vn 0.2302 0.9731 -0.0000
vn 0.6954 0.7186 -0.0000
vn 0.9750 0.2220 -0.0000
vn 0.2302 0.6881 0.6881
vn 0.6954 0.5082 0.5082
vn 0.9750 0.1570 0.1570
vn 0.2302 -0.0000 0.9731
vn 0.6954 -0.0000 0.7186
vn 0.9750 -0.0000 0.2220
vn 0.2302 -0.6881 0.6881
vn 0.6954 -0.5082 0.5082
vn 0.9750 -0.1570 0.1570
vn 0.2302 -0.9731 -0.0000
vn 0.6954 -0.7186 -0.0000
vn 0.9750 -0.2220 -0.0000
vn 0.2302 -0.6881 -0.6881
vn 0.6954 -0.5082 -0.5082
vn 0.9750 -0.1570 -0.1570
vn -0.9714 -0.0000 -0.2374
vn -0.9714 0.1678 -0.1678
vn -0.9262 0.2666 -0.2666
vn -0.9262 -0.0000 -0.3770
vn -0.2472 -0.0000 -0.9690
vn -0.2472 0.6852 -0.6852
vn -0.0245 0.7069 -0.7069
vn -0.0245 -0.0000 -0.9997
vn -0.9714 0.2373 -0.0000
vn -0.9262 0.3770 -0.0000
vn -0.2472 0.9690 -0.0000
vn -0.0245 0.9997 -0.0000
vn -0.9714 0.1678 0.1678
vn -0.9262 0.2666 0.2666
vn -0.2472 0.6852 0.6852
vn -0.0245 0.7069 0.7069
vn -0.9714 -0.0000 0.2374
vn -0.9262 -0.0000 0.3770
vn -0.2472 -0.0000 0.9690
vn -0.0245 -0.0000 0.9997
vn -0.9714 -0.1678 0.1678
vn -0.9262 -0.2666 0.2666
vn -0.2472 -0.6852 0.6852
vn -0.0245 -0.7069 0.7069
vn -0.9714 -0.2373 -0.0000
vn -0.9262 -0.3770 -0.0000
vn -0.2472 -0.9690 -0.0000
vn -0.0245 -0.9997 -0.0000
vn -0.9714 -0.1678 -0.1678
vn -0.9262 -0.2666 -0.2666
vn -0.2472 -0.6852 -0.6852
vn -0.0245 -0.7069 -0.7069
vn -0.3875 -0.0000 -0.9219
vn -0.3875 0.6519 -0.6519
vn -0.2155 0.6905 -0.6905
vn -0.2155 -0.0000 -0.9765
vn -0.0385 0.7066 -0.7066
vn -0.0385 -0.0000 -0.9993
vn -0.3875 0.9219 -0.0000
vn -0.2155 0.9765 -0.0000
vn -0.0385 0.9993 -0.0000
vn -0.3875 0.6519 0.6519
vn -0.2155 0.6905 0.6905
vn -0.0385 0.7066 0.7066
vn -0.3875 -0.0000 0.9219
vn -0.2155 -0.0000 0.9765
vn -0.0385 -0.0000 0.9993
vn -0.3875 -0.6519 0.6519
vn -0.2155 -0.6905 0.6905
vn -0.0385 -0.7066 0.7066
vn -0.3875 -0.9219 -0.0000
vn -0.2155 -0.9765 -0.0000
vn -0.0385 -0.9993 -0.0000
vn -0.3875 -0.6519 -0.6519
vn -0.2155 -0.6905 -0.6905
vn -0.0385 -0.7066 -0.7066
vt 0.312518 0.016508
vt 0.312518 0.110054
vt 0.311407 0.110126
vt 0.311407 0.016580
vt 0.305980 0.000652
vt 0.305980 0.094198
vt 0.304409 0.094198
vt 0.304409 0.000652
vt 0.301007 0.000862
vt 0.301006 0.094409
vt 0.299895 0.094337
vt 0.299895 0.000790
vt 0.298324 0.094337
vt 0.298324 0.000790
vt 0.297212 0.094409
vt 0.297212 0.000862
vt 0.301728 0.099623
vt 0.301728 0.006077
vt 0.303300 0.006077
vt 0.303300 0.099623
vt 0.302514 0.000150
vt 0.315201 0.016580
vt 0.315201 0.110126
vt 0.314089 0.110054
vt 0.314089 0.016508
vt 0.271925 0.558886
vt 0.271925 0.560458
vt 0.268700 0.561793
vt 0.268700 0.557550
vt 0.299109 0.100263
vt 0.313304 0.115981
vt 0.305195 0.100125
vt 0.280939 0.511885
vt 0.281134 0.514885
vt 0.279958 0.514885
vt 0.279764 0.511885
vt 0.274608 0.561569
vt 0.275719 0.560458
vt 0.278944 0.561793
vt 0.275943 0.564794
vt 0.274608 0.557775
vt 0.273036 0.557775
vt 0.271700 0.554550
vt 0.275943 0.554550
vt 0.273036 0.561569
vt 0.271700 0.564794
vt 0.275719 0.558886
vt 0.278944 0.557550
vt 0.281134 0.504641
vt 0.280939 0.507642
vt 0.279764 0.507642
vt 0.279958 0.504641
vt 0.278066 0.510006
vt 0.277872 0.507006
vt 0.279048 0.507006
vt 0.279242 0.510006
vt 0.278066 0.514250
vt 0.279242 0.514250
vt 0.281416 0.520617
vt 0.281416 0.524860
vt 0.280240 0.524860
vt 0.280240 0.520617
vt 0.281621 0.519818
vt 0.281621 0.515575
vt 0.282797 0.515575
vt 0.282797 0.519818
vt 0.277872 0.517250
vt 0.279048 0.517250
vt 0.292603 0.529627
vt 0.296893 0.529349
vt 0.295576 0.536071
vt 0.292057 0.536299
vt 0.283565 0.536071
vt 0.287083 0.536299
vt 0.287083 0.546552
vt 0.283565 0.546324
vt 0.286537 0.529627
vt 0.303020 0.514368
vt 0.309086 0.514368
vt 0.308541 0.521039
vt 0.303566 0.521039
vt 0.292567 0.524894
vt 0.286500 0.524894
vt 0.287046 0.518223
vt 0.292021 0.518223
vt 0.309087 0.510883
vt 0.303020 0.510883
vt 0.303566 0.504211
vt 0.308541 0.504211
vt 0.282247 0.529349
vt 0.282211 0.525172
vt 0.283528 0.518450
vt 0.296856 0.525172
vt 0.295539 0.518450
vt 0.308541 0.493957
vt 0.303566 0.493957
vt 0.302554 0.484538
vt 0.309553 0.484538
vt 0.283528 0.508197
vt 0.287046 0.507969
vt 0.292021 0.507969
vt 0.295539 0.508197
vt 0.295576 0.546324
vt 0.292057 0.546552
vt 0.308541 0.531293
vt 0.303566 0.531293
vt 0.286071 0.555972
vt 0.281122 0.555651
vt 0.281085 0.498870
vt 0.286034 0.498549
vt 0.293033 0.498549
vt 0.297981 0.498870
vt 0.298018 0.555651
vt 0.293069 0.555972
vt 0.309553 0.540713
vt 0.302554 0.540713
vt 0.293262 0.604588
vt 0.298484 0.604250
vt 0.297191 0.607098
vt 0.292727 0.607387
vt 0.265347 0.532517
vt 0.265347 0.526204
vt 0.268277 0.527417
vt 0.268277 0.531303
vt 0.309746 0.435922
vt 0.302361 0.435922
vt 0.302897 0.433123
vt 0.309210 0.433123
vt 0.269810 0.521739
vt 0.271024 0.524670
vt 0.298448 0.450272
vt 0.293226 0.449933
vt 0.292690 0.447134
vt 0.297154 0.447423
vt 0.276124 0.521739
vt 0.274910 0.524670
vt 0.285841 0.449933
vt 0.286377 0.447134
vt 0.280588 0.526204
vt 0.277657 0.527417
vt 0.280619 0.450272
vt 0.281913 0.447423
vt 0.280588 0.532517
vt 0.277657 0.531303
vt 0.302361 0.589329
vt 0.309746 0.589329
vt 0.309210 0.592128
vt 0.302897 0.592128
vt 0.276124 0.536981
vt 0.274910 0.534050
vt 0.280656 0.604250
vt 0.285878 0.604588
vt 0.286413 0.607387
vt 0.281949 0.607098
vt 0.269811 0.536981
vt 0.271024 0.534050
vt 0.281415 0.542914
vt 0.277294 0.538793
vt 0.277469 0.538370
vt 0.281838 0.542739
vt 0.292659 0.527884
vt 0.297029 0.527601
vt 0.297135 0.528054
vt 0.292704 0.528341
vt 0.271465 0.538793
vt 0.271290 0.538370
vt 0.309143 0.512625
vt 0.302964 0.512625
vt 0.302920 0.512169
vt 0.309187 0.512169
vt 0.267344 0.542914
vt 0.266921 0.542739
vt 0.296992 0.526920
vt 0.292623 0.526637
vt 0.292667 0.526181
vt 0.297098 0.526468
vt 0.267344 0.548743
vt 0.266921 0.548918
vt 0.286444 0.526637
vt 0.286400 0.526181
vt 0.271466 0.552864
vt 0.271290 0.553287
vt 0.282075 0.526920
vt 0.281969 0.526468
vt 0.277294 0.552864
vt 0.277469 0.553287
vt 0.309187 0.513081
vt 0.302920 0.513081
vt 0.281415 0.548743
vt 0.281839 0.548918
vt 0.282111 0.527601
vt 0.286480 0.527884
vt 0.286436 0.528341
vt 0.282005 0.528054
vt 0.279502 0.547950
vt 0.279502 0.543707
vt 0.276501 0.540706
vt 0.272258 0.540706
vt 0.269258 0.543707
vt 0.269258 0.547950
vt 0.272258 0.550951
vt 0.276501 0.550951
vt 0.293530 0.558360
vt 0.299129 0.557997
vt 0.299704 0.559816
vt 0.293768 0.560200
vt 0.299904 0.561703
vt 0.293850 0.562095
vt 0.310013 0.482150
vt 0.302094 0.482150
vt 0.301856 0.480309
vt 0.310251 0.480309
vt 0.301773 0.478415
vt 0.310334 0.478415
vt 0.299093 0.496524
vt 0.293493 0.496162
vt 0.293731 0.494321
vt 0.299667 0.494706
vt 0.293814 0.492426
vt 0.299867 0.492818
vt 0.285574 0.496162
vt 0.285336 0.494321
vt 0.285253 0.492426
vt 0.279974 0.496524
vt 0.279400 0.494706
vt 0.279200 0.492818
vt 0.302094 0.543100
vt 0.310013 0.543100
vt 0.310251 0.544941
vt 0.301856 0.544941
vt 0.310334 0.546836
vt 0.301773 0.546836
vt 0.280011 0.557997
vt 0.285610 0.558360
vt 0.285372 0.560200
vt 0.279436 0.559816
vt 0.285289 0.562095
vt 0.279236 0.561703
s 1
usemtl instruments
f 545/1198/197 546/1199/198 548/1200/199 547/1201/200
f 547/1202/200 548/1203/199 550/1204/201 549/1205/202
f 549/1206/202 550/1207/201 552/1208/203 551/1209/204
f 551/1209/204 552/1208/203 554/1210/205 553/1211/206
f 553/1211/206 554/1210/205 556/1212/207 555/1213/208
f 555/1214/208 556/1215/207 558/1216/209 557/1217/210
f 558/1216/209 556/1215/207 561/1218/211
f 557/1219/210 558/1220/209 560/1221/212 559/1222/213
f 559/1222/213 560/1221/212 546/1199/198 545/1198/197
f 551/1223/211 553/1224/211 566/1225/211 565/1226/211
f 554/1210/205 552/1208/203 561/1227/211
f 560/1221/212 558/1220/209 561/1228/211
f 550/1204/201 548/1203/199 561/1229/211
f 556/1212/207 554/1210/205 561/1227/211
f 546/1199/198 560/1221/212 561/1228/211
f 548/1200/199 546/1199/198 561/1228/211
f 552/1208/203 550/1207/201 561/1227/211
f 566/1230/206 567/1231/208 575/1232/208 574/1233/206
f 557/1234/211 559/1235/211 569/1236/211 568/1237/211
f 547/1238/211 549/1239/211 564/1240/211 563/1241/211
f 553/1224/211 555/1242/211 567/1243/211 566/1225/211
f 559/1235/211 545/1244/211 562/1245/211 569/1236/211
f 545/1244/211 547/1238/211 563/1241/211 562/1245/211
f 549/1239/211 551/1223/211 565/1226/211 564/1240/211
f 555/1242/211 557/1234/211 568/1237/211 567/1243/211
f 564/1246/202 565/1247/204 573/1248/204 572/1249/202
f 562/1250/197 563/1251/200 571/1252/200 570/1253/197
f 569/1254/213 562/1250/197 570/1253/197 577/1255/213
f 567/1256/208 568/1257/210 576/1258/210 575/1259/208
f 565/1247/204 566/1230/206 574/1233/206 573/1248/204
f 563/1260/200 564/1261/202 572/1262/202 571/1263/200
f 568/1264/210 569/1254/213 577/1255/213 576/1265/210
f 578/1266/214 579/1267/215 587/1268/216 586/1269/217
f 592/1270/218 593/1271/219 601/1272/220 600/1273/221
f 585/1274/222 578/1266/214 586/1269/217 593/1271/219
f 583/1275/223 584/1276/224 592/1277/218 591/1278/225
f 581/1279/226 582/1280/227 590/1281/228 589/1282/229
f 579/1283/215 580/1284/230 588/1285/231 587/1286/216
f 584/1287/224 585/1274/222 593/1271/219 592/1270/218
f 582/1280/227 583/1288/223 591/1289/225 590/1281/228
f 580/1290/230 581/1279/226 589/1282/229 588/1291/231
f 595/1292/232 596/1293/233 604/1294/234 603/1295/235
f 590/1281/228 591/1289/225 599/1296/236 598/1297/237
f 588/1291/231 589/1282/229 597/1298/238 596/1299/233
f 586/1269/217 587/1268/216 595/1300/232 594/1301/239
f 593/1271/219 586/1269/217 594/1301/239 601/1272/220
f 591/1278/225 592/1277/218 600/1302/221 599/1303/236
f 589/1282/229 590/1281/228 598/1297/237 597/1298/238
f 587/1286/216 588/1285/231 596/1293/233 595/1292/232
f 600/1273/221 601/1272/220 609/1304/240 608/1305/241
f 598/1297/237 599/1296/236 607/1306/242 606/1307/243
f 596/1299/233 597/1298/238 605/1308/244 604/1309/234
f 594/1301/239 595/1300/232 603/1310/235 602/1311/245
f 601/1272/220 594/1301/239 602/1311/245 609/1304/240
f 599/1303/236 600/1302/221 608/1312/241 607/1313/242
f 597/1298/238 598/1297/237 606/1307/243 605/1308/244
f 611/1314/246 613/1315/247 615/1316/248 612/1317/249
f 612/1318/249 615/1319/248 614/1320/250 610/1321/251
f 613/1322/247 616/1323/252 618/1324/253 615/1325/248
f 615/1319/248 618/1326/253 617/1327/254 614/1320/250
f 616/1328/252 619/1329/255 621/1330/256 618/1331/253
f 618/1326/253 621/1332/256 620/1333/257 617/1327/254
f 619/1329/255 622/1334/258 624/1335/259 621/1330/256
f 621/1332/256 624/1336/259 623/1337/260 620/1333/257
f 622/1334/258 625/1338/261 627/1339/262 624/1335/259
f 624/1336/259 627/1340/262 626/1341/263 623/1337/260
f 625/1342/261 628/1343/264 630/1344/265 627/1345/262
f 627/1340/262 630/1346/265 629/1347/266 626/1341/263
f 628/1348/264 631/1349/267 633/1350/268 630/1351/265
f 630/1346/265 633/1352/268 632/1353/269 629/1347/266
f 631/1349/267 611/1314/246 612/1317/249 633/1350/268
f 633/1352/268 612/1318/249 610/1321/251 632/1353/269
f 610/1321/251 614/1320/250 617/1327/254 620/1333/257 623/1337/260 626/1341/263 629/1347/266 632/1353/269
f 635/1354/270 637/1355/271 639/1356/272 636/1357/273
f 636/1358/274 639/1359/275 638/1360/276 634/1361/277
f 637/1355/271 640/1362/278 642/1363/279 639/1356/272
f 639/1364/275 642/1365/280 641/1366/281 638/1367/276
f 640/1362/278 643/1368/282 645/1369/283 642/1363/279
f 642/1370/280 645/1371/284 644/1372/285 641/1373/281
f 643/1368/282 646/1374/286 648/1375/287 645/1369/283
f 645/1371/284 648/1376/288 647/1377/289 644/1372/285
f 646/1374/286 649/1378/290 651/1379/291 648/1375/287
f 648/1376/288 651/1380/292 650/1381/293 647/1377/289
f 649/1378/290 652/1382/294 654/1383/295 651/1379/291
f 651/1365/292 654/1364/296 653/1384/297 650/1385/293
f 652/1382/294 655/1386/298 657/1387/299 654/1383/295
f 654/1388/296 657/1389/300 656/1390/301 653/1391/297
f 655/1386/298 635/1354/270 636/1357/273 657/1387/299
f 657/1389/300 636/1358/274 634/1361/277 656/1390/301
f 634/1361/277 638/1360/276 579/1267/215 578/1266/214
f 577/1392/211 570/1393/211 635/1354/270 655/1386/298
f 570/1393/211 571/1394/211 637/1355/271 635/1354/270
f 656/1390/301 634/1361/277 578/1266/214 585/1274/222
f 638/1367/276 641/1366/281 580/1284/230 579/1283/215
f 571/1394/211 572/1395/211 640/1362/278 637/1355/271
f 641/1373/281 644/1372/285 581/1279/226 580/1290/230
f 572/1395/211 573/1396/211 643/1368/282 640/1362/278
f 644/1372/285 647/1377/289 582/1280/227 581/1279/226
f 573/1396/211 574/1397/211 646/1374/286 643/1368/282
f 647/1377/289 650/1381/293 583/1288/223 582/1280/227
f 574/1397/211 575/1398/211 649/1378/290 646/1374/286
f 650/1385/293 653/1384/297 584/1276/224 583/1275/223
f 575/1398/211 576/1399/211 652/1382/294 649/1378/290
f 653/1391/297 656/1390/301 585/1274/222 584/1287/224
f 576/1399/211 577/1392/211 655/1386/298 652/1382/294
f 659/1400/302 661/1401/303 663/1402/304 660/1403/305
f 660/1403/305 663/1402/304 662/1404/306 658/1405/307
f 661/1406/303 664/1407/308 666/1408/309 663/1409/304
f 663/1409/304 666/1408/309 665/1410/310 662/1411/306
f 664/1412/308 667/1413/311 669/1414/312 666/1415/309
f 666/1415/309 669/1414/312 668/1416/313 665/1417/310
f 667/1413/311 670/1418/314 672/1419/315 669/1414/312
f 669/1414/312 672/1419/315 671/1420/316 668/1416/313
f 670/1418/314 673/1421/317 675/1422/318 672/1419/315
f 672/1419/315 675/1422/318 674/1423/319 671/1420/316
f 673/1424/317 676/1425/320 678/1426/321 675/1427/318
f 675/1427/318 678/1426/321 677/1428/322 674/1429/319
f 676/1430/320 679/1431/323 681/1432/324 678/1433/321
f 678/1433/321 681/1432/324 680/1434/325 677/1435/322
f 679/1431/323 659/1400/302 660/1403/305 681/1432/324
f 681/1432/324 660/1403/305 658/1405/307 680/1434/325
f 658/1405/307 662/1404/306 613/1315/247 611/1314/246
f 609/1304/240 602/1311/245 659/1400/302 679/1431/323
f 602/1311/245 603/1310/235 661/1401/303 659/1400/302
f 680/1434/325 658/1405/307 611/1314/246 631/1349/267
f 662/1411/306 665/1410/310 616/1323/252 613/1322/247
f 603/1295/235 604/1294/234 664/1407/308 661/1406/303
f 665/1417/310 668/1416/313 619/1329/255 616/1328/252
f 604/1309/234 605/1308/244 667/1413/311 664/1412/308
f 668/1416/313 671/1420/316 622/1334/258 619/1329/255
f 605/1308/244 606/1307/243 670/1418/314 667/1413/311
f 671/1420/316 674/1423/319 625/1338/261 622/1334/258
f 606/1307/243 607/1306/242 673/1421/317 670/1418/314
f 674/1429/319 677/1428/322 628/1343/264 625/1342/261
f 607/1313/242 608/1312/241 676/1425/320 673/1424/317
f 677/1435/322 680/1434/325 631/1349/267 628/1348/264
f 608/1305/241 609/1304/240 679/1431/323 676/1430/320
o screwdriver_2
v -0.108057 -0.000000 -0.189442
v -0.170797 -0.000000 -0.189442
v -0.108057 0.001171 -0.188957
v -0.170797 0.001171 -0.188957
v -0.108057 0.001656 -0.187786
v -0.170797 0.001656 -0.187786
v -0.108057 0.001171 -0.186615
v -0.170797 0.001171 -0.186615
v -0.108057 -0.000000 -0.186130
v -0.170797 -0.000000 -0.186130
v -0.108057 -0.001171 -0.186615
v -0.170797 -0.001171 -0.186615
v -0.108057 -0.001656 -0.187786
v -0.170797 -0.001656 -0.187786
v -0.108057 -0.001171 -0.188957
v -0.170797 -0.001171 -0.188957
v -0.170797 -0.000000 -0.189671
v -0.170797 0.001333 -0.189119
v -0.170797 0.001885 -0.187786
v -0.170797 0.001333 -0.186453
v -0.170797 -0.000000 -0.185901
v -0.170797 -0.001333 -0.186453
v -0.170797 -0.001885 -0.187786
v -0.170797 -0.001333 -0.189119
v -0.177166 -0.000000 -0.189671
v -0.177166 0.001333 -0.189119
v -0.177166 0.001885 -0.187786
v -0.177166 0.001333 -0.186453
v -0.177166 -0.000000 -0.185901
v -0.177166 -0.001333 -0.186453
v -0.177166 -0.001885 -0.187786
v -0.177166 -0.001333 -0.189119
v -0.181565 -0.000000 -0.187786
v -0.077727 -0.000000 -0.193374
v -0.077727 0.003952 -0.191738
v -0.077727 0.005588 -0.187786
v -0.077727 0.003952 -0.183834
v -0.077727 -0.000000 -0.182197
v -0.077727 -0.003952 -0.183834
v -0.077727 -0.005589 -0.187786
v -0.077727 -0.003952 -0.191738
v -0.036572 0.000000 -0.195379
v -0.036572 0.005369 -0.193155
v -0.036572 0.007594 -0.187786
v -0.036572 0.005369 -0.182416
v -0.036572 0.000000 -0.180192
v -0.036572 -0.005369 -0.182416
v -0.036572 -0.007594 -0.187786
v -0.036572 -0.005369 -0.193155
v -0.008777 0.000000 -0.195379
v -0.008777 0.005369 -0.193155
v -0.008777 0.007594 -0.187786
v -0.008777 0.005369 -0.182416
v -0.008777 0.000000 -0.180192
v -0.008777 -0.005369 -0.182416
v -0.008777 -0.007594 -0.187786
v -0.008777 -0.005369 -0.193155
v -0.008777 0.000000 -0.195804
v -0.008777 0.005669 -0.193455
v -0.008777 0.008018 -0.187786
v -0.008777 0.005669 -0.182116
v -0.008777 0.000000 -0.179768
v -0.008777 -0.005669 -0.182116
v -0.008777 -0.008018 -0.187786
v -0.008777 -0.005669 -0.193455
v 0.000000 0.000000 -0.194412
v -0.001286 0.000000 -0.195804
v -0.000377 0.000000 -0.195396
v -0.001286 0.005669 -0.193455
v 0.000000 0.004685 -0.192471
v -0.000377 0.005381 -0.193167
v -0.001286 0.008018 -0.187786
v 0.000000 0.006626 -0.187786
v -0.000377 0.007610 -0.187786
v -0.001286 0.005669 -0.182116
v 0.000000 0.004685 -0.183101
v -0.000377 0.005381 -0.182405
v -0.001286 0.000000 -0.179768
v 0.000000 0.000000 -0.181160
v -0.000377 0.000000 -0.180176
v -0.001286 -0.005669 -0.182116
v -0.000000 -0.004685 -0.183101
v -0.000377 -0.005381 -0.182405
v -0.001286 -0.008018 -0.187786
v -0.000000 -0.006626 -0.187786
v -0.000377 -0.007610 -0.187786
v -0.001286 -0.005669 -0.193455
v -0.000000 -0.004685 -0.192471
v -0.000377 -0.005381 -0.193167
v -0.106771 -0.000000 -0.192303
v -0.108057 -0.000000 -0.190863
v -0.107680 -0.000000 -0.191862
v -0.108057 0.002176 -0.189962
v -0.106771 0.003194 -0.190980
v -0.107680 0.002882 -0.190668
v -0.108057 0.003077 -0.187786
v -0.106771 0.004517 -0.187786
v -0.107680 0.004076 -0.187786
v -0.108057 0.002176 -0.185610
v -0.106771 0.003194 -0.184592
v -0.107680 0.002882 -0.184904
v -0.108057 -0.000000 -0.184709
v -0.106771 -0.000000 -0.183269
v -0.107680 -0.000000 -0.183710
v -0.108057 -0.002176 -0.185610
v -0.106771 -0.003194 -0.184592
v -0.107680 -0.002882 -0.184904
v -0.108057 -0.003077 -0.187786
v -0.106771 -0.004517 -0.187786
v -0.107680 -0.004076 -0.187786
v -0.108057 -0.002176 -0.189962
v -0.106771 -0.003194 -0.190980
v -0.107680 -0.002882 -0.190668
vn -0.0000 -0.0000 -1.0000
vn -0.0000 0.7071 -0.7071
vn -0.0000 1.0000 -0.0000
vn -0.0000 0.7071 0.7071
vn -0.0000 -0.0000 1.0000
vn -0.0000 -0.7071 0.7071
vn -0.0000 -1.0000 -0.0000
vn 1.0000 -0.0000 -0.0000
vn -0.0000 -0.7071 -0.7071
vn -0.1920 -0.9814 -0.0000
vn -0.1920 -0.6940 -0.6939
vn -0.1920 -0.0000 0.9814
vn -0.1920 0.6940 0.6939
vn -1.0000 -0.0000 -0.0000
vn -0.1920 -0.6939 0.6940
vn -0.1920 0.9814 -0.0000
vn -0.1920 -0.0000 -0.9814
vn -0.1920 0.6940 -0.6939
vn -0.0428 -0.0000 0.9991
vn -0.0428 -0.7065 0.7065
vn -0.0242 -0.7069 0.7069
vn -0.0242 -0.0000 0.9997
vn -0.0242 -0.9997 -0.0000
vn -0.0242 -0.7069 -0.7069
vn -0.0428 0.9991 -0.0000
vn -0.0428 0.7065 0.7065
vn -0.0242 0.7069 0.7069
vn -0.0242 0.9997 -0.0000
vn -0.0428 -0.0000 -0.9991
vn -0.0428 0.7065 -0.7065
vn -0.0242 0.7069 -0.7069
vn -0.0242 -0.0000 -0.9997
vn -0.0428 -0.7065 -0.7065
vn -0.0428 -0.9991 -0.0000
vn 0.1994 -0.0000 -0.9799
vn 0.1994 0.6929 -0.6929
vn 0.6824 0.5169 -0.5169
vn 0.6824 -0.0000 -0.7310
vn 0.9744 0.1590 -0.1590
vn 0.9744 -0.0000 -0.2248
vn 0.1994 0.9799 -0.0000
vn 0.6824 0.7310 -0.0000
vn 0.9744 0.2248 -0.0000
vn 0.1994 0.6929 0.6929
vn 0.6824 0.5169 0.5169
vn 0.9744 0.1590 0.1590
vn 0.1994 -0.0000 0.9799
vn 0.6824 -0.0000 0.7310
vn 0.9744 -0.0000 0.2248
vn 0.1994 -0.6929 0.6929
vn 0.6824 -0.5169 0.5169
vn 0.9744 -0.1590 0.1590
vn 0.1994 -0.9799 -0.0000
vn 0.6824 -0.7310 -0.0000
vn 0.9744 -0.2248 -0.0000
vn 0.1994 -0.6929 -0.6929
vn 0.6824 -0.5169 -0.5169
vn 0.9744 -0.1590 -0.1590
vn -0.9751 -0.0000 -0.2219
vn -0.9751 0.1569 -0.1569
vn -0.6957 0.5079 -0.5079
vn -0.6957 -0.0000 -0.7183
vn -0.2310 0.6880 -0.6880
vn -0.2310 -0.0000 -0.9730
vn -0.9751 0.2219 -0.0000
vn -0.6957 0.7183 -0.0000
vn -0.2310 0.9730 -0.0000
vn -0.9751 0.1569 0.1569
vn -0.6957 0.5079 0.5079
vn -0.2310 0.6880 0.6880
vn -0.9751 -0.0000 0.2219
vn -0.6957 -0.0000 0.7183
vn -0.2310 -0.0000 0.9730
vn -0.9751 -0.1569 0.1569
vn -0.6957 -0.5079 0.5079
vn -0.2310 -0.6880 0.6880
vn -0.9751 -0.2219 -0.0000
vn -0.6957 -0.7183 -0.0000
vn -0.2310 -0.9730 -0.0000
vn -0.9751 -0.1569 -0.1569
vn -0.6957 -0.5079 -0.5079
vn -0.2310 -0.6880 -0.6880
vt 0.481705 0.000568
vt 0.481705 0.076397
vt 0.480171 0.076397
vt 0.480171 0.000568
vt 0.484724 0.000627
vt 0.484724 0.076455
vt 0.483639 0.076397
vt 0.483639 0.000568
vt 0.482105 0.076397
vt 0.482105 0.000568
vt 0.307441 0.076530
vt 0.307441 0.000702
vt 0.308526 0.000760
vt 0.308526 0.076589
vt 0.310060 0.000760
vt 0.310060 0.076589
vt 0.311145 0.000702
vt 0.311145 0.076530
vt 0.227359 0.072865
vt 0.226274 0.071780
vt 0.226380 0.071524
vt 0.227615 0.072759
vt 0.258109 0.076246
vt 0.258109 0.000418
vt 0.259643 0.000418
vt 0.259643 0.076246
vt 0.260728 0.000359
vt 0.260728 0.076188
vt 0.250776 0.077592
vt 0.249030 0.077592
vt 0.249030 0.069895
vt 0.250776 0.069895
vt 0.224740 0.075484
vt 0.226274 0.075484
vt 0.226380 0.075740
vt 0.224634 0.075740
vt 0.227359 0.074399
vt 0.227615 0.074506
vt 0.223655 0.074399
vt 0.223399 0.074506
vt 0.224740 0.071780
vt 0.224634 0.071524
vt 0.223655 0.072865
vt 0.223399 0.072759
vt 0.307965 0.095733
vt 0.309200 0.095667
vt 0.310073 0.101097
vt 0.255920 0.093608
vt 0.254174 0.093608
vt 0.254174 0.085911
vt 0.255920 0.085911
vt 0.309200 0.087969
vt 0.310946 0.087969
vt 0.310946 0.095667
vt 0.255482 0.069727
vt 0.257228 0.069727
vt 0.257228 0.077425
vt 0.255482 0.077425
vt 0.252011 0.077525
vt 0.252011 0.069828
vt 0.257155 0.093542
vt 0.257155 0.085844
vt 0.307965 0.088036
vt 0.254247 0.069794
vt 0.254247 0.077491
vt 0.256355 0.082856
vt 0.249903 0.064464
vt 0.255047 0.080480
vt 0.029251 0.328330
vt 0.034428 0.328330
vt 0.035356 0.378192
vt 0.028322 0.378192
vt 0.311576 0.432195
vt 0.318611 0.432195
vt 0.318611 0.465787
vt 0.311576 0.465787
vt 0.028551 0.327755
vt 0.023378 0.327974
vt 0.020341 0.278196
vt 0.027369 0.277899
vt 0.020584 0.378261
vt 0.015407 0.378319
vt 0.013924 0.328471
vt 0.020958 0.328392
vt 0.010172 0.279007
vt 0.013815 0.278598
vt 0.018928 0.328177
vt 0.013978 0.328732
vt 0.038089 0.328132
vt 0.040331 0.377923
vt 0.019729 0.328326
vt 0.015382 0.278675
vt 0.032216 0.327798
vt 0.032350 0.277956
vt 0.005003 0.279306
vt 0.006955 0.329138
vt 0.332344 0.485986
vt 0.332344 0.493021
vt 0.331870 0.493217
vt 0.331870 0.485789
vt 0.310557 0.503854
vt 0.317592 0.503854
vt 0.317592 0.537447
vt 0.310557 0.537447
vt 0.338131 0.464424
vt 0.331096 0.464424
vt 0.331096 0.430832
vt 0.338131 0.430832
vt 0.332183 0.537536
vt 0.325149 0.537445
vt 0.325583 0.503855
vt 0.332617 0.503946
vt 0.323585 0.431926
vt 0.323585 0.465519
vt 0.322566 0.503586
vt 0.322566 0.537178
vt 0.326122 0.464693
vt 0.326122 0.431100
vt 0.343105 0.464693
vt 0.343105 0.431100
vt 0.344353 0.481012
vt 0.337318 0.481012
vt 0.337122 0.480537
vt 0.344549 0.480537
vt 0.349327 0.493021
vt 0.349327 0.485986
vt 0.349801 0.485789
vt 0.349801 0.493217
vt 0.337318 0.497995
vt 0.337122 0.498469
vt 0.344353 0.497995
vt 0.344549 0.498469
vt 0.329854 0.503403
vt 0.329854 0.495975
vt 0.330928 0.496164
vt 0.330928 0.503214
vt 0.325547 0.483870
vt 0.320562 0.478885
vt 0.321662 0.478429
vt 0.326003 0.482770
vt 0.329570 0.490723
vt 0.330659 0.491179
vt 0.320562 0.471835
vt 0.321662 0.472291
vt 0.291823 0.433606
vt 0.291823 0.441033
vt 0.290749 0.440845
vt 0.290749 0.433795
vt 0.325547 0.466851
vt 0.326003 0.467951
vt 0.292107 0.446286
vt 0.291018 0.445830
vt 0.332597 0.466851
vt 0.332141 0.467951
vt 0.280776 0.433497
vt 0.280776 0.440924
vt 0.279702 0.440735
vt 0.279702 0.433685
vt 0.337582 0.471835
vt 0.336481 0.472291
vt 0.281060 0.446176
vt 0.279971 0.445720
vt 0.337582 0.478885
vt 0.336481 0.478429
vt 0.276926 0.482870
vt 0.276926 0.475442
vt 0.278001 0.475631
vt 0.278001 0.482681
vt 0.332597 0.483870
vt 0.332141 0.482770
vt 0.276643 0.470190
vt 0.277732 0.470646
vt 0.267872 0.475442
vt 0.267589 0.470190
vt 0.320800 0.503403
vt 0.320800 0.495975
vt 0.320517 0.490723
vt 0.300877 0.433606
vt 0.300877 0.441033
vt 0.301160 0.446286
vt 0.289830 0.433497
vt 0.289830 0.440924
vt 0.290113 0.446176
vt 0.267872 0.482870
vt 0.276065 0.549073
vt 0.278080 0.547058
vt 0.279197 0.547520
vt 0.276527 0.550190
vt 0.276938 0.519543
vt 0.273163 0.519494
vt 0.272973 0.518366
vt 0.277157 0.518420
vt 0.278080 0.544207
vt 0.279197 0.543744
vt 0.322121 0.574476
vt 0.319451 0.574332
vt 0.319655 0.573207
vt 0.322614 0.573366
vt 0.276065 0.542191
vt 0.276527 0.541074
vt 0.315675 0.574332
vt 0.315471 0.573207
vt 0.273214 0.542191
vt 0.272751 0.541074
vt 0.313005 0.574476
vt 0.312512 0.573366
vt 0.271198 0.544207
vt 0.270082 0.543744
vt 0.312076 0.467137
vt 0.315852 0.467137
vt 0.316057 0.468262
vt 0.311872 0.468262
vt 0.271198 0.547058
vt 0.270082 0.547520
vt 0.318522 0.466993
vt 0.319015 0.468102
vt 0.273214 0.549073
vt 0.272751 0.550190
vt 0.270348 0.431859
vt 0.274123 0.431859
vt 0.274328 0.432984
vt 0.270143 0.432984
vt 0.279606 0.519721
vt 0.280113 0.518618
vt 0.272931 0.483194
vt 0.278107 0.483261
vt 0.273872 0.547484
vt 0.275406 0.547484
vt 0.276491 0.546399
vt 0.277286 0.432824
vt 0.278485 0.467955
vt 0.274824 0.468152
vt 0.320152 0.538038
vt 0.323812 0.538236
vt 0.276491 0.544865
vt 0.314975 0.538038
vt 0.275406 0.543780
vt 0.311314 0.538236
vt 0.273872 0.543780
vt 0.316553 0.503430
vt 0.311376 0.503430
vt 0.272787 0.544865
vt 0.320214 0.503233
vt 0.272787 0.546399
vt 0.269647 0.468152
s 1
usemtl instruments
f 682/1436/326 683/1437/326 685/1438/327 684/1439/327
f 684/1440/327 685/1441/327 687/1442/328 686/1443/328
f 686/1443/328 687/1442/328 689/1444/329 688/1445/329
f 688/1446/329 689/1447/329 691/1448/330 690/1449/330
f 690/1449/330 691/1448/330 693/1450/331 692/1451/331
f 692/1451/331 693/1450/331 695/1452/332 694/1453/332
f 689/1454/333 687/1455/333 700/1456/333 701/1457/333
f 694/1458/332 695/1459/332 697/1460/334 696/1461/334
f 696/1461/334 697/1460/334 683/1462/326 682/1463/326
f 705/1464/334 704/1465/332 712/1466/335 713/1467/336
f 695/1468/333 693/1469/333 703/1470/333 704/1471/333
f 691/1472/333 689/1454/333 701/1457/333 702/1473/333
f 697/1474/333 695/1468/333 704/1471/333 705/1475/333
f 687/1455/333 685/1476/333 699/1477/333 700/1456/333
f 693/1469/333 691/1472/333 702/1473/333 703/1470/333
f 683/1478/333 697/1474/333 705/1475/333 698/1479/333
f 685/1476/333 683/1478/333 698/1479/333 699/1477/333
f 710/1480/337 709/1481/338 714/1482/339
f 703/1483/331 702/1484/330 710/1485/337 711/1486/340
f 701/1487/329 700/1488/328 708/1489/341 709/1481/338
f 699/1490/327 698/1491/326 706/1492/342 707/1493/343
f 698/1494/326 705/1464/334 713/1467/336 706/1495/342
f 704/1496/332 703/1483/331 711/1486/340 712/1497/335
f 702/1498/330 701/1487/329 709/1481/338 710/1480/337
f 700/1499/328 699/1490/327 707/1493/343 708/1500/341
f 708/1500/341 707/1493/343 714/1501/339
f 713/1467/336 712/1466/335 714/1502/339
f 711/1486/340 710/1485/337 714/1503/339
f 709/1481/338 708/1489/341 714/1482/339
f 707/1493/343 706/1492/342 714/1501/339
f 706/1495/342 713/1467/336 714/1502/339
f 712/1497/335 711/1486/340 714/1503/339
f 719/1504/344 720/1505/345 728/1506/346 727/1507/347
f 729/1508/348 730/1509/349 738/1510/334 737/1511/332
f 717/1512/350 718/1513/351 726/1514/352 725/1515/353
f 715/1516/354 716/1517/355 724/1518/356 723/1519/357
f 722/1520/358 715/1521/354 723/1522/357 730/1523/349
f 720/1505/345 721/1524/359 729/1525/348 728/1506/346
f 718/1513/351 719/1526/344 727/1527/347 726/1514/352
f 716/1528/355 717/1512/350 725/1515/353 724/1529/356
f 721/1530/359 722/1520/358 730/1523/349 729/1531/348
f 736/1532/339 737/1533/339 745/1534/339 744/1535/339
f 727/1536/347 728/1537/346 736/1538/331 735/1539/330
f 725/1540/353 726/1541/352 734/1542/329 733/1543/328
f 723/1544/357 724/1545/356 732/1546/327 731/1547/326
f 730/1509/349 723/1548/357 731/1549/326 738/1510/334
f 728/1537/346 729/1550/348 737/1551/332 736/1538/331
f 726/1541/352 727/1552/347 735/1553/330 734/1542/329
f 724/1554/356 725/1540/353 733/1543/328 732/1555/327
f 734/1556/339 735/1557/339 743/1558/339 742/1559/339
f 732/1560/339 733/1561/339 741/1562/339 740/1563/339
f 737/1533/339 738/1564/339 746/1565/339 745/1534/339
f 735/1557/339 736/1532/339 744/1535/339 743/1558/339
f 733/1561/339 734/1556/339 742/1559/339 741/1562/339
f 731/1566/339 732/1560/339 740/1563/339 739/1567/339
f 738/1564/339 731/1566/339 739/1567/339 746/1565/339
f 748/1568/360 750/1569/361 752/1570/362 749/1571/363
f 749/1572/363 752/1573/362 751/1574/364 747/1575/365
f 750/1569/361 753/1576/366 755/1577/367 752/1570/362
f 752/1573/362 755/1578/367 754/1579/368 751/1574/364
f 753/1580/366 756/1581/369 758/1582/370 755/1583/367
f 755/1578/367 758/1584/370 757/1585/371 754/1579/368
f 756/1581/369 759/1586/372 761/1587/373 758/1582/370
f 758/1584/370 761/1588/373 760/1589/374 757/1585/371
f 759/1590/372 762/1591/375 764/1592/376 761/1593/373
f 761/1588/373 764/1594/376 763/1595/377 760/1589/374
f 762/1591/375 765/1596/378 767/1597/379 764/1592/376
f 764/1594/376 767/1598/379 766/1599/380 763/1595/377
f 765/1600/378 768/1601/381 770/1602/382 767/1603/379
f 767/1598/379 770/1604/382 769/1605/383 766/1599/380
f 768/1601/381 748/1606/360 749/1607/363 770/1602/382
f 770/1604/382 749/1572/363 747/1575/365 769/1605/383
f 747/1575/365 751/1574/364 754/1579/368 757/1585/371 760/1589/374 763/1595/377 766/1599/380 769/1605/383
f 746/1608/334 739/1609/326 748/1606/360 768/1601/381
f 739/1610/326 740/1611/327 750/1569/361 748/1568/360
f 740/1611/327 741/1612/328 753/1576/366 750/1569/361
f 741/1613/328 742/1614/329 756/1581/369 753/1580/366
f 742/1614/329 743/1615/330 759/1586/372 756/1581/369
f 743/1616/330 744/1617/331 762/1591/375 759/1590/372
f 744/1617/331 745/1618/332 765/1596/378 762/1591/375
f 745/1619/332 746/1608/334 768/1601/381 765/1600/378
f 772/1620/384 774/1621/385 776/1622/386 773/1623/387
f 773/1624/387 776/1625/386 775/1626/388 771/1627/389
f 774/1621/385 777/1628/390 779/1629/391 776/1622/386
f 776/1630/386 779/1631/391 778/1632/392 775/1633/388
f 777/1628/390 780/1634/393 782/1635/394 779/1629/391
f 779/1631/391 782/1636/394 781/1637/395 778/1632/392
f 780/1634/393 783/1638/396 785/1639/397 782/1635/394
f 782/1636/394 785/1640/397 784/1641/398 781/1637/395
f 783/1638/396 786/1642/399 788/1643/400 785/1639/397
f 785/1644/397 788/1645/400 787/1646/401 784/1647/398
f 786/1642/399 789/1648/402 791/1649/403 788/1643/400
f 788/1645/400 791/1650/403 790/1651/404 787/1646/401
f 789/1648/402 792/1652/405 794/1653/406 791/1649/403
f 791/1654/403 794/1655/406 793/1656/407 790/1657/404
f 792/1652/405 772/1620/384 773/1623/387 794/1653/406
f 794/1658/406 773/1624/387 771/1627/389 793/1659/407
f 771/1627/389 775/1626/388 716/1660/355 715/1661/354
f 696/1662/339 682/1663/339 772/1620/384 792/1652/405
f 682/1663/339 684/1664/339 774/1621/385 772/1620/384
f 793/1656/407 771/1665/389 715/1666/354 722/1667/358
f 775/1633/388 778/1632/392 717/1668/350 716/1669/355
f 684/1664/339 686/1670/339 777/1628/390 774/1621/385
f 778/1632/392 781/1637/395 718/1671/351 717/1668/350
f 686/1670/339 688/1672/339 780/1634/393 777/1628/390
f 781/1637/395 784/1641/398 719/1673/344 718/1671/351
f 688/1672/339 690/1674/339 783/1638/396 780/1634/393
f 784/1647/398 787/1646/401 720/1675/345 719/1676/344
f 690/1674/339 692/1677/339 786/1642/399 783/1638/396
f 787/1646/401 790/1651/404 721/1678/359 720/1675/345
f 692/1677/339 694/1679/339 789/1648/402 786/1642/399
f 790/1657/404 793/1656/407 722/1667/358 721/1680/359
f 694/1679/339 696/1662/339 792/1652/405 789/1648/402
o pliers
v -0.145483 -0.004503 -0.107471
v -0.145483 0.004503 -0.107471
v -0.141748 -0.004503 -0.106470
v -0.141748 0.004503 -0.106470
v -0.139013 -0.004503 -0.103736
v -0.139013 0.004503 -0.103736
v -0.138012 -0.004503 -0.100000
v -0.138012 0.004503 -0.100000
v -0.139013 -0.004503 -0.096264
v -0.139013 0.004503 -0.096264
v -0.141748 -0.004503 -0.093530
v -0.141748 0.004503 -0.093530
v -0.145483 -0.004503 -0.092529
v -0.145483 0.004503 -0.092529
v -0.149219 -0.004503 -0.093530
v -0.149219 0.004503 -0.093530
v -0.151954 -0.004503 -0.096264
v -0.151954 0.004503 -0.096264
v -0.152955 -0.004503 -0.100000
v -0.152955 0.004503 -0.100000
v -0.151954 -0.004503 -0.103736
v -0.151954 0.004503 -0.103736
v -0.149219 -0.004503 -0.106470
v -0.149219 0.004503 -0.106470
v -0.145483 -0.004503 -0.110678
v -0.140144 -0.004503 -0.109247
v -0.140144 0.004503 -0.109247
v -0.145483 0.004503 -0.110678
v -0.136236 -0.004503 -0.105339
v -0.136236 0.004503 -0.105339
v -0.134805 -0.004503 -0.100000
v -0.134805 0.004503 -0.100000
v -0.136236 -0.004503 -0.094661
v -0.136236 0.004503 -0.094661
v -0.140144 -0.004503 -0.090753
v -0.140144 0.004503 -0.090753
v -0.145483 -0.004503 -0.089322
v -0.145483 0.004503 -0.089322
v -0.150822 -0.004503 -0.090753
v -0.150822 0.004503 -0.090753
v -0.154731 -0.004503 -0.094661
v -0.154731 0.004503 -0.094661
v -0.156161 -0.004503 -0.100000
v -0.156161 0.004503 -0.100000
v -0.154731 -0.004503 -0.105339
v -0.154731 0.004503 -0.105339
v -0.150822 -0.004503 -0.109247
v -0.150822 0.004503 -0.109247
v -0.141748 0.005275 -0.106470
v -0.145483 0.005275 -0.107471
v -0.139013 0.005275 -0.103736
v -0.138012 0.005275 -0.100000
v -0.139013 0.005275 -0.096264
v -0.141748 0.005275 -0.093530
v -0.145483 0.005275 -0.092529
v -0.149219 0.005275 -0.093530
v -0.151954 0.005275 -0.096264
v -0.152955 0.005275 -0.100000
v -0.151954 0.005275 -0.103736
v -0.149219 0.005275 -0.106470
v -0.145483 -0.005275 -0.107471
v -0.141748 -0.005275 -0.106470
v -0.139013 -0.005275 -0.103736
v -0.138012 -0.005275 -0.100000
v -0.139013 -0.005275 -0.096264
v -0.141748 -0.005275 -0.093530
v -0.145483 -0.005275 -0.092529
v -0.149219 -0.005275 -0.093530
v -0.151954 -0.005275 -0.096264
v -0.152955 -0.005275 -0.100000
v -0.151954 -0.005275 -0.103736
v -0.149219 -0.005275 -0.106470
v -0.016882 -0.005596 -0.042431
v -0.032999 -0.005596 -0.041187
v -0.016882 -0.005596 -0.054965
v -0.032999 -0.005596 -0.053710
v -0.016882 0.005596 -0.042431
v -0.032999 0.005596 -0.041187
v -0.016882 0.005596 -0.054965
v -0.032999 0.005596 -0.053710
v -0.025005 -0.005596 -0.041416
v -0.025005 -0.005596 -0.054071
v -0.025005 0.005596 -0.054071
v -0.025005 0.005596 -0.041416
v -0.007786 -0.005596 -0.044254
v -0.007786 -0.005596 -0.056298
v -0.007786 0.005596 -0.044254
v -0.007786 0.005596 -0.056298
v -0.003430 -0.005596 -0.046541
v -0.003430 -0.005596 -0.054665
v -0.003430 0.005596 -0.046541
v -0.003430 0.005596 -0.054665
v 0.000000 -0.005596 -0.050788
v 0.000000 0.005596 -0.050788
v -0.050719 -0.005596 -0.041971
v -0.050719 -0.005596 -0.055043
v -0.050719 0.005596 -0.041971
v -0.050719 0.005596 -0.055043
v -0.041859 -0.005596 -0.041187
v -0.041859 -0.005596 -0.053710
v -0.041859 0.005596 -0.041187
v -0.041859 0.005596 -0.053710
v -0.079623 -0.005596 -0.050664
v -0.079623 -0.005596 -0.065431
v -0.079623 0.005596 -0.050664
v -0.079623 0.005596 -0.065431
v -0.060354 0.005596 -0.043965
v -0.069988 0.005596 -0.046637
v -0.069988 -0.005596 -0.046637
v -0.060354 -0.005596 -0.043965
v -0.060354 -0.005596 -0.057715
v -0.069988 -0.005596 -0.061291
v -0.069988 0.005596 -0.061291
v -0.060354 0.005596 -0.057715
v -0.090801 -0.005596 -0.056761
v -0.088430 -0.005596 -0.070850
v -0.090801 0.005596 -0.056761
v -0.088430 0.005596 -0.070850
v -0.102469 -0.005596 -0.065499
v -0.100098 -0.005596 -0.081169
v -0.102469 0.005596 -0.065499
v -0.100098 0.005596 -0.081169
v -0.113087 -0.004178 -0.077538
v -0.110964 -0.004178 -0.090073
v -0.113087 0.004178 -0.077538
v -0.110964 0.004178 -0.090073
v -0.113324 -0.005596 -0.076140
v -0.110727 -0.005596 -0.091471
v -0.110727 0.005596 -0.091471
v -0.113324 0.005596 -0.076140
v -0.118304 -0.004178 -0.081291
v -0.116181 -0.004178 -0.092410
v -0.116181 0.004178 -0.092410
v -0.118304 0.004178 -0.081291
v -0.126386 -0.004178 -0.084997
v -0.124753 -0.004178 -0.094047
v -0.124753 0.004178 -0.094047
v -0.126386 0.004178 -0.084997
v -0.135808 -0.004178 -0.085687
v -0.135917 -0.004178 -0.096969
v -0.135917 0.004178 -0.096969
v -0.135808 0.004178 -0.085687
v -0.140164 -0.004178 -0.086231
v -0.140164 0.004178 -0.086231
v -0.142396 -0.004178 -0.087375
v -0.142396 0.004178 -0.087375
v -0.142832 -0.004178 -0.090097
v -0.142832 0.004178 -0.090097
v -0.016882 -0.005596 -0.157569
v -0.032999 -0.005596 -0.158814
v -0.016882 -0.005596 -0.145035
v -0.032999 -0.005596 -0.146290
v -0.016882 0.005596 -0.157569
v -0.032999 0.005596 -0.158814
v -0.016882 0.005596 -0.145035
v -0.032999 0.005596 -0.146290
v -0.025005 -0.005596 -0.158584
v -0.025005 -0.005596 -0.145929
v -0.025005 0.005596 -0.145929
v -0.025005 0.005596 -0.158584
v -0.007786 -0.005596 -0.155746
v -0.007786 -0.005596 -0.143702
v -0.007786 0.005596 -0.155746
v -0.007786 0.005596 -0.143702
v -0.003430 -0.005596 -0.153459
v -0.003430 -0.005596 -0.145335
v -0.003430 0.005596 -0.153459
v -0.003430 0.005596 -0.145335
v 0.000000 -0.005596 -0.149212
v 0.000000 0.005596 -0.149212
v -0.050719 -0.005596 -0.158029
v -0.050719 -0.005596 -0.144957
v -0.050719 0.005596 -0.158029
v -0.050719 0.005596 -0.144957
v -0.041859 -0.005596 -0.158814
v -0.041859 -0.005596 -0.146290
v -0.041859 0.005596 -0.158814
v -0.041859 0.005596 -0.146290
v -0.079623 -0.005596 -0.149336
v -0.079623 -0.005596 -0.134570
v -0.079623 0.005596 -0.149336
v -0.079623 0.005596 -0.134570
v -0.060354 0.005596 -0.156035
v -0.069988 0.005596 -0.153363
v -0.069988 -0.005596 -0.153363
v -0.060354 -0.005596 -0.156035
v -0.060354 -0.005596 -0.142285
v -0.069988 -0.005596 -0.138709
v -0.069988 0.005596 -0.138709
v -0.060354 0.005596 -0.142285
v -0.090801 -0.005596 -0.143239
v -0.088430 -0.005596 -0.129150
v -0.090801 0.005596 -0.143239
v -0.088430 0.005596 -0.129150
v -0.102469 -0.005596 -0.134501
v -0.100098 -0.005596 -0.118831
v -0.102469 0.005596 -0.134501
v -0.100098 0.005596 -0.118831
v -0.113087 -0.004178 -0.122462
v -0.110964 -0.004178 -0.109927
v -0.113087 0.004178 -0.122462
v -0.110964 0.004178 -0.109927
v -0.113324 -0.005596 -0.123860
v -0.110727 -0.005596 -0.108529
v -0.110727 0.005596 -0.108529
v -0.113324 0.005596 -0.123860
v -0.118304 -0.004178 -0.118709
v -0.116181 -0.004178 -0.107590
v -0.116181 0.004178 -0.107590
v -0.118304 0.004178 -0.118709
v -0.126386 -0.004178 -0.115003
v -0.124753 -0.004178 -0.105953
v -0.124753 0.004178 -0.105953
v -0.126386 0.004178 -0.115003
v -0.135808 -0.004178 -0.114313
v -0.135917 -0.004178 -0.103031
v -0.135917 0.004178 -0.103031
v -0.135808 0.004178 -0.114313
v -0.140164 -0.004178 -0.113769
v -0.140164 0.004178 -0.113769
v -0.142396 -0.004178 -0.112625
v -0.142396 0.004178 -0.112625
v -0.142832 -0.004178 -0.109903
v -0.142832 0.004178 -0.109903
v -0.146911 -0.004178 -0.090106
v -0.146911 0.004178 -0.090106
v -0.148054 -0.004178 -0.088091
v -0.148054 0.004178 -0.088091
v -0.150014 -0.004178 -0.086730
v -0.150014 0.004178 -0.086730
v -0.157583 -0.004178 -0.085859
v -0.157583 0.004178 -0.085859
v -0.166616 -0.004178 -0.085765
v -0.166616 0.004178 -0.085765
v -0.176213 -0.004178 -0.088117
v -0.176213 0.004178 -0.088117
v -0.183646 -0.004178 -0.092822
v -0.183646 0.004178 -0.092822
v -0.160594 -0.004178 -0.095832
v -0.160594 0.004178 -0.095832
v -0.158900 -0.004178 -0.095927
v -0.158900 0.004178 -0.095927
v -0.156172 -0.004178 -0.097150
v -0.156172 0.004178 -0.097150
v -0.154948 -0.004178 -0.099596
v -0.154948 0.004178 -0.099596
v -0.147007 -0.004231 -0.109890
v -0.147007 0.004126 -0.109890
v -0.148150 -0.004231 -0.111905
v -0.148150 0.004126 -0.111905
v -0.150111 -0.004231 -0.113266
v -0.150111 0.004126 -0.113266
v -0.157679 -0.004231 -0.114137
v -0.157679 0.004126 -0.114137
v -0.166712 -0.004231 -0.114231
v -0.166712 0.004126 -0.114231
v -0.176309 -0.004231 -0.111879
v -0.176309 0.004126 -0.111879
v -0.183742 -0.004231 -0.107175
v -0.183742 0.004126 -0.107175
v -0.160690 -0.004231 -0.104164
v -0.160690 0.004126 -0.104164
v -0.158996 -0.004231 -0.104070
v -0.158996 0.004126 -0.104070
v -0.156268 -0.004231 -0.102847
v -0.156268 0.004126 -0.102847
v -0.155045 -0.004231 -0.100400
v -0.155045 0.004126 -0.100400
v -0.161843 -0.004178 -0.096501
v -0.160991 -0.004178 -0.096229
v -0.161388 -0.004178 -0.096456
v -0.160991 0.004178 -0.096229
v -0.161843 0.004178 -0.096501
v -0.161388 0.004178 -0.096456
v -0.161087 -0.004231 -0.103767
v -0.161939 -0.004231 -0.103495
v -0.161484 -0.004231 -0.103540
v -0.161939 0.004126 -0.103495
v -0.161087 0.004126 -0.103767
v -0.161484 0.004126 -0.103540
vn -0.0000 -0.0000 -1.0000
vn 0.5000 -0.0000 -0.8660
vn 0.8660 -0.0000 -0.5000
vn 1.0000 -0.0000 -0.0000
vn 0.8660 -0.0000 0.5000
vn 0.5000 -0.0000 0.8660
vn -0.0000 -0.0000 1.0000
vn -0.5000 -0.0000 0.8660
vn -0.8660 -0.0000 0.5000
vn -1.0000 -0.0000 -0.0000
vn -0.8660 -0.0000 -0.5000
vn -0.5000 -0.0000 -0.8660
vn -0.0000 -1.0000 -0.0000
vn -0.0000 1.0000 -0.0000
vn -0.0773 -0.0000 -0.9970
vn -0.0226 -0.0000 -0.9997
vn 0.0764 -0.0000 0.9971
vn 0.0144 -0.0000 0.9999
vn 0.1604 -0.0000 0.9871
vn 0.3341 -0.0000 0.9425
vn -0.1272 -0.0000 -0.9919
vn 0.4648 -0.0000 0.8854
vn 0.1064 -0.0000 -0.9943
vn 0.3511 -0.0000 -0.9363
vn 0.7779 -0.0000 0.6283
vn 0.7489 -0.0000 -0.6627
vn -0.3271 -0.0000 0.9450
vn -0.4328 -0.0000 0.9015
vn -0.0441 -0.0000 0.9990
vn -0.1457 -0.0000 0.9893
vn 0.0746 -0.0000 -0.9972
vn 0.2084 -0.0000 -0.9780
vn -0.5405 -0.0000 0.8413
vn 0.3715 -0.0000 -0.9284
vn 0.4607 -0.0000 -0.8876
vn 0.3079 -0.0000 -0.9514
vn -0.2351 -0.0000 0.9720
vn 0.5955 -0.0000 -0.8034
vn -0.6512 -0.0000 0.7589
vn -0.7000 -0.0000 0.7141
vn 0.6794 -0.0000 -0.7338
vn 0.6960 -0.0000 -0.7181
vn -0.9860 -0.0000 -0.1670
vn -0.5839 -0.0000 0.8118
vn -0.5027 -0.0000 0.8645
vn 0.4088 -0.0000 -0.9126
vn 0.3002 -0.0000 -0.9539
vn -0.2489 -0.0000 0.9685
vn -0.0986 -0.0000 0.9951
vn 0.2205 -0.0000 -0.9754
vn 0.2532 -0.0000 -0.9674
vn -0.2944 -0.0000 0.9557
vn -0.4559 -0.0000 0.8900
vn -0.9874 -0.0000 0.1580
vn -0.7049 -0.0000 -0.7093
vn -0.0773 -0.0000 0.9970
vn -0.0226 -0.0000 0.9997
vn 0.0764 -0.0000 -0.9971
vn 0.0144 -0.0000 -0.9999
vn 0.1604 -0.0000 -0.9871
vn 0.3341 -0.0000 -0.9425
vn -0.1272 -0.0000 0.9919
vn 0.4648 -0.0000 -0.8854
vn 0.1064 -0.0000 0.9943
vn 0.3511 -0.0000 0.9363
vn 0.7779 -0.0000 -0.6283
vn 0.7489 -0.0000 0.6627
vn -0.3271 -0.0000 -0.9450
vn -0.4328 -0.0000 -0.9015
vn -0.0441 -0.0000 -0.9990
vn -0.1457 -0.0000 -0.9893
vn 0.0746 -0.0000 0.9972
vn 0.2084 -0.0000 0.9780
vn -0.5405 -0.0000 -0.8413
vn 0.3715 -0.0000 0.9284
vn 0.4607 -0.0000 0.8876
vn 0.3079 -0.0000 0.9514
vn -0.2351 -0.0000 -0.9720
vn 0.5955 -0.0000 0.8034
vn -0.6512 -0.0000 -0.7589
vn -0.7000 -0.0000 -0.7141
vn 0.6794 -0.0000 0.7338
vn 0.6960 -0.0000 0.7181
vn -0.9860 -0.0000 0.1670
vn -0.5839 -0.0000 -0.8118
vn -0.5027 -0.0000 -0.8645
vn 0.4088 -0.0000 0.9126
vn 0.3002 -0.0000 0.9539
vn -0.2489 -0.0000 -0.9685
vn -0.0986 -0.0000 -0.9951
vn 0.2205 -0.0000 0.9754
vn 0.2532 -0.0000 0.9674
vn -0.2944 -0.0000 -0.9557
vn -0.4559 -0.0000 -0.8900
vn -0.9874 -0.0000 -0.1580
vn -0.7049 -0.0000 0.7093
vn 0.8697 -0.0000 0.4936
vn 0.7385 -0.0000 0.6743
vn 0.3530 -0.0000 0.9356
vn 0.0625 -0.0000 0.9980
vn -0.1147 -0.0000 0.9934
vn -0.3915 -0.0000 0.9202
vn -0.5348 -0.0000 0.8450
vn 0.3569 -0.0000 -0.9341
vn -0.2362 -0.0000 -0.9717
vn -0.6920 -0.0000 -0.7219
vn -0.8944 -0.0000 -0.4472
vn 0.7631 -0.0000 -0.6463
vn 0.8697 -0.0000 -0.4936
vn 0.7385 -0.0000 -0.6743
vn 0.3530 -0.0000 -0.9356
vn 0.0625 -0.0000 -0.9980
vn -0.1147 -0.0000 -0.9934
vn -0.3915 -0.0000 -0.9202
vn -0.5348 -0.0000 -0.8450
vn 0.3569 -0.0000 0.9341
vn -0.2362 -0.0000 0.9717
vn -0.6920 -0.0000 0.7219
vn -0.8944 -0.0000 0.4472
vn 0.7631 -0.0000 0.6463
vn -0.0343 -0.0000 -0.9994
vn 0.3042 -0.0000 -0.9526
vn 0.6072 -0.0000 -0.7946
vn 0.6072 -0.0000 0.7946
vn 0.3042 -0.0000 0.9526
vn -0.0343 -0.0000 0.9994
vn -0.1664 -0.0000 -0.9861
vn -0.1664 -0.0000 0.9861
vt 0.235196 0.044734
vt 0.246096 0.044734
vt 0.246096 0.051206
vt 0.235196 0.051206
vt 0.246096 0.055963
vt 0.235196 0.055963
vt 0.197710 0.037681
vt 0.186810 0.037681
vt 0.186810 0.031218
vt 0.197710 0.031218
vt 0.186810 0.024756
vt 0.197710 0.024756
vt 0.175909 0.024756
vt 0.186810 0.029513
vt 0.175909 0.029513
vt 0.186810 0.035984
vt 0.175909 0.035984
vt 0.186810 0.042437
vt 0.175909 0.042437
vt 0.393253 0.084640
vt 0.402238 0.084640
vt 0.402238 0.088540
vt 0.393253 0.088540
vt 0.402238 0.093866
vt 0.393253 0.093866
vt 0.402238 0.099193
vt 0.393253 0.099193
vt 0.251421 0.060287
vt 0.251421 0.055765
vt 0.252355 0.055765
vt 0.252355 0.060287
vt 0.402238 0.103092
vt 0.393253 0.103092
vt 0.235196 0.038282
vt 0.246096 0.038282
vt 0.250221 0.059199
vt 0.250221 0.063714
vt 0.249286 0.063714
vt 0.249286 0.059199
vt 0.076994 0.174810
vt 0.076994 0.179491
vt 0.073245 0.180495
vt 0.073245 0.173805
vt 0.076912 0.153361
vt 0.079253 0.157415
vt 0.076508 0.160160
vt 0.073163 0.154366
vt 0.079335 0.170756
vt 0.076590 0.168011
vt 0.083307 0.159756
vt 0.082302 0.163505
vt 0.083389 0.168415
vt 0.082384 0.164666
vt 0.087988 0.159756
vt 0.088992 0.163505
vt 0.088070 0.168415
vt 0.089074 0.164666
vt 0.092042 0.157415
vt 0.094786 0.160160
vt 0.092124 0.170756
vt 0.094868 0.168011
vt 0.094382 0.153361
vt 0.098131 0.154366
vt 0.094464 0.174810
vt 0.098213 0.173805
vt 0.094382 0.148680
vt 0.098131 0.147676
vt 0.094464 0.179491
vt 0.098213 0.180495
vt 0.092042 0.144626
vt 0.094786 0.141882
vt 0.092124 0.183544
vt 0.094868 0.186289
vt 0.087988 0.142286
vt 0.088992 0.138537
vt 0.088070 0.185885
vt 0.089074 0.189634
vt 0.083307 0.142286
vt 0.082302 0.138537
vt 0.083389 0.185885
vt 0.082384 0.189634
vt 0.079253 0.144626
vt 0.076508 0.141882
vt 0.079335 0.183544
vt 0.076590 0.186289
vt 0.076912 0.148680
vt 0.073163 0.147676
vt 0.253680 0.154544
vt 0.248999 0.154544
vt 0.244945 0.152204
vt 0.242604 0.148150
vt 0.242604 0.143469
vt 0.244945 0.139415
vt 0.248999 0.137074
vt 0.253680 0.137074
vt 0.257734 0.139415
vt 0.260074 0.143469
vt 0.260074 0.148150
vt 0.257734 0.152204
vt 0.252509 0.051298
vt 0.252509 0.047970
vt 0.253444 0.047970
vt 0.253444 0.051298
vt 0.234071 0.052415
vt 0.234071 0.047901
vt 0.235005 0.047901
vt 0.235005 0.052415
vt 0.252509 0.060341
vt 0.252509 0.055826
vt 0.253444 0.055826
vt 0.253444 0.060341
vt 0.234071 0.060272
vt 0.234071 0.056943
vt 0.235005 0.056943
vt 0.235005 0.060272
vt 0.251421 0.051244
vt 0.252355 0.051244
vt 0.252539 0.069480
vt 0.252539 0.064958
vt 0.253473 0.064958
vt 0.253473 0.069480
vt 0.251421 0.063597
vt 0.252355 0.063597
vt 0.251421 0.047934
vt 0.252355 0.047934
vt 0.252539 0.060437
vt 0.253473 0.060437
vt 0.259554 0.141038
vt 0.259554 0.136357
vt 0.261894 0.132303
vt 0.265948 0.129963
vt 0.270629 0.129963
vt 0.274683 0.132303
vt 0.277024 0.136357
vt 0.277024 0.141038
vt 0.274683 0.145092
vt 0.270629 0.147433
vt 0.265948 0.147433
vt 0.261894 0.145092
vt 0.274019 0.098471
vt 0.274019 0.101800
vt 0.273085 0.101800
vt 0.273085 0.098471
vt 0.273085 0.086118
vt 0.273085 0.081597
vt 0.274019 0.081597
vt 0.274019 0.086118
vt 0.234049 0.043111
vt 0.234049 0.038589
vt 0.234983 0.038589
vt 0.234983 0.043111
vt 0.273085 0.077075
vt 0.273085 0.073765
vt 0.274019 0.073765
vt 0.274019 0.077075
vt 0.250221 0.054671
vt 0.249286 0.054671
vt 0.274019 0.093943
vt 0.273085 0.093943
vt 0.273085 0.089428
vt 0.274019 0.089428
vt 0.234049 0.047633
vt 0.234983 0.047633
vt 0.250221 0.051342
vt 0.249286 0.051342
vt 0.216917 0.262626
vt 0.220308 0.271692
vt 0.205964 0.276593
vt 0.202422 0.267578
vt 0.378877 0.338443
vt 0.378877 0.328770
vt 0.392423 0.328770
vt 0.392423 0.338443
vt 0.254659 0.267578
vt 0.251117 0.276593
vt 0.236773 0.271691
vt 0.240164 0.262626
vt 0.373053 0.262013
vt 0.373053 0.271690
vt 0.359506 0.271690
vt 0.359506 0.262013
vt 0.373053 0.252174
vt 0.359506 0.252174
vt 0.359506 0.241153
vt 0.373053 0.241153
vt 0.209431 0.286741
vt 0.223775 0.281840
vt 0.226344 0.292294
vt 0.211372 0.297410
vt 0.258862 0.258624
vt 0.244506 0.253718
vt 0.378877 0.348270
vt 0.392423 0.348270
vt 0.212575 0.253718
vt 0.198219 0.258624
vt 0.359506 0.235866
vt 0.373053 0.235866
vt 0.392423 0.359269
vt 0.378877 0.359269
vt 0.193132 0.248728
vt 0.206928 0.244015
vt 0.250153 0.244014
vt 0.263948 0.248728
vt 0.252740 0.323990
vt 0.252740 0.310443
vt 0.262573 0.310443
vt 0.262573 0.323990
vt 0.392423 0.364552
vt 0.378877 0.364552
vt 0.254477 0.239920
vt 0.263782 0.243100
vt 0.193299 0.243100
vt 0.202603 0.239920
vt 0.257432 0.323990
vt 0.257432 0.310443
vt 0.260684 0.237653
vt 0.196397 0.237653
vt 0.359506 0.316424
vt 0.373053 0.316424
vt 0.373053 0.328059
vt 0.359506 0.328059
vt 0.359506 0.282414
vt 0.373053 0.282414
vt 0.373053 0.293133
vt 0.359506 0.293133
vt 0.392423 0.318047
vt 0.378877 0.318047
vt 0.378877 0.307314
vt 0.392423 0.307314
vt 0.233306 0.281839
vt 0.247650 0.286741
vt 0.245709 0.297410
vt 0.230736 0.292294
vt 0.373053 0.341548
vt 0.359506 0.341548
vt 0.392423 0.283949
vt 0.378877 0.283949
vt 0.378877 0.272260
vt 0.392423 0.272260
vt 0.228540 0.316191
vt 0.245324 0.321926
vt 0.246295 0.334581
vt 0.229382 0.328803
vt 0.211757 0.321926
vt 0.228540 0.316191
vt 0.227698 0.328803
vt 0.210786 0.334581
vt 0.227830 0.304110
vt 0.212082 0.309491
vt 0.244999 0.309491
vt 0.229250 0.304110
vt 0.378877 0.295634
vt 0.392423 0.295634
vt 0.373053 0.304781
vt 0.359506 0.304781
vt 0.208025 0.346789
vt 0.225090 0.343991
vt 0.219647 0.360775
vt 0.200772 0.364191
vt 0.378877 0.261564
vt 0.392423 0.261564
vt 0.249056 0.346789
vt 0.231991 0.343991
vt 0.359506 0.355611
vt 0.373053 0.355611
vt 0.373053 0.368679
vt 0.359506 0.368679
vt 0.378877 0.247373
vt 0.392423 0.247373
vt 0.256308 0.364191
vt 0.237433 0.360775
vt 0.294618 0.100917
vt 0.309849 0.103108
vt 0.310612 0.109986
vt 0.297012 0.108318
vt 0.378877 0.234440
vt 0.392423 0.234440
vt 0.263948 0.380397
vt 0.245373 0.377372
vt 0.211708 0.377372
vt 0.193132 0.380397
vt 0.250891 0.289631
vt 0.250891 0.304803
vt 0.249175 0.306495
vt 0.249175 0.287939
vt 0.261006 0.304803
vt 0.262722 0.306495
vt 0.261006 0.289631
vt 0.262722 0.287939
vt 0.309327 0.120470
vt 0.298293 0.119003
vt 0.280297 0.075561
vt 0.295528 0.073370
vt 0.293134 0.080771
vt 0.279534 0.082438
vt 0.495596 0.079248
vt 0.485481 0.079248
vt 0.485481 0.072959
vt 0.495596 0.072959
vt 0.349855 0.039423
vt 0.339740 0.039423
vt 0.339740 0.033092
vt 0.349855 0.033092
vt 0.495596 0.063201
vt 0.485481 0.063201
vt 0.485481 0.051803
vt 0.495596 0.051803
vt 0.291853 0.091456
vt 0.280819 0.092923
vt 0.339740 0.022706
vt 0.349855 0.022706
vt 0.339740 0.009175
vt 0.349855 0.009175
vt 0.308564 0.134416
vt 0.295602 0.130116
vt 0.294544 0.102569
vt 0.281582 0.106870
vt 0.485481 0.046534
vt 0.495596 0.046534
vt 0.485481 0.043840
vt 0.495596 0.043840
vt 0.249583 0.047922
vt 0.249583 0.037807
vt 0.252878 0.037807
vt 0.252878 0.047922
vt 0.349855 0.000851
vt 0.339740 0.000851
vt 0.298086 0.139843
vt 0.295110 0.138333
vt 0.294618 0.135338
vt 0.295528 0.107791
vt 0.295037 0.110787
vt 0.292060 0.112296
vt 0.287732 0.355425
vt 0.273237 0.350472
vt 0.276779 0.341458
vt 0.291123 0.346359
vt 0.397752 0.261347
vt 0.411299 0.261347
vt 0.411299 0.271020
vt 0.397752 0.271020
vt 0.325475 0.350472
vt 0.310980 0.355425
vt 0.307589 0.346359
vt 0.321933 0.341458
vt 0.351403 0.344318
vt 0.337857 0.344318
vt 0.337857 0.334642
vt 0.351403 0.334642
vt 0.351403 0.354157
vt 0.351403 0.365178
vt 0.337857 0.365178
vt 0.337857 0.354157
vt 0.280247 0.331310
vt 0.282187 0.320640
vt 0.297160 0.325756
vt 0.294591 0.336211
vt 0.329678 0.359427
vt 0.315322 0.364332
vt 0.397752 0.251521
vt 0.411299 0.251521
vt 0.283391 0.364332
vt 0.269034 0.359427
vt 0.351403 0.370466
vt 0.337857 0.370466
vt 0.397752 0.240521
vt 0.411299 0.240521
vt 0.277743 0.374036
vt 0.263948 0.369323
vt 0.334764 0.369323
vt 0.320969 0.374036
vt 0.257204 0.354586
vt 0.257204 0.341039
vt 0.267037 0.341039
vt 0.267037 0.354586
vt 0.397752 0.235238
vt 0.411299 0.235238
vt 0.334598 0.374951
vt 0.325293 0.378130
vt 0.273419 0.378130
vt 0.264114 0.374951
vt 0.254230 0.339099
vt 0.254230 0.325553
vt 0.259371 0.325553
vt 0.259371 0.339099
vt 0.264063 0.325553
vt 0.264063 0.339099
vt 0.331500 0.380397
vt 0.267212 0.380397
vt 0.337857 0.289907
vt 0.337857 0.278273
vt 0.351403 0.278273
vt 0.351403 0.289907
vt 0.337857 0.323918
vt 0.337857 0.313199
vt 0.351403 0.313199
vt 0.351403 0.323918
vt 0.411299 0.281744
vt 0.411299 0.292476
vt 0.397752 0.292476
vt 0.397752 0.281744
vt 0.304121 0.336211
vt 0.301552 0.325756
vt 0.316525 0.320640
vt 0.318465 0.331310
vt 0.337857 0.264784
vt 0.351403 0.264784
vt 0.411299 0.315841
vt 0.411299 0.327530
vt 0.397752 0.327530
vt 0.397752 0.315841
vt 0.299356 0.301859
vt 0.300198 0.289248
vt 0.317111 0.283469
vt 0.316139 0.296125
vt 0.282573 0.296125
vt 0.281602 0.283469
vt 0.298514 0.289248
vt 0.282897 0.308559
vt 0.298646 0.313940
vt 0.300066 0.313940
vt 0.315815 0.308559
vt 0.411299 0.304156
vt 0.397752 0.304156
vt 0.337857 0.301551
vt 0.351403 0.301551
vt 0.278841 0.271261
vt 0.271588 0.253859
vt 0.290463 0.257276
vt 0.295905 0.274059
vt 0.411299 0.338226
vt 0.397752 0.338226
vt 0.302807 0.274059
vt 0.319871 0.271261
vt 0.337857 0.250720
vt 0.337857 0.237653
vt 0.351403 0.237653
vt 0.351403 0.250720
vt 0.411299 0.352417
vt 0.397752 0.352417
vt 0.308249 0.257276
vt 0.327124 0.253859
vt 0.248970 0.161706
vt 0.256582 0.160101
vt 0.264793 0.171070
vt 0.258447 0.173829
vt 0.411299 0.365350
vt 0.397752 0.365350
vt 0.316189 0.240679
vt 0.334764 0.237653
vt 0.263948 0.237653
vt 0.282524 0.240679
vt 0.264438 0.304803
vt 0.264438 0.289631
vt 0.276269 0.287939
vt 0.274553 0.289631
vt 0.276269 0.306495
vt 0.274553 0.304803
vt 0.266489 0.155898
vt 0.273249 0.164741
vt 0.222313 0.165782
vt 0.217595 0.160720
vt 0.229501 0.153938
vt 0.235840 0.158447
vt 0.175548 0.078908
vt 0.175548 0.072618
vt 0.185663 0.072618
vt 0.185663 0.078908
vt 0.340133 0.079124
vt 0.340133 0.072793
vt 0.350248 0.072793
vt 0.350248 0.079124
vt 0.175548 0.062861
vt 0.175548 0.051462
vt 0.185663 0.051462
vt 0.185663 0.062861
vt 0.212367 0.151542
vt 0.222095 0.146131
vt 0.340133 0.062407
vt 0.350248 0.062407
vt 0.340133 0.048876
vt 0.350248 0.048875
vt 0.274791 0.148036
vt 0.284969 0.157142
vt 0.204653 0.139898
vt 0.217619 0.135609
vt 0.175548 0.046193
vt 0.185663 0.046193
vt 0.175548 0.043499
vt 0.185663 0.043499
vt 0.261267 0.086516
vt 0.257972 0.086516
vt 0.257972 0.076402
vt 0.261267 0.076402
vt 0.340133 0.040552
vt 0.350248 0.040552
vt 0.278831 0.144585
vt 0.281675 0.143522
vt 0.284464 0.145353
vt 0.209819 0.129289
vt 0.213108 0.128723
vt 0.215291 0.130833
vt 0.186221 0.061930
vt 0.196336 0.061930
vt 0.196336 0.064369
vt 0.186221 0.064369
vt 0.485481 0.000793
vt 0.495596 0.000793
vt 0.495596 0.003174
vt 0.485481 0.003174
vt 0.495596 0.012341
vt 0.485481 0.012341
vt 0.495596 0.023274
vt 0.485481 0.023274
vt 0.495596 0.034874
vt 0.485481 0.034874
vt 0.495596 0.043840
vt 0.485481 0.043840
vt 0.223700 0.064867
vt 0.233814 0.064867
vt 0.233814 0.066916
vt 0.223700 0.066916
vt 0.233814 0.070210
vt 0.223700 0.070210
vt 0.263478 0.100284
vt 0.263478 0.090169
vt 0.266439 0.090169
vt 0.266439 0.100284
vt 0.186221 0.050444
vt 0.196336 0.050444
vt 0.196356 0.076457
vt 0.196356 0.078895
vt 0.186241 0.078895
vt 0.186241 0.076457
vt 0.408414 0.043818
vt 0.408414 0.041437
vt 0.418529 0.041437
vt 0.418529 0.043818
vt 0.408414 0.032270
vt 0.418529 0.032270
vt 0.408414 0.021337
vt 0.418529 0.021337
vt 0.408414 0.009737
vt 0.418529 0.009737
vt 0.408414 0.000771
vt 0.418529 0.000771
vt 0.261683 0.061292
vt 0.261683 0.059243
vt 0.271798 0.059243
vt 0.271798 0.061292
vt 0.261683 0.055948
vt 0.271798 0.055948
vt 0.307908 0.077326
vt 0.310869 0.077326
vt 0.310869 0.087441
vt 0.307908 0.087441
vt 0.186241 0.064970
vt 0.196356 0.064970
vt 0.223700 0.063351
vt 0.233814 0.063351
vt 0.233814 0.063902
vt 0.223700 0.063902
vt 0.233814 0.064384
vt 0.223700 0.064384
vt 0.261683 0.061775
vt 0.271798 0.061775
vt 0.271798 0.062257
vt 0.261683 0.062257
vt 0.271798 0.062808
vt 0.261683 0.062808
vt 0.223700 0.036986
vt 0.233814 0.036986
vt 0.127669 0.167149
vt 0.126611 0.164461
vt 0.127689 0.155303
vt 0.130090 0.144637
vt 0.135530 0.133986
vt 0.143139 0.126538
vt 0.141410 0.153245
vt 0.141231 0.153768
vt 0.140853 0.154173
vt 0.140275 0.154530
vt 0.139915 0.156551
vt 0.140597 0.160106
vt 0.143139 0.162227
vt 0.129724 0.169056
vt 0.213910 0.181472
vt 0.200495 0.174643
vt 0.203037 0.172521
vt 0.203719 0.168967
vt 0.203359 0.166946
vt 0.202781 0.166589
vt 0.202403 0.166184
vt 0.202224 0.165661
vt 0.200495 0.138954
vt 0.208104 0.146401
vt 0.213544 0.157053
vt 0.215945 0.167719
vt 0.217023 0.176877
vt 0.215965 0.179565
vt 0.261683 0.089173
vt 0.271798 0.089173
vt 0.184124 0.140953
vt 0.186179 0.139046
vt 0.199593 0.145876
vt 0.197052 0.147997
vt 0.196370 0.151551
vt 0.196730 0.153572
vt 0.197308 0.153930
vt 0.197686 0.154334
vt 0.197865 0.154857
vt 0.199593 0.181565
vt 0.191985 0.174117
vt 0.186545 0.163466
vt 0.184144 0.152799
vt 0.183065 0.143641
vt 0.158132 0.127612
vt 0.160188 0.129519
vt 0.161246 0.132206
vt 0.160168 0.141364
vt 0.157767 0.152031
vt 0.152327 0.162682
vt 0.144718 0.170130
vt 0.146446 0.143423
vt 0.146626 0.142899
vt 0.147004 0.142495
vt 0.147582 0.142138
vt 0.147942 0.140116
vt 0.147260 0.136562
vt 0.144718 0.134441
s 1
usemtl instruments
f 819/1681/408 822/1682/408 821/1683/409 820/1684/409
f 820/1684/409 821/1683/409 824/1685/410 823/1686/410
f 823/1687/410 824/1688/410 826/1689/411 825/1690/411
f 825/1690/411 826/1689/411 828/1691/412 827/1692/412
f 827/1693/412 828/1691/412 830/1694/413 829/1695/413
f 829/1695/413 830/1694/413 832/1696/414 831/1697/414
f 831/1697/414 832/1696/414 834/1698/415 833/1699/415
f 833/1700/415 834/1701/415 836/1702/416 835/1703/416
f 835/1703/416 836/1702/416 838/1704/417 837/1705/417
f 837/1705/417 838/1704/417 840/1706/418 839/1707/418
f 816/1708/418 814/1709/417 852/1710/417 853/1711/418
f 839/1707/418 840/1706/418 842/1712/419 841/1713/419
f 841/1714/419 842/1715/419 822/1682/408 819/1681/408
f 807/1716/414 809/1717/415 862/1718/415 861/1719/414
f 797/1720/420 795/1721/420 819/1722/420 820/1723/420
f 796/1724/421 798/1725/421 821/1726/421 822/1727/421
f 799/1728/420 797/1720/420 820/1723/420 823/1729/420
f 798/1725/421 800/1730/421 824/1731/421 821/1726/421
f 801/1732/420 799/1728/420 823/1729/420 825/1733/420
f 800/1730/421 802/1734/421 826/1735/421 824/1731/421
f 803/1736/420 801/1732/420 825/1733/420 827/1737/420
f 802/1734/421 804/1738/421 828/1739/421 826/1735/421
f 805/1740/420 803/1736/420 827/1737/420 829/1741/420
f 804/1738/421 806/1742/421 830/1743/421 828/1739/421
f 807/1744/420 805/1740/420 829/1741/420 831/1745/420
f 806/1742/421 808/1746/421 832/1747/421 830/1743/421
f 809/1748/420 807/1744/420 831/1745/420 833/1749/420
f 808/1746/421 810/1750/421 834/1751/421 832/1747/421
f 811/1752/420 809/1748/420 833/1749/420 835/1753/420
f 810/1750/421 812/1754/421 836/1755/421 834/1751/421
f 813/1756/420 811/1752/420 835/1753/420 837/1757/420
f 812/1754/421 814/1758/421 838/1759/421 836/1755/421
f 815/1760/420 813/1756/420 837/1757/420 839/1761/420
f 814/1758/421 816/1762/421 840/1763/421 838/1759/421
f 817/1764/420 815/1760/420 839/1761/420 841/1765/420
f 816/1762/421 818/1766/421 842/1767/421 840/1763/421
f 795/1721/420 817/1764/420 841/1765/420 819/1722/420
f 818/1766/421 796/1724/421 822/1727/421 842/1767/421
f 843/1768/421 844/1769/421 854/1770/421 853/1771/421 852/1772/421 851/1773/421 850/1774/421 849/1775/421 848/1776/421 847/1777/421 846/1778/421 845/1779/421
f 806/1780/413 804/1781/412 847/1782/412 848/1783/413
f 796/1784/408 818/1785/419 854/1786/419 844/1787/408
f 810/1788/415 808/1789/414 849/1790/414 850/1791/415
f 800/1792/410 798/1793/409 843/1794/409 845/1795/410
f 814/1709/417 812/1796/416 851/1797/416 852/1710/417
f 804/1798/412 802/1799/411 846/1800/411 847/1801/412
f 818/1802/419 816/1708/418 853/1711/418 854/1803/419
f 808/1789/414 806/1780/413 848/1783/413 849/1790/414
f 798/1793/409 796/1784/408 844/1787/408 843/1794/409
f 812/1796/416 810/1804/415 850/1805/415 851/1797/416
f 802/1799/411 800/1806/410 845/1807/410 846/1800/411
f 855/1808/420 856/1809/420 857/1810/420 858/1811/420 859/1812/420 860/1813/420 861/1814/420 862/1815/420 863/1816/420 864/1817/420 865/1818/420 866/1819/420
f 797/1820/409 799/1821/410 857/1822/410 856/1823/409
f 811/1824/416 813/1825/417 864/1826/417 863/1827/416
f 801/1828/411 803/1829/412 859/1830/412 858/1831/411
f 815/1832/418 817/1833/419 866/1834/419 865/1835/418
f 805/1836/413 807/1716/414 861/1719/414 860/1837/413
f 795/1838/408 797/1820/409 856/1823/409 855/1839/408
f 809/1840/415 811/1824/416 863/1827/416 862/1841/415
f 799/1842/410 801/1828/411 858/1831/411 857/1843/410
f 813/1825/417 815/1832/418 865/1835/418 864/1826/417
f 803/1844/412 805/1836/413 860/1837/413 859/1845/412
f 817/1841/419 795/1838/408 855/1839/408 866/1840/419
f 875/1846/420 868/1847/420 870/1848/420 876/1849/420
f 876/1850/422 870/1851/423 874/1852/423 877/1853/422
f 877/1854/421 874/1855/421 872/1856/421 878/1857/421
f 878/1858/424 872/1859/425 868/1860/425 875/1861/424
f 871/1862/426 867/1863/426 879/1864/427 881/1865/427
f 894/1866/420 893/1867/420 889/1868/420 890/1869/420
f 871/1862/426 878/1858/424 875/1861/424 867/1863/426
f 873/1870/421 877/1854/421 878/1857/421 871/1871/421
f 869/1872/428 876/1850/422 877/1853/422 873/1873/428
f 867/1874/420 875/1846/420 876/1849/420 869/1875/420
f 881/1865/427 879/1864/427 883/1876/429 885/1877/429
f 869/1872/428 873/1873/428 882/1878/430 880/1879/430
f 867/1874/420 869/1875/420 880/1880/420 879/1881/420
f 873/1870/421 871/1871/421 881/1882/421 882/1883/421
f 884/1884/411 886/1885/411 885/1886/411 883/1887/411
f 880/1879/430 882/1878/430 886/1888/431 884/1889/431
f 882/1883/421 881/1882/421 885/1890/421 886/1891/421
f 879/1881/420 880/1880/420 884/1892/420 883/1893/420
f 883/1887/432 887/1894/432 888/1895/432 885/1886/432
f 886/1885/433 888/1895/433 887/1894/433 884/1884/433
f 885/1890/421 888/1896/421 886/1891/421
f 884/1892/420 887/1897/420 883/1893/420
f 903/1898/434 902/1899/434 899/1900/435 897/1901/435
f 893/1902/436 895/1903/436 891/1904/437 889/1905/437
f 896/1906/438 894/1907/438 890/1908/439 892/1909/439
f 895/1910/421 896/1911/421 892/1912/421 891/1913/421
f 872/1856/421 874/1855/421 896/1911/421 895/1910/421
f 874/1852/423 870/1851/423 894/1907/438 896/1906/438
f 868/1860/425 872/1859/425 895/1903/436 893/1902/436
f 870/1848/420 868/1847/420 893/1867/420 894/1866/420
f 897/1901/435 899/1900/435 911/1914/440 909/1915/440
f 907/1916/441 906/1917/441 898/1918/442 900/1919/442
f 902/1920/421 907/1921/421 900/1922/421 899/1923/421
f 906/1924/420 903/1925/420 897/1926/420 898/1927/420
f 890/1869/420 889/1868/420 904/1928/420 905/1929/420
f 905/1929/420 904/1928/420 903/1925/420 906/1924/420
f 891/1913/421 892/1912/421 908/1930/421 901/1931/421
f 901/1931/421 908/1930/421 907/1921/421 902/1920/421
f 892/1909/439 890/1908/439 905/1932/443 908/1933/443
f 908/1933/443 905/1932/443 906/1917/441 907/1916/441
f 889/1905/437 891/1904/437 901/1934/444 904/1935/444
f 904/1935/444 901/1934/444 902/1899/434 903/1898/434
f 910/1936/420 909/1937/420 913/1938/420 914/1939/420
f 900/1919/442 898/1918/442 910/1940/445 912/1941/445
f 899/1923/421 900/1922/421 912/1942/421 911/1943/421
f 898/1927/420 897/1926/420 909/1937/420 910/1936/420
f 913/1944/446 915/1945/446 924/1946/447 921/1947/447
f 909/1915/440 911/1914/440 915/1945/446 913/1944/446
f 912/1941/445 910/1940/445 914/1948/448 916/1949/448
f 911/1943/421 912/1942/421 916/1950/421 915/1951/421
f 919/1952/421 920/1953/421 927/1954/421 928/1955/421
f 916/1949/448 914/1948/448 922/1956/449 923/1957/449
f 915/1951/421 916/1950/421 923/1958/421 924/1959/421
f 914/1939/420 913/1938/420 921/1960/420 922/1961/420
f 917/1962/450 918/1963/450 922/1964/450 921/1965/450
f 918/1963/450 920/1966/450 923/1967/450 922/1964/450
f 920/1966/450 919/1968/450 924/1969/450 923/1967/450
f 919/1968/450 917/1962/450 921/1965/450 924/1969/450
f 928/1955/421 927/1954/421 931/1970/421 932/1971/421
f 918/1972/420 917/1973/420 925/1974/420 926/1975/420
f 917/1976/451 919/1977/451 928/1978/452 925/1979/452
f 920/1980/453 918/1981/453 926/1982/454 927/1983/454
f 929/1984/455 932/1985/455 936/1986/456 933/1987/456
f 926/1975/420 925/1974/420 929/1988/420 930/1989/420
f 925/1979/452 928/1978/452 932/1985/455 929/1984/455
f 927/1983/454 926/1982/454 930/1990/457 931/1991/457
f 931/1991/457 930/1990/457 934/1992/458 935/1993/458
f 932/1971/421 931/1970/421 935/1994/421 936/1995/421
f 930/1989/420 929/1988/420 933/1996/420 934/1997/420
f 933/1987/456 936/1986/456 938/1998/459 937/1999/459
f 937/1999/459 938/1998/459 940/2000/460 939/2001/460
f 939/2002/461 940/2003/461 942/2004/461 941/2005/461
f 942/2006/462 935/1993/462 934/1992/462 941/2007/462
f 935/1994/421 942/2008/421 940/2009/421 938/2010/421 936/1995/421
f 933/1996/420 937/2011/420 939/2012/420 941/2013/420 934/1997/420
f 951/2014/420 952/2015/420 946/2016/420 944/2017/420
f 952/2018/463 953/2019/463 950/2020/464 946/2021/464
f 953/2022/421 954/2023/421 948/2024/421 950/2025/421
f 954/2026/465 951/2027/465 944/2028/466 948/2029/466
f 947/2030/467 957/2031/468 955/2032/468 943/2033/467
f 970/2034/420 966/2035/420 965/2036/420 969/2037/420
f 947/2030/467 943/2033/467 951/2027/465 954/2026/465
f 949/2038/421 947/2039/421 954/2023/421 953/2022/421
f 945/2040/469 949/2041/469 953/2019/463 952/2018/463
f 943/2042/420 945/2043/420 952/2015/420 951/2014/420
f 957/2031/468 961/2044/470 959/2045/470 955/2032/468
f 945/2040/469 956/2046/471 958/2047/471 949/2041/469
f 943/2042/420 955/2048/420 956/2049/420 945/2043/420
f 949/2038/421 958/2050/421 957/2051/421 947/2039/421
f 960/2052/417 962/2053/417 961/2054/417 959/2055/417
f 956/2046/471 960/2056/472 962/2057/472 958/2047/471
f 958/2050/421 962/2058/421 961/2059/421 957/2051/421
f 955/2048/420 959/2060/420 960/2061/420 956/2049/420
f 959/2062/473 961/2063/473 964/2064/473 963/2065/473
f 962/2066/474 960/2067/474 963/2065/474 964/2064/474
f 961/2059/421 962/2058/421 964/2068/421
f 960/2061/420 959/2060/420 963/2069/420
f 979/2070/475 973/2071/476 975/2072/476 978/2073/475
f 969/2074/477 965/2075/478 967/2076/478 971/2077/477
f 972/2078/479 968/2079/480 966/2080/480 970/2081/479
f 971/2082/421 967/2083/421 968/2084/421 972/2085/421
f 948/2024/421 971/2082/421 972/2085/421 950/2025/421
f 950/2020/464 972/2078/479 970/2081/479 946/2021/464
f 944/2028/466 969/2074/477 971/2077/477 948/2029/466
f 946/2016/420 970/2034/420 969/2037/420 944/2017/420
f 973/2071/476 985/2086/481 987/2087/481 975/2072/476
f 983/2088/482 976/2089/483 974/2090/483 982/2091/482
f 978/2092/421 975/2093/421 976/2094/421 983/2095/421
f 982/2096/420 974/2097/420 973/2098/420 979/2092/420
f 966/2035/420 981/2099/420 980/2100/420 965/2036/420
f 981/2099/420 982/2096/420 979/2092/420 980/2100/420
f 967/2083/421 977/2101/421 984/2102/421 968/2084/421
f 977/2101/421 978/2092/421 983/2095/421 984/2102/421
f 968/2079/480 984/2103/484 981/2104/484 966/2080/480
f 984/2103/484 983/2088/482 982/2091/482 981/2104/484
f 965/2075/478 980/2105/485 977/2106/485 967/2076/478
f 980/2105/485 979/2070/475 978/2073/475 977/2106/485
f 986/2107/420 990/2108/420 989/2109/420 985/2110/420
f 976/2089/483 988/2111/486 986/2112/486 974/2090/483
f 975/2093/421 987/2113/421 988/2114/421 976/2094/421
f 974/2097/420 986/2107/420 985/2110/420 973/2098/420
f 989/2115/487 997/2116/488 1000/2117/488 991/2118/487
f 985/2086/481 989/2115/487 991/2118/487 987/2087/481
f 988/2111/486 992/2119/489 990/2120/489 986/2112/486
f 987/2113/421 991/2121/421 992/2122/421 988/2114/421
f 995/2123/421 1004/2124/421 1003/2125/421 996/2126/421
f 992/2119/489 999/2127/490 998/2128/490 990/2120/489
f 991/2121/421 1000/2129/421 999/2130/421 992/2122/421
f 990/2108/420 998/2131/420 997/2132/420 989/2109/420
f 993/2133/491 997/1967/491 998/1969/491 994/2134/491
f 994/2134/491 998/1969/491 999/2135/491 996/2136/491
f 996/2136/491 999/2135/491 1000/2137/491 995/2138/491
f 995/2138/491 1000/2137/491 997/1967/491 993/2133/491
f 1004/2124/421 1008/2139/421 1007/2140/421 1003/2125/421
f 994/2141/420 1002/2142/420 1001/2143/420 993/2144/420
f 993/2145/492 1001/2146/493 1004/2147/493 995/2148/492
f 996/2149/494 1003/2150/495 1002/2151/495 994/2152/494
f 1005/2153/496 1009/2154/497 1012/2155/497 1008/2156/496
f 1002/2142/420 1006/2157/420 1005/2158/420 1001/2143/420
f 1001/2146/493 1005/2153/496 1008/2156/496 1004/2147/493
f 1003/2150/495 1007/2159/498 1006/2160/498 1002/2151/495
f 1007/2159/498 1011/2161/499 1010/2162/499 1006/2160/498
f 1008/2139/421 1012/2163/421 1011/2164/421 1007/2140/421
f 1006/2157/420 1010/2165/420 1009/2166/420 1005/2158/420
f 1009/2154/497 1013/2167/500 1014/2168/500 1012/2155/497
f 1013/2167/500 1015/2169/501 1016/2170/501 1014/2168/500
f 1015/2171/502 1017/2172/502 1018/2173/502 1016/2174/502
f 1018/2175/503 1017/2176/503 1010/2162/503 1011/2161/503
f 1011/2164/421 1012/2163/421 1014/2177/421 1016/2178/421 1018/2179/421
f 1009/2166/420 1010/2165/420 1017/2180/420 1015/2181/420 1013/2182/420
f 1019/2183/504 1020/2184/504 1022/2185/505 1021/2186/505
f 1021/2187/505 1022/2188/505 1024/2189/506 1023/2190/506
f 1023/2190/506 1024/2189/506 1026/2191/507 1025/2192/507
f 1025/2192/507 1026/2191/507 1028/2193/508 1027/2194/508
f 1027/2194/508 1028/2193/508 1030/2195/509 1029/2196/509
f 1029/2196/509 1030/2195/509 1032/2197/510 1031/2198/510
f 1033/2199/511 1034/2200/511 1036/2201/512 1035/2202/512
f 1035/2202/512 1036/2201/512 1038/2203/513 1037/2204/513
f 1037/2205/513 1038/2206/513 1040/2207/514 1039/2208/514
f 1020/2184/515 1019/2183/515 1039/2209/515 1040/2210/515
f 1041/2211/516 1043/2212/517 1044/2213/517 1042/2214/516
f 1043/2215/517 1045/2216/518 1046/2217/518 1044/2218/517
f 1045/2216/518 1047/2219/519 1048/2220/519 1046/2217/518
f 1047/2219/519 1049/2221/520 1050/2222/520 1048/2220/519
f 1049/2221/520 1051/2223/521 1052/2224/521 1050/2222/520
f 1051/2223/521 1053/2225/522 1054/2226/522 1052/2224/521
f 1055/2227/523 1057/2228/524 1058/2229/524 1056/2230/523
f 1057/2228/524 1059/2231/525 1060/2232/525 1058/2229/524
f 1059/2233/525 1061/2234/526 1062/2235/526 1060/2236/525
f 1042/2214/527 1062/2237/527 1061/2238/527 1041/2211/527
f 1063/2239/528 1067/2240/528 1068/2241/529 1065/2242/529
f 1065/2242/529 1068/2241/529 1066/2243/530 1064/2244/530
f 1069/2245/531 1073/2246/531 1074/2247/532 1071/2248/532
f 1071/2248/532 1074/2247/532 1072/2249/533 1070/2250/533
f 1064/2244/530 1066/2243/530 1034/2200/511 1033/2199/511
f 1031/2251/534 1032/2252/534 1067/2240/528 1063/2239/528
f 1021/2253/420 1023/2254/420 1025/2255/420 1027/2256/420 1029/2257/420 1031/2258/420 1063/2259/420 1065/2260/420 1064/2261/420 1033/2262/420 1035/2263/420 1037/2264/420 1039/2265/420 1019/2266/420
f 1020/2267/421 1040/2268/421 1038/2269/421 1036/2270/421 1034/2271/421 1066/2272/421 1068/2273/421 1067/2274/421 1032/2275/421 1030/2276/421 1028/2277/421 1026/2278/421 1024/2279/421 1022/2280/421
f 1069/2245/531 1055/2227/523 1056/2230/523 1073/2246/531
f 1053/2281/535 1070/2250/533 1072/2249/533 1054/2282/535
f 1043/2283/420 1041/2284/420 1061/2285/420 1059/2286/420 1057/2287/420 1055/2288/420 1069/2289/420 1071/2290/420 1070/2291/420 1053/2292/420 1051/2293/420 1049/2294/420 1047/2295/420 1045/2296/420
f 1042/2297/421 1044/2298/421 1046/2299/421 1048/2300/421 1050/2301/421 1052/2302/421 1054/2303/421 1072/2304/421 1074/2305/421 1073/2306/421 1056/2307/421 1058/2308/421 1060/2309/421 1062/2310/421
o hammer
v -0.148120 -0.007255 0.066222
v -0.148120 -0.016427 0.056710
v -0.148120 -0.013741 0.063436
v -0.148120 -0.016427 0.025898
v -0.148120 -0.007248 0.016419
v -0.148120 -0.013739 0.019195
v -0.148120 0.016427 0.056710
v -0.148120 0.007255 0.066222
v -0.148120 0.013741 0.063436
v -0.148120 0.007248 0.016419
v -0.148120 0.016427 0.025898
v -0.148120 0.013739 0.019195
v -0.003367 -0.001135 0.053658
v -0.003367 -0.010464 0.043689
v -0.003367 -0.007731 0.050738
v -0.012405 -0.007207 0.062918
v -0.012405 -0.016427 0.053296
v -0.012405 -0.013727 0.060100
v -0.006014 -0.005395 0.060115
v -0.006014 -0.014680 0.050331
v -0.006014 -0.011961 0.057249
v -0.003367 -0.010464 0.031850
v -0.003367 -0.001124 0.021935
v -0.003367 -0.007728 0.024839
v -0.012405 -0.016427 0.022698
v -0.012405 -0.007199 0.013115
v -0.012405 -0.013724 0.015922
v -0.006014 -0.014680 0.025342
v -0.006014 -0.005385 0.015607
v -0.006014 -0.011958 0.018459
v -0.003367 0.010464 0.043689
v -0.003367 0.001135 0.053658
v -0.003367 0.007731 0.050738
v -0.012405 0.016427 0.053296
v -0.012405 0.007207 0.062918
v -0.012405 0.013727 0.060100
v -0.006014 0.014680 0.050331
v -0.006014 0.005395 0.060115
v -0.006014 0.011961 0.057249
v -0.003367 0.001124 0.021935
v -0.003367 0.010464 0.031850
v -0.003367 0.007728 0.024839
v -0.012405 0.007199 0.013115
v -0.012405 0.016427 0.022698
v -0.012405 0.013724 0.015922
v -0.006014 0.005385 0.015607
v -0.006014 0.014680 0.025342
v -0.006014 0.011958 0.018459
v -0.311015 -0.007283 0.066222
v -0.311015 -0.016427 0.056774
v -0.311015 -0.013749 0.063454
v -0.311015 -0.016427 0.029530
v -0.311015 -0.007276 0.020111
v -0.311015 -0.013747 0.022869
v -0.311015 0.007276 0.020111
v -0.311015 0.016427 0.029530
v -0.311015 0.013747 0.022869
v -0.311015 0.016427 0.056774
v -0.311015 0.007283 0.066222
v -0.311015 0.013749 0.063454
v -0.363559 -0.016427 0.056794
v -0.363559 -0.007291 0.066222
v -0.363559 -0.013751 0.063460
v -0.363559 -0.007285 0.022042
v -0.363559 -0.016427 0.031443
v -0.363559 -0.013749 0.024796
v -0.363559 0.016427 0.031443
v -0.363559 0.007285 0.022042
v -0.363559 0.013749 0.024796
v -0.363559 0.007291 0.066222
v -0.363559 0.016427 0.056794
v -0.363559 0.013751 0.063460
v -0.355322 -0.022957 0.069937
v -0.361295 -0.017011 0.069680
v -0.359546 -0.021215 0.069755
v -0.357231 -0.017011 0.002105
v -0.351261 -0.022957 0.002362
v -0.355482 -0.021215 0.002181
v -0.361295 0.017011 0.069680
v -0.355322 0.022957 0.069937
v -0.359546 0.021215 0.069755
v -0.351261 0.022957 0.002362
v -0.357231 0.017011 0.002105
v -0.355482 0.021215 0.002181
v -0.341616 -0.022957 0.144206
v -0.341872 -0.017011 0.150147
v -0.341797 -0.021215 0.148407
v -0.341616 0.022957 0.144206
v -0.341872 0.017011 0.150147
v -0.341797 0.021215 0.148407
v -0.345328 -0.022957 0.144000
v -0.346649 -0.017011 0.149942
v -0.346254 -0.021215 0.148215
v -0.351050 -0.017011 0.145922
v -0.349389 -0.021215 0.145331
v -0.349547 -0.017011 0.148695
v -0.348303 -0.021215 0.147334
v -0.345322 0.022957 0.144012
v -0.351050 0.017011 0.145922
v -0.349389 0.021215 0.145331
v -0.346649 0.017011 0.149942
v -0.346254 0.021215 0.148215
v -0.349547 0.017011 0.148695
v -0.348303 0.021215 0.147334
v -0.333971 -0.022957 -0.033378
v -0.333715 -0.017011 -0.039319
v -0.333790 -0.021215 -0.037579
v -0.333971 0.022957 -0.033378
v -0.333715 0.017011 -0.039319
v -0.333790 0.021215 -0.037579
v -0.348381 -0.022957 -0.032694
v -0.355485 -0.017011 -0.032674
v -0.353754 -0.021215 -0.032263
v -0.347825 -0.017011 -0.039743
v -0.347533 -0.021215 -0.037992
v -0.353090 -0.017011 -0.037764
v -0.351815 -0.021215 -0.036382
v -0.348381 0.022957 -0.032694
v -0.347825 0.017011 -0.039743
v -0.347533 0.021215 -0.037992
v -0.355485 0.017011 -0.032674
v -0.353754 0.021215 -0.032263
v -0.353090 0.017011 -0.037764
v -0.351815 0.021215 -0.036382
v -0.315605 -0.017011 0.071647
v -0.321578 -0.022957 0.071389
v -0.317354 -0.021215 0.071571
v -0.319817 -0.022957 0.003716
v -0.313847 -0.017011 0.003973
v -0.315595 -0.021215 0.003898
v -0.321578 0.022957 0.071389
v -0.315605 0.017011 0.071647
v -0.317354 0.021215 0.071571
v -0.313847 0.017011 0.003973
v -0.319817 0.022957 0.003716
v -0.315595 0.021215 0.003898
v -0.337899 -0.022957 0.144320
v -0.337094 -0.017011 0.150353
v -0.337339 -0.021215 0.148599
v -0.332364 -0.017011 0.146726
v -0.333967 -0.021215 0.145995
v -0.334100 -0.017011 0.149360
v -0.335222 -0.021215 0.147897
v -0.337907 0.022957 0.144331
v -0.332364 0.017011 0.146726
v -0.333967 0.021215 0.145995
v -0.337094 0.017011 0.150353
v -0.337339 0.021215 0.148599
v -0.334100 0.017011 0.149360
v -0.335222 0.021215 0.147897
v -0.319674 -0.022957 -0.031458
v -0.312597 -0.017011 -0.030828
v -0.314357 -0.021215 -0.030567
v -0.319622 -0.017011 -0.038529
v -0.320062 -0.021215 -0.036809
v -0.314546 -0.017011 -0.036104
v -0.315935 -0.021215 -0.034838
v -0.319674 0.022957 -0.031458
v -0.319622 0.017011 -0.038529
v -0.320062 0.021215 -0.036809
v -0.312597 0.017011 -0.030828
v -0.314357 0.021215 -0.030567
v -0.314546 0.017011 -0.036104
v -0.315935 0.021215 -0.034838
vn 0.7025 -0.1379 -0.6981
vn 0.9787 -0.0303 -0.2031
vn 0.9769 -0.1645 -0.1361
vn 0.6981 -0.5195 -0.4927
vn 0.9601 -0.2786 -0.0232
vn 0.6444 -0.7523 -0.1372
vn 0.9794 -0.0303 0.1996
vn 0.7189 -0.1360 0.6817
vn 0.7091 -0.5159 0.4807
vn 0.9773 -0.1640 0.1339
vn 0.6470 -0.7507 0.1335
vn 0.9602 -0.2785 0.0227
vn 0.1908 -0.2074 -0.9595
vn 0.2015 -0.6948 -0.6904
vn 0.1655 -0.9648 -0.2042
vn 0.2320 -0.2062 0.9506
vn 0.2305 -0.6928 0.6833
vn 0.1752 -0.9636 0.2020
vn 0.6444 0.7523 -0.1372
vn 0.9601 0.2786 -0.0232
vn 0.9769 0.1645 -0.1361
vn 0.6981 0.5195 -0.4927
vn 0.9787 0.0303 -0.2031
vn 0.7025 0.1379 -0.6981
vn 0.1655 0.9648 -0.2042
vn 0.2015 0.6948 -0.6904
vn 0.1908 0.2074 -0.9595
vn 0.7189 0.1360 0.6817
vn 0.9794 0.0303 0.1996
vn 0.9773 0.1640 0.1339
vn 0.7091 0.5159 0.4807
vn 0.9602 0.2785 0.0227
vn 0.6470 0.7507 0.1335
vn 0.2320 0.2062 0.9506
vn 0.2305 0.6928 0.6833
vn 0.1752 0.9636 0.2020
vn 0.0120 -0.2013 0.9795
vn 0.0087 -0.7148 0.6993
vn 0.0024 -0.9817 0.1902
vn -0.0229 -0.2008 -0.9794
vn -0.0162 -0.7153 -0.6986
vn -0.0044 -0.9819 -0.1894
vn 0.0024 0.9817 0.1902
vn 0.0087 0.7148 0.6993
vn 0.0120 0.2013 0.9795
vn -0.0044 0.9819 -0.1894
vn -0.0162 0.7153 -0.6986
vn -0.0229 0.2008 -0.9794
vn -0.0290 0.2000 -0.9794
vn -0.0207 0.7135 -0.7004
vn -0.0056 0.9816 -0.1908
vn -0.0000 0.2009 0.9796
vn 0.0001 0.7154 0.6987
vn 0.0001 0.9819 0.1894
vn -0.0000 -0.2009 0.9796
vn 0.0001 -0.7154 0.6987
vn 0.0001 -0.9819 0.1894
vn -0.0290 -0.2000 -0.9794
vn -0.0207 -0.7135 -0.7004
vn -0.0056 -0.9816 -0.1908
vn -0.0000 -0.2007 0.9796
vn 0.0001 -0.7151 0.6991
vn 0.0001 -0.9819 0.1896
vn -0.0359 -0.2009 -0.9790
vn -0.0254 -0.7184 -0.6951
vn -0.0068 -0.9825 -0.1860
vn 0.0001 0.9819 0.1896
vn 0.0001 0.7151 0.6991
vn -0.0000 0.2007 0.9796
vn -0.0068 0.9825 -0.1860
vn -0.0254 0.7184 -0.6951
vn -0.0359 0.2009 -0.9790
vn -1.0000 -0.0000 -0.0000
vn -0.9805 -0.1932 0.0352
vn -0.9791 -0.1961 -0.0540
vn -0.6968 -0.7162 -0.0400
vn -0.7172 -0.6964 0.0265
vn -0.1847 -0.9827 -0.0117
vn -0.2057 -0.9786 0.0086
vn -0.9791 0.1961 -0.0540
vn -0.9805 0.1932 0.0352
vn -0.7172 0.6964 0.0265
vn -0.6968 0.7162 -0.0400
vn -0.2056 0.9786 0.0086
vn -0.1847 0.9827 -0.0117
vn -0.1546 0.9738 0.1668
vn -0.6894 0.6889 0.2240
vn -0.4922 0.6834 0.5392
vn -0.9327 0.1929 0.3047
vn -0.6612 0.1970 0.7239
vn -0.1549 -0.9738 0.1662
vn -0.4921 -0.6835 0.5392
vn -0.6894 -0.6889 0.2241
vn -0.6612 -0.1970 0.7239
vn -0.9327 -0.1929 0.3047
vn -0.1614 0.6904 0.7052
vn -0.2185 0.1937 0.9564
vn -0.1614 -0.6906 0.7050
vn -0.2185 -0.1937 0.9564
vn -0.0422 -0.1951 0.9799
vn -0.0304 -0.7079 0.7057
vn -0.0084 -0.9807 0.1954
vn -0.0084 0.9807 0.1952
vn -0.0304 0.7077 0.7059
vn -0.0422 0.1951 0.9799
vn -0.1425 -0.9782 -0.1509
vn -0.6923 -0.7018 -0.1678
vn -0.4895 -0.6922 -0.5303
vn -0.9517 -0.1942 -0.2377
vn -0.6646 -0.1991 -0.7202
vn -0.1425 0.9782 -0.1509
vn -0.4895 0.6922 -0.5303
vn -0.6923 0.7018 -0.1678
vn -0.6646 0.1991 -0.7202
vn -0.9517 0.1942 -0.2377
vn -0.1140 -0.7007 -0.7043
vn -0.1609 -0.1938 -0.9677
vn -0.1140 0.7007 -0.7043
vn -0.1609 0.1938 -0.9677
vn 0.0079 -0.9828 -0.1843
vn 0.0299 -0.7199 -0.6934
vn 0.0422 -0.1948 -0.9799
vn 0.0079 0.9828 -0.1843
vn 0.0299 0.7199 -0.6934
vn 0.0422 0.1948 -0.9799
vn 0.2042 -0.9786 0.0262
vn 0.1851 -0.9827 0.0043
vn 0.6977 -0.7162 0.0201
vn 0.7123 -0.6964 0.0881
vn 0.9801 -0.1961 0.0303
vn 0.9739 -0.1932 0.1193
vn 0.1851 0.9827 0.0043
vn 0.2041 0.9786 0.0262
vn 0.7122 0.6964 0.0881
vn 0.6977 0.7162 0.0201
vn 0.9739 0.1932 0.1193
vn 0.9801 0.1961 0.0303
vn 0.5965 0.1970 0.7781
vn 0.9031 0.1929 0.3837
vn 0.6676 0.6889 0.2824
vn 0.4440 0.6834 0.5795
vn 0.1397 0.9738 0.1794
vn 0.9031 -0.1929 0.3837
vn 0.5965 -0.1970 0.7781
vn 0.4439 -0.6835 0.5795
vn 0.6676 -0.6889 0.2825
vn 0.1401 -0.9738 0.1789
vn 0.1355 0.1937 0.9717
vn 0.1002 0.6904 0.7165
vn 0.1355 -0.1937 0.9717
vn 0.1002 -0.6906 0.7163
vn 0.7240 -0.1991 -0.6604
vn 0.9686 -0.1942 -0.1550
vn 0.7042 -0.7018 -0.1076
vn 0.5333 -0.6922 -0.4862
vn 0.1550 -0.9782 -0.1381
vn 0.9686 0.1942 -0.1550
vn 0.7240 0.1991 -0.6604
vn 0.5333 0.6922 -0.4862
vn 0.7042 0.7018 -0.1076
vn 0.1550 0.9782 -0.1381
vn 0.2435 -0.1938 -0.9503
vn 0.1741 -0.7007 -0.6919
vn 0.2435 0.1938 -0.9503
vn 0.1741 0.7007 -0.6919
vt 0.897327 0.758444
vt 0.901454 0.764534
vt 0.895059 0.767346
vt 0.890963 0.761205
vt 0.892410 0.774134
vt 0.888327 0.767869
vt 0.901443 0.795248
vt 0.897318 0.801536
vt 0.890960 0.798761
vt 0.895056 0.792421
vt 0.888327 0.792063
vt 0.892410 0.785596
vt 0.975110 0.742309
vt 0.976866 0.748752
vt 0.970502 0.749099
vt 0.968792 0.742651
vt 0.925832 0.412248
vt 0.928452 0.406068
vt 0.935083 0.406309
vt 0.932359 0.412486
vt 0.862887 0.397583
vt 0.861133 0.403772
vt 0.854820 0.403772
vt 0.856530 0.397584
vt 0.966000 0.406956
vt 0.968594 0.413259
vt 0.961976 0.413186
vt 0.959271 0.406881
vt 0.916757 0.767869
vt 0.912674 0.774134
vt 0.910025 0.767346
vt 0.914121 0.761205
vt 0.903630 0.764534
vt 0.907757 0.758444
vt 0.887953 0.747342
vt 0.890678 0.753519
vt 0.884047 0.753760
vt 0.881427 0.747580
vt 0.995370 0.742651
vt 0.993660 0.749099
vt 0.987296 0.748752
vt 0.989052 0.742309
vt 0.907767 0.801536
vt 0.903641 0.795248
vt 0.910028 0.792421
vt 0.914124 0.798761
vt 0.912674 0.785596
vt 0.916757 0.792063
vt 0.875090 0.403772
vt 0.873336 0.397583
vt 0.879693 0.397584
vt 0.881403 0.403772
vt 0.924189 0.746569
vt 0.921595 0.752872
vt 0.914865 0.752947
vt 0.917571 0.746642
vt 0.861086 0.535184
vt 0.854806 0.535185
vt 0.968767 0.544646
vt 0.962225 0.544574
vt 0.975062 0.612340
vt 0.968778 0.612678
vt 0.925944 0.543633
vt 0.932399 0.543869
vt 0.917820 0.615253
vt 0.924362 0.615182
vt 0.881416 0.535185
vt 0.875137 0.535184
vt 0.887994 0.615959
vt 0.881539 0.616195
vt 0.995384 0.612678
vt 0.989099 0.612340
vt 0.989126 0.456308
vt 0.995392 0.456644
vt 0.881427 0.458502
vt 0.887842 0.458267
vt 0.875163 0.692915
vt 0.881424 0.692916
vt 0.920712 0.457573
vt 0.914213 0.457644
vt 0.861060 0.692915
vt 0.854799 0.692916
vt 0.965117 0.702255
vt 0.958618 0.702184
vt 0.975035 0.456308
vt 0.968770 0.456644
vt 0.925832 0.701326
vt 0.932247 0.701560
vt 0.861051 0.743794
vt 0.854796 0.743794
vt 0.963939 0.753094
vt 0.957455 0.753023
vt 0.975026 0.406068
vt 0.968767 0.406403
vt 0.926513 0.752209
vt 0.932915 0.752443
vt 0.913049 0.406804
vt 0.919534 0.406734
vt 0.881427 0.743794
vt 0.875172 0.743794
vt 0.888510 0.407385
vt 0.882108 0.407619
vt 0.995394 0.406403
vt 0.989135 0.406068
vt 0.852569 0.758317
vt 0.855161 0.751940
vt 0.861420 0.749298
vt 0.875529 0.749298
vt 0.881788 0.751940
vt 0.884381 0.758317
vt 0.884381 0.782642
vt 0.881790 0.789038
vt 0.875535 0.791687
vt 0.861414 0.791687
vt 0.855159 0.789038
vt 0.852569 0.782642
vt 0.699459 0.526911
vt 0.699459 0.445203
vt 0.704548 0.445008
vt 0.704548 0.526716
vt 0.755636 0.490893
vt 0.754214 0.572815
vt 0.749170 0.572837
vt 0.750590 0.490914
vt 0.658280 0.445203
vt 0.658280 0.526911
vt 0.653191 0.526716
vt 0.653191 0.445008
vt 0.808460 0.447157
vt 0.809882 0.529079
vt 0.804836 0.529057
vt 0.803416 0.447135
vt 0.788926 0.618108
vt 0.793706 0.619936
vt 0.792290 0.622302
vt 0.653191 0.617929
vt 0.653191 0.615703
vt 0.658280 0.616683
vt 0.658280 0.619764
vt 0.734687 0.401878
vt 0.738043 0.397670
vt 0.739459 0.400036
vt 0.704548 0.615703
vt 0.704548 0.617929
vt 0.699459 0.619764
vt 0.699459 0.616683
vt 0.789768 0.623261
vt 0.609105 0.621601
vt 0.611585 0.621601
vt 0.613089 0.626691
vt 0.609582 0.626691
vt 0.735521 0.396711
vt 0.611585 0.672959
vt 0.609105 0.672959
vt 0.609582 0.667869
vt 0.613089 0.667869
vt 0.603799 0.667869
vt 0.603709 0.672959
vt 0.730123 0.396711
vt 0.730190 0.401822
vt 0.784436 0.618150
vt 0.784370 0.623261
vt 0.603709 0.621601
vt 0.603799 0.626691
vt 0.747499 0.615376
vt 0.753903 0.614553
vt 0.751773 0.619636
vt 0.704548 0.398160
vt 0.704548 0.403416
vt 0.699459 0.403205
vt 0.699459 0.396711
vt 0.801745 0.404596
vt 0.806019 0.400337
vt 0.808149 0.405419
vt 0.653191 0.403416
vt 0.653191 0.398160
vt 0.658280 0.396711
vt 0.658280 0.403205
vt 0.746681 0.621805
vt 0.626107 0.672966
vt 0.621210 0.672966
vt 0.619469 0.667877
vt 0.625491 0.667877
vt 0.800927 0.398167
vt 0.621210 0.621609
vt 0.626107 0.621609
vt 0.625491 0.626698
vt 0.619469 0.626698
vt 0.730119 0.616953
vt 0.730049 0.622021
vt 0.642672 0.672966
vt 0.642497 0.667877
vt 0.784365 0.403019
vt 0.784295 0.397951
vt 0.642672 0.621609
vt 0.642497 0.626698
vt 0.709731 0.490915
vt 0.711096 0.572837
vt 0.705916 0.572815
vt 0.704548 0.490893
vt 0.594688 0.522694
vt 0.594688 0.440761
vt 0.599777 0.440822
vt 0.599777 0.522755
vt 0.765342 0.447135
vt 0.763978 0.529057
vt 0.758794 0.529079
vt 0.760162 0.447157
vt 0.646045 0.440761
vt 0.646045 0.522694
vt 0.640956 0.522755
vt 0.640956 0.440822
vt 0.640956 0.617127
vt 0.640956 0.613910
vt 0.646045 0.613052
vt 0.646045 0.615376
vt 0.776449 0.622302
vt 0.775032 0.619936
vt 0.779947 0.618108
vt 0.599777 0.613910
vt 0.599777 0.617127
vt 0.594688 0.615376
vt 0.594688 0.613052
vt 0.720785 0.400036
vt 0.722203 0.397670
vt 0.725692 0.401878
vt 0.598017 0.626691
vt 0.594393 0.626691
vt 0.595751 0.621601
vt 0.598313 0.621601
vt 0.778972 0.623261
vt 0.594393 0.667869
vt 0.598017 0.667869
vt 0.598313 0.672959
vt 0.595751 0.672959
vt 0.724725 0.396711
vt 0.599777 0.392330
vt 0.599777 0.398683
vt 0.594688 0.399029
vt 0.594688 0.393888
vt 0.708327 0.619636
vt 0.706200 0.614554
vt 0.712739 0.615376
vt 0.640956 0.398683
vt 0.640956 0.392330
vt 0.646045 0.393888
vt 0.646045 0.399029
vt 0.760446 0.405419
vt 0.762573 0.400336
vt 0.766985 0.404596
vt 0.659541 0.667877
vt 0.666004 0.667877
vt 0.664529 0.672966
vt 0.659273 0.672966
vt 0.713417 0.621805
vt 0.666004 0.626698
vt 0.659541 0.626698
vt 0.659273 0.621609
vt 0.664529 0.621609
vt 0.767663 0.398167
s 1
usemtl instruments
f 1103/2311/536 1097/2312/537 1098/2313/538 1104/2314/539
f 1104/2314/539 1098/2313/538 1096/2315/540 1102/2316/541
f 1087/2317/542 1093/2318/543 1095/2319/544 1089/2320/545
f 1089/2320/545 1095/2319/544 1094/2321/546 1088/2322/547
f 1100/2323/548 1103/2324/536 1104/2325/539 1101/2326/549
f 1101/2327/549 1104/2328/539 1102/2329/541 1099/2330/550
f 1093/2331/543 1090/2332/551 1092/2333/552 1095/2334/544
f 1095/2335/544 1092/2336/552 1091/2337/553 1094/2338/546
f 1121/2339/554 1115/2340/555 1116/2341/556 1122/2342/557
f 1122/2342/557 1116/2341/556 1114/2343/558 1120/2344/559
f 1118/2345/560 1121/2346/554 1122/2347/557 1119/2348/561
f 1119/2349/561 1122/2350/557 1120/2351/559 1117/2352/562
f 1112/2353/563 1106/2354/564 1107/2355/565 1113/2356/566
f 1113/2356/566 1107/2355/565 1105/2357/567 1111/2358/568
f 1109/2359/569 1112/2360/563 1113/2361/566 1110/2362/570
f 1110/2363/570 1113/2364/566 1111/2365/568 1108/2366/571
f 1090/2332/551 1075/2367/572 1077/2368/573 1092/2333/552
f 1092/2336/552 1077/2369/573 1076/2370/574 1091/2337/553
f 1079/2371/575 1100/2323/548 1101/2326/549 1080/2372/576
f 1080/2373/576 1101/2327/549 1099/2330/550 1078/2374/577
f 1108/2366/571 1081/2375/578 1083/2376/579 1110/2363/570
f 1110/2362/570 1083/2377/579 1082/2378/580 1109/2359/569
f 1085/2379/581 1118/2345/560 1119/2348/561 1086/2380/582
f 1086/2381/582 1119/2349/561 1117/2352/562 1084/2382/583
f 1084/2382/583 1129/2383/584 1131/2384/585 1086/2381/582
f 1086/2380/582 1131/2385/585 1130/2386/586 1085/2379/581
f 1133/2387/587 1082/2378/580 1083/2377/579 1134/2388/588
f 1134/2389/588 1083/2376/579 1081/2375/578 1132/2390/589
f 1075/2367/572 1123/2391/590 1125/2392/591 1077/2368/573
f 1077/2369/573 1125/2393/591 1124/2394/592 1076/2370/574
f 1127/2395/593 1079/2371/575 1080/2372/576 1128/2396/594
f 1128/2397/594 1080/2373/576 1078/2374/577 1126/2398/595
f 1123/2391/590 1136/2399/596 1137/2400/597 1125/2392/591
f 1125/2393/591 1137/2401/597 1135/2402/598 1124/2394/592
f 1138/2403/599 1127/2395/593 1128/2396/594 1140/2404/600
f 1140/2405/600 1128/2397/594 1126/2398/595 1139/2406/601
f 1132/2390/589 1145/2407/602 1146/2408/603 1134/2389/588
f 1134/2388/588 1146/2409/603 1144/2410/604 1133/2387/587
f 1141/2411/605 1130/2386/586 1131/2385/585 1143/2412/606
f 1143/2413/606 1131/2384/585 1129/2383/584 1142/2414/607
f 1078/2374/577 1076/2370/574 1124/2394/592 1126/2398/595
f 1091/2337/553 1076/2370/574 1078/2374/577 1099/2330/550
f 1075/2367/572 1082/2378/580 1133/2387/587 1123/2391/590
f 1109/2359/569 1082/2378/580 1075/2367/572 1090/2332/551
f 1100/2323/548 1079/2371/575 1084/2382/583 1117/2352/562
f 1084/2382/583 1079/2371/575 1127/2395/593 1129/2383/584
f 1118/2345/560 1085/2379/581 1081/2375/578 1108/2366/571
f 1081/2375/578 1085/2379/581 1130/2386/586 1132/2390/589
f 1096/2315/540 1098/2313/538 1097/2312/537 1114/2343/558 1116/2341/556 1115/2340/555 1105/2357/567 1107/2355/565 1106/2354/564 1087/2317/542 1089/2320/545 1088/2322/547
f 1096/2315/540 1088/2322/547 1094/2321/546 1102/2316/541
f 1087/2317/542 1106/2354/564 1112/2353/563 1093/2318/543
f 1093/2331/543 1112/2360/563 1109/2359/569 1090/2332/551
f 1102/2329/541 1094/2338/546 1091/2337/553 1099/2330/550
f 1114/2343/558 1097/2312/537 1103/2311/536 1120/2344/559
f 1120/2351/559 1103/2324/536 1100/2323/548 1117/2352/562
f 1105/2357/567 1115/2340/555 1121/2339/554 1111/2358/568
f 1111/2365/568 1121/2346/554 1118/2345/560 1108/2366/571
f 1123/2391/590 1133/2387/587 1144/2410/604 1136/2399/596
f 1126/2398/595 1124/2394/592 1135/2402/598 1139/2406/601
f 1129/2383/584 1127/2395/593 1138/2403/599 1142/2414/607
f 1132/2390/589 1130/2386/586 1141/2411/605 1145/2407/602
f 1141/2415/608 1143/2416/608 1142/2417/608 1138/2418/608 1140/2419/608 1139/2420/608 1135/2421/608 1137/2422/608 1136/2423/608 1144/2424/608 1146/2425/608 1145/2426/608
f 1148/2427/609 1150/2428/610 1152/2429/611 1149/2430/612
f 1149/2431/612 1152/2432/611 1151/2433/613 1147/2434/614
f 1157/2435/615 1153/2436/616 1155/2437/617 1158/2438/618
f 1158/2439/618 1155/2440/617 1154/2441/619 1156/2442/620
f 1172/2443/621 1174/2444/622 1178/2445/623
f 1178/2446/623 1174/2447/622 1173/2448/624 1177/2449/625
f 1165/2450/626 1171/2451/627 1169/2452/628
f 1169/2453/628 1171/2454/627 1170/2455/629 1168/2456/630
f 1172/2443/621 1178/2445/623 1176/2457/631
f 1176/2458/631 1178/2459/623 1177/2460/625 1175/2461/632
f 1165/2450/626 1167/2462/633 1171/2451/627
f 1171/2463/627 1167/2464/633 1166/2465/634 1170/2466/629
f 1168/2456/630 1148/2427/609 1149/2430/612 1169/2453/628
f 1169/2452/628 1149/2431/612 1147/2434/614 1165/2450/626
f 1160/2467/635 1166/2465/634 1167/2464/633 1161/2468/636
f 1161/2469/636 1167/2462/633 1165/2450/626 1159/2470/637
f 1162/2471/638 1172/2443/621 1176/2457/631 1164/2472/639
f 1164/2473/639 1176/2458/631 1175/2461/632 1163/2474/640
f 1172/2443/621 1154/2441/619 1155/2440/617 1174/2444/622
f 1174/2447/622 1155/2437/617 1153/2436/616 1173/2448/624
f 1185/2475/641 1187/2476/642 1191/2477/643
f 1191/2478/643 1187/2479/642 1186/2480/644 1190/2481/645
f 1192/2482/646 1198/2483/647 1196/2484/648
f 1196/2485/648 1198/2486/647 1197/2487/649 1195/2488/650
f 1185/2475/641 1191/2477/643 1189/2489/651
f 1189/2490/651 1191/2491/643 1190/2492/645 1188/2493/652
f 1192/2482/646 1194/2494/653 1198/2483/647
f 1198/2495/647 1194/2496/653 1193/2497/654 1197/2498/649
f 1185/2475/641 1151/2433/613 1152/2432/611 1187/2476/642
f 1187/2479/642 1152/2429/611 1150/2428/610 1186/2480/644
f 1156/2442/620 1192/2482/646 1196/2484/648 1158/2439/618
f 1158/2438/618 1196/2485/648 1195/2488/650 1157/2435/615
f 1179/2499/655 1185/2475/641 1189/2489/651 1181/2500/656
f 1181/2501/656 1189/2490/651 1188/2493/652 1180/2502/657
f 1192/2482/646 1182/2503/658 1184/2504/659 1194/2494/653
f 1194/2496/653 1184/2505/659 1183/2506/660 1193/2497/654
f 1200/2507/661 1202/2508/662 1204/2509/663 1201/2510/664
f 1201/2511/664 1204/2512/663 1203/2513/665 1199/2514/666
f 1209/2515/667 1205/2516/668 1207/2517/669 1210/2518/670
f 1210/2519/670 1207/2520/669 1206/2521/671 1208/2522/672
f 1223/2523/673 1219/2524/674 1220/2525/675 1224/2526/676
f 1224/2527/676 1220/2528/675 1218/2529/677
f 1214/2530/678 1216/2531/679 1217/2532/680 1215/2533/681
f 1215/2534/681 1217/2535/680 1211/2536/682
f 1221/2537/683 1223/2538/673 1224/2539/676 1222/2540/684
f 1222/2541/684 1224/2527/676 1218/2529/677
f 1216/2542/679 1212/2543/685 1213/2544/686 1217/2545/680
f 1217/2535/680 1213/2546/686 1211/2536/682
f 1211/2536/682 1200/2507/661 1201/2510/664 1215/2534/681
f 1215/2533/681 1201/2511/664 1199/2514/666 1214/2530/678
f 1159/2470/637 1211/2536/682 1213/2546/686 1161/2469/636
f 1161/2468/636 1213/2544/686 1212/2543/685 1160/2467/635
f 1163/2474/640 1221/2537/683 1222/2540/684 1164/2473/639
f 1164/2472/639 1222/2541/684 1218/2529/677 1162/2471/638
f 1219/2524/674 1206/2521/671 1207/2520/669 1220/2525/675
f 1220/2528/675 1207/2517/669 1205/2516/668 1218/2529/677
f 1230/2547/687 1226/2548/688 1227/2549/689 1231/2550/690
f 1231/2551/690 1227/2552/689 1225/2553/691
f 1235/2554/692 1237/2555/693 1238/2556/694 1236/2557/695
f 1236/2558/695 1238/2559/694 1232/2560/696
f 1228/2561/697 1230/2562/687 1231/2563/690 1229/2564/698
f 1229/2565/698 1231/2551/690 1225/2553/691
f 1237/2566/693 1233/2567/699 1234/2568/700 1238/2569/694
f 1238/2559/694 1234/2570/700 1232/2560/696
f 1226/2548/688 1203/2513/665 1204/2512/663 1227/2549/689
f 1227/2552/689 1204/2509/663 1202/2508/662 1225/2553/691
f 1208/2522/672 1235/2554/692 1236/2557/695 1210/2519/670
f 1210/2518/670 1236/2558/695 1232/2560/696 1209/2515/667
f 1180/2502/657 1228/2561/697 1229/2564/698 1181/2501/656
f 1181/2500/656 1229/2565/698 1225/2553/691 1179/2499/655
f 1233/2567/699 1183/2506/660 1184/2505/659 1234/2568/700
f 1234/2570/700 1184/2504/659 1182/2503/658 1232/2560/696
f 1157/2435/615 1150/2428/610 1148/2427/609 1153/2436/616
f 1153/2436/616 1148/2427/609 1168/2456/630 1173/2448/624
f 1151/2433/613 1202/2508/662 1200/2507/661 1147/2434/614
f 1150/2428/610 1157/2435/615 1195/2488/650 1186/2480/644
f 1154/2441/619 1205/2516/668 1209/2515/667 1156/2442/620
f 1162/2471/638 1218/2529/677 1205/2516/668 1154/2441/619 1172/2443/621
f 1163/2474/640 1160/2467/635 1212/2543/685 1221/2537/683
f 1163/2474/640 1175/2461/632 1166/2465/634 1160/2467/635
f 1177/2460/625 1170/2466/629 1166/2465/634 1175/2461/632
f 1173/2448/624 1168/2456/630 1170/2455/629 1177/2449/625
f 1180/2502/657 1183/2506/660 1233/2567/699 1228/2561/697
f 1180/2502/657 1188/2493/652 1193/2497/654 1183/2506/660
f 1186/2480/644 1195/2488/650 1197/2487/649 1190/2481/645
f 1190/2492/645 1197/2498/649 1193/2497/654 1188/2493/652
f 1208/2522/672 1206/2521/671 1199/2514/666 1203/2513/665
f 1206/2521/671 1219/2524/674 1214/2530/678 1199/2514/666
f 1203/2513/665 1226/2548/688 1235/2554/692 1208/2522/672
f 1223/2538/673 1221/2537/683 1212/2543/685 1216/2542/679
f 1219/2524/674 1223/2523/673 1216/2531/679 1214/2530/678
f 1226/2548/688 1230/2547/687 1237/2555/693 1235/2554/692
f 1230/2562/687 1228/2561/697 1233/2567/699 1237/2566/693
f 1200/2507/661 1211/2536/682 1159/2470/637 1165/2450/626 1147/2434/614
f 1179/2499/655 1225/2553/691 1202/2508/662 1151/2433/613 1185/2475/641
f 1209/2515/667 1232/2560/696 1182/2503/658 1192/2482/646 1156/2442/620
o micrometer_
v -0.065939 0.000000 0.168907
v -0.256810 0.015193 0.185089
v -0.131172 0.000000 0.168907
v -0.065939 0.017929 0.176333
v -0.250324 0.015193 0.187775
v -0.131172 0.017929 0.176333
v -0.065939 0.025355 0.194262
v -0.247637 0.015193 0.194262
v -0.131172 0.025355 0.194262
v -0.065939 0.017929 0.212191
v -0.250324 0.015193 0.200749
v -0.131172 0.017929 0.212191
v -0.065939 0.000000 0.219617
v -0.256810 0.015193 0.203435
v -0.131172 0.000000 0.219617
v -0.065939 -0.017929 0.212191
v -0.263297 0.015193 0.200749
v -0.131172 -0.017929 0.212191
v -0.065939 -0.025355 0.194262
v -0.265984 0.015193 0.194262
v -0.131172 -0.025355 0.194262
v -0.065939 -0.017929 0.176333
v -0.263297 0.015193 0.187775
v -0.131172 -0.017929 0.176333
v -0.065939 0.000000 0.167575
v -0.065939 0.018870 0.175392
v -0.065939 0.026687 0.194262
v -0.065939 0.018870 0.213132
v -0.065939 0.000000 0.220949
v -0.065939 -0.018870 0.213132
v -0.065939 -0.026687 0.194262
v -0.065939 -0.018870 0.175392
v -0.038615 0.000000 0.173648
v -0.038615 0.014576 0.179686
v -0.038615 0.020614 0.194262
v -0.038615 0.014576 0.208838
v -0.038615 0.000000 0.214876
v -0.038615 -0.014576 0.208838
v -0.038615 -0.020614 0.194262
v -0.038615 -0.014576 0.179686
v -0.038615 0.000000 0.167575
v -0.038615 0.018870 0.175392
v -0.038615 0.026687 0.194262
v -0.038615 0.018870 0.213132
v -0.038615 0.000000 0.220949
v -0.038615 -0.018870 0.213132
v -0.038615 -0.026687 0.194262
v -0.038615 -0.018870 0.175392
v -0.015494 0.000000 0.181808
v -0.023033 0.000000 0.173648
v -0.017702 0.000000 0.176038
v -0.023033 0.014576 0.179686
v -0.015494 0.008806 0.185456
v -0.017702 0.012886 0.181376
v -0.023033 0.020614 0.194262
v -0.015494 0.012454 0.194262
v -0.017702 0.018224 0.194262
v -0.023033 0.014576 0.208838
v -0.015494 0.008806 0.203068
v -0.017702 0.012886 0.207148
v -0.023033 0.000000 0.214876
v -0.015494 0.000000 0.206716
v -0.017702 0.000000 0.212486
v -0.023033 -0.014576 0.208838
v -0.015494 -0.008806 0.203068
v -0.017702 -0.012886 0.207148
v -0.023033 -0.020614 0.194262
v -0.015494 -0.012454 0.194262
v -0.017702 -0.018224 0.194262
v -0.023033 -0.014576 0.179686
v -0.015494 -0.008806 0.185456
v -0.017702 -0.012886 0.181376
v -0.150891 0.000000 0.168907
v -0.150891 0.017929 0.176333
v -0.150891 0.025355 0.194262
v -0.150891 0.017929 0.212191
v -0.150891 0.000000 0.219617
v -0.150891 -0.017929 0.212191
v -0.150891 -0.025355 0.194262
v -0.150891 -0.017929 0.176333
v -0.173133 0.000000 0.168907
v -0.173133 0.017929 0.176333
v -0.173133 0.025355 0.194262
v -0.173133 0.017929 0.212191
v -0.173133 0.000000 0.219617
v -0.173133 -0.017929 0.212191
v -0.173133 -0.025355 0.194262
v -0.173133 -0.017929 0.176333
v -0.131172 0.000000 0.168146
v -0.131172 0.018467 0.175795
v -0.131172 0.026116 0.194262
v -0.131172 0.018467 0.212729
v -0.131172 0.000000 0.220378
v -0.131172 -0.018467 0.212729
v -0.131172 -0.026116 0.194262
v -0.131172 -0.018467 0.175795
v -0.150891 0.000000 0.168146
v -0.150891 0.018467 0.175795
v -0.150891 0.026116 0.194262
v -0.150891 0.018467 0.212729
v -0.150891 0.000000 0.220378
v -0.150891 -0.018467 0.212729
v -0.150891 -0.026116 0.194262
v -0.150891 -0.018467 0.175795
v -0.186137 0.000000 0.173988
v -0.186137 0.014336 0.179926
v -0.186137 0.020274 0.194262
v -0.186137 0.014336 0.208598
v -0.186137 0.000000 0.214536
v -0.186137 -0.014336 0.208598
v -0.186137 -0.020274 0.194262
v -0.186137 -0.014336 0.179926
v -0.186137 0.015541 0.178721
v -0.186137 0.000000 0.172284
v -0.186137 0.021978 0.194262
v -0.186137 0.015541 0.209803
v -0.186137 0.000000 0.216240
v -0.186137 -0.015541 0.209803
v -0.186137 -0.021978 0.194262
v -0.186137 -0.015541 0.178721
v -0.230457 0.000000 0.173988
v -0.230457 0.014336 0.179926
v -0.230457 0.020274 0.194262
v -0.230457 0.014336 0.208598
v -0.230457 0.000000 0.214536
v -0.230457 -0.014336 0.208598
v -0.230457 -0.020274 0.194262
v -0.230457 -0.014336 0.179926
v -0.230457 0.000000 0.168569
v -0.230457 0.018168 0.176094
v -0.230457 0.025693 0.194262
v -0.230457 0.018168 0.212430
v -0.230457 0.000000 0.219955
v -0.230457 -0.018168 0.212430
v -0.230457 -0.025693 0.194262
v -0.230457 -0.018168 0.176094
v -0.283163 0.000000 0.184411
v -0.283163 0.006966 0.187296
v -0.283163 0.009851 0.194262
v -0.283163 0.006966 0.201228
v -0.283163 0.000000 0.204113
v -0.283163 -0.006966 0.201228
v -0.283163 -0.009851 0.194262
v -0.283163 -0.006966 0.187296
v -0.283163 0.018168 0.176094
v -0.283163 0.000000 0.168569
v -0.283163 0.025693 0.194262
v -0.283163 0.018168 0.212430
v -0.283163 0.000000 0.219955
v -0.283163 -0.018168 0.212430
v -0.283163 -0.025693 0.194262
v -0.283163 -0.018168 0.176094
v -0.313259 0.000000 0.184411
v -0.313259 0.006966 0.187296
v -0.313259 0.009851 0.194262
v -0.313259 0.006966 0.201228
v -0.313259 0.000000 0.204113
v -0.313259 -0.006966 0.201228
v -0.313259 -0.009851 0.194262
v -0.313259 -0.006966 0.187296
v -0.348638 0.000000 0.184411
v -0.348638 0.006966 0.187296
v -0.348638 0.009851 0.194262
v -0.348638 0.006966 0.201228
v -0.348638 0.000000 0.204113
v -0.348638 -0.006966 0.201228
v -0.348638 -0.009851 0.194262
v -0.348638 -0.006966 0.187296
v -0.359529 0.000000 0.184411
v -0.359529 0.006966 0.187296
v -0.359529 0.009851 0.194262
v -0.359529 0.006966 0.201228
v -0.359529 0.000000 0.204113
v -0.359529 -0.006966 0.201228
v -0.359529 -0.009851 0.194262
v -0.359529 -0.006966 0.187296
v -0.359529 0.000000 0.206534
v -0.359529 0.008678 0.202940
v -0.359529 0.012272 0.194262
v -0.359529 0.008678 0.185584
v -0.359529 0.000000 0.181990
v -0.359529 -0.008678 0.202940
v -0.359529 -0.012272 0.194262
v -0.359529 -0.008678 0.185584
v -0.400195 0.000000 0.206534
v -0.400195 0.008678 0.202940
v -0.400195 0.012272 0.194262
v -0.400195 0.008678 0.185584
v -0.400195 0.000000 0.181990
v -0.400195 -0.008678 0.202940
v -0.400195 -0.012272 0.194262
v -0.400195 -0.008678 0.185584
v -0.231837 0.005250 0.255600
v -0.233070 0.005250 0.240188
v -0.235529 0.005250 0.228454
v -0.235529 0.005250 0.224200
v -0.234979 0.005250 0.222007
v -0.233831 0.005250 0.272318
v -0.239847 0.005250 0.290057
v -0.247673 0.005250 0.304328
v -0.259778 0.005250 0.318272
v -0.277297 0.005250 0.330566
v -0.296534 0.005250 0.337953
v -0.316630 0.005250 0.341199
v -0.331167 0.005250 0.340893
v -0.349610 0.005250 0.336897
v -0.369861 0.005250 0.327078
v -0.388590 0.005250 0.309578
v -0.400574 0.005250 0.288529
v -0.405950 0.005250 0.268561
v -0.406719 0.005250 0.248731
v -0.403671 0.005250 0.232616
v -0.394618 0.005250 0.212957
v -0.394618 0.005250 0.209068
v -0.395319 0.005250 0.206224
v -0.276418 0.005250 0.222007
v -0.276032 0.005250 0.223052
v -0.274810 0.005250 0.228553
v -0.274690 0.005250 0.237184
v -0.277169 0.005250 0.249109
v -0.284110 0.005250 0.262637
v -0.294585 0.005250 0.273231
v -0.306563 0.005250 0.278741
v -0.319632 0.005250 0.280760
v -0.331720 0.005250 0.278983
v -0.343512 0.005250 0.274502
v -0.354286 0.005250 0.266451
v -0.362025 0.005250 0.256212
v -0.366993 0.005250 0.242727
v -0.368025 0.005250 0.224504
v -0.367558 0.005250 0.215529
v -0.365317 0.005250 0.206211
v -0.365355 0.005250 0.206294
v -0.231837 -0.005250 0.255600
v -0.233070 -0.005250 0.240188
v -0.235529 -0.005250 0.228454
v -0.235529 -0.005250 0.224200
v -0.234979 -0.005250 0.222007
v -0.233831 -0.005250 0.272318
v -0.239847 -0.005250 0.290057
v -0.247673 -0.005250 0.304328
v -0.259778 -0.005250 0.318272
v -0.277297 -0.005250 0.330566
v -0.296534 -0.005250 0.337953
v -0.316630 -0.005250 0.341199
v -0.331167 -0.005250 0.340893
v -0.349610 -0.005250 0.336897
v -0.369861 -0.005250 0.327078
v -0.388590 -0.005250 0.309578
v -0.400574 -0.005250 0.288529
v -0.405950 -0.005250 0.268561
v -0.406719 -0.005250 0.248731
v -0.403671 -0.005250 0.232616
v -0.394618 -0.005250 0.212957
v -0.394618 -0.005250 0.209068
v -0.395319 -0.005250 0.206224
v -0.276418 -0.005250 0.222007
v -0.276032 -0.005250 0.223052
v -0.274810 -0.005250 0.228553
v -0.274690 -0.005250 0.237184
v -0.277169 -0.005250 0.249109
v -0.284110 -0.005250 0.262637
v -0.294585 -0.005250 0.273231
v -0.306563 -0.005250 0.278741
v -0.319632 -0.005250 0.280760
v -0.331720 -0.005250 0.278983
v -0.343512 -0.005250 0.274502
v -0.354286 -0.005250 0.266451
v -0.362025 -0.005250 0.256212
v -0.366993 -0.005250 0.242727
v -0.368025 -0.005250 0.224504
v -0.367558 -0.005250 0.215529
v -0.365317 -0.005250 0.206211
v -0.365355 -0.005250 0.206294
v -0.230742 0.005250 0.273018
v -0.236952 0.005250 0.291330
v -0.229946 0.005250 0.239738
v -0.228672 0.005250 0.255661
v -0.232379 0.005250 0.228127
v -0.232379 0.005250 0.224589
v -0.230941 0.005250 0.218857
v -0.245073 0.005250 0.306139
v -0.257653 0.005250 0.320629
v -0.275805 0.005250 0.333368
v -0.295709 0.005250 0.341011
v -0.316410 0.005250 0.344355
v -0.331537 0.005250 0.344036
v -0.350645 0.005250 0.339896
v -0.371664 0.005250 0.329705
v -0.391091 0.005250 0.311552
v -0.403511 0.005250 0.289737
v -0.409084 0.005250 0.269037
v -0.409880 0.005250 0.248496
v -0.406694 0.005250 0.231650
v -0.397768 0.005250 0.212266
v -0.397768 0.005250 0.209451
v -0.399342 0.005250 0.203064
v -0.280941 0.005250 0.218857
v -0.279061 0.005250 0.223944
v -0.277955 0.005250 0.228920
v -0.277844 0.005250 0.236882
v -0.280167 0.005250 0.248050
v -0.286691 0.005250 0.260767
v -0.296422 0.005250 0.270608
v -0.307480 0.005250 0.275695
v -0.319643 0.005250 0.277575
v -0.330922 0.005250 0.275916
v -0.341980 0.005250 0.271714
v -0.352043 0.005250 0.264195
v -0.359231 0.005250 0.254685
v -0.363875 0.005250 0.242079
v -0.364870 0.005250 0.224497
v -0.364428 0.005250 0.215982
v -0.362327 0.005250 0.207247
v -0.360447 0.005250 0.203155
v -0.230742 -0.005250 0.273018
v -0.236952 -0.005250 0.291330
v -0.229946 -0.005250 0.239738
v -0.228672 -0.005250 0.255661
v -0.232379 -0.005250 0.228127
v -0.232379 -0.005250 0.224589
v -0.230941 -0.005250 0.218857
v -0.245073 -0.005250 0.306139
v -0.257653 -0.005250 0.320629
v -0.275805 -0.005250 0.333368
v -0.295709 -0.005250 0.341011
v -0.316410 -0.005250 0.344355
v -0.331537 -0.005250 0.344036
v -0.350645 -0.005250 0.339896
v -0.371664 -0.005250 0.329705
v -0.391091 -0.005250 0.311552
v -0.403511 -0.005250 0.289737
v -0.409084 -0.005250 0.269037
v -0.409880 -0.005250 0.248496
v -0.406694 -0.005250 0.231650
v -0.397768 -0.005250 0.212266
v -0.397768 -0.005250 0.209451
v -0.399342 -0.005250 0.203064
v -0.280941 -0.005250 0.218857
v -0.279061 -0.005250 0.223944
v -0.277955 -0.005250 0.228920
v -0.277844 -0.005250 0.236882
v -0.280167 -0.005250 0.248050
v -0.286691 -0.005250 0.260767
v -0.296422 -0.005250 0.270608
v -0.307480 -0.005250 0.275695
v -0.319643 -0.005250 0.277575
v -0.330922 -0.005250 0.275916
v -0.341980 -0.005250 0.271714
v -0.352043 -0.005250 0.264195
v -0.359231 -0.005250 0.254685
v -0.363875 -0.005250 0.242079
v -0.364870 -0.005250 0.224497
v -0.364428 -0.005250 0.215982
v -0.362327 -0.005250 0.207247
v -0.360447 -0.005250 0.203155
v -0.233831 0.003150 0.272318
v -0.239847 0.003150 0.290057
v -0.233070 0.003150 0.240188
v -0.231837 0.003150 0.255600
v -0.235529 0.003150 0.228454
v -0.235529 0.003150 0.224200
v -0.234979 0.003150 0.222007
v -0.247673 0.003150 0.304328
v -0.259778 0.003150 0.318272
v -0.277297 0.003150 0.330566
v -0.296534 0.003150 0.337953
v -0.316630 0.003150 0.341199
v -0.331167 0.003150 0.340893
v -0.349610 0.003150 0.336897
v -0.369861 0.003150 0.327078
v -0.388590 0.003150 0.309578
v -0.400574 0.003150 0.288529
v -0.405950 0.003150 0.268561
v -0.406719 0.003150 0.248731
v -0.403671 0.003150 0.232616
v -0.394618 0.003150 0.212957
v -0.394618 0.003150 0.209068
v -0.395319 0.003150 0.206224
v -0.276418 0.003150 0.222007
v -0.276032 0.003150 0.223052
v -0.274810 0.003150 0.228553
v -0.274690 0.003150 0.237184
v -0.277169 0.003150 0.249109
v -0.284110 0.003150 0.262637
v -0.294585 0.003150 0.273231
v -0.306563 0.003150 0.278741
v -0.319632 0.003150 0.280760
v -0.331720 0.003150 0.278983
v -0.343512 0.003150 0.274502
v -0.354286 0.003150 0.266451
v -0.362025 0.003150 0.256212
v -0.366993 0.003150 0.242727
v -0.368025 0.003150 0.224504
v -0.367558 0.003150 0.215529
v -0.365317 0.003150 0.206211
v -0.365355 0.003150 0.206294
v -0.233831 -0.003150 0.272318
v -0.239847 -0.003150 0.290057
v -0.233070 -0.003150 0.240188
v -0.231837 -0.003150 0.255600
v -0.235529 -0.003150 0.228454
v -0.235529 -0.003150 0.224200
v -0.234979 -0.003150 0.222007
v -0.247673 -0.003150 0.304328
v -0.259778 -0.003150 0.318272
v -0.277297 -0.003150 0.330566
v -0.296534 -0.003150 0.337953
v -0.316630 -0.003150 0.341199
v -0.331167 -0.003150 0.340893
v -0.349610 -0.003150 0.336897
v -0.369861 -0.003150 0.327078
v -0.388590 -0.003150 0.309578
v -0.400574 -0.003150 0.288529
v -0.405950 -0.003150 0.268561
v -0.406719 -0.003150 0.248731
v -0.403671 -0.003150 0.232616
v -0.394618 -0.003150 0.212957
v -0.394618 -0.003150 0.209068
v -0.395319 -0.003150 0.206224
v -0.276418 -0.003150 0.222007
v -0.276032 -0.003150 0.223052
v -0.274810 -0.003150 0.228553
v -0.274690 -0.003150 0.237184
v -0.277169 -0.003150 0.249109
v -0.284110 -0.003150 0.262637
v -0.294585 -0.003150 0.273231
v -0.306563 -0.003150 0.278741
v -0.319632 -0.003150 0.280760
v -0.331720 -0.003150 0.278983
v -0.343512 -0.003150 0.274502
v -0.354286 -0.003150 0.266451
v -0.362025 -0.003150 0.256212
v -0.366993 -0.003150 0.242727
v -0.368025 -0.003150 0.224504
v -0.367558 -0.003150 0.215529
v -0.365317 -0.003150 0.206211
v -0.365355 -0.003150 0.206294
v -0.256810 0.020011 0.180543
v -0.247109 0.021675 0.184561
v -0.270530 0.025693 0.194262
v -0.243091 0.025693 0.194262
v -0.266511 0.021675 0.184561
v -0.247109 0.021675 0.203963
v -0.256810 0.020011 0.207981
v -0.266511 0.021675 0.203963
v -0.256810 0.015193 0.180543
v -0.247109 0.015193 0.184561
v -0.243091 0.015193 0.194262
v -0.247109 0.015193 0.203963
v -0.256810 0.015193 0.207981
v -0.266511 0.015193 0.203963
v -0.270530 0.015193 0.194262
v -0.266511 0.015193 0.184561
v -0.256810 0.018343 0.185089
v -0.250324 0.018343 0.187775
v -0.247637 0.018343 0.194262
v -0.250324 0.018343 0.200749
v -0.256810 0.018343 0.203435
v -0.263297 0.018343 0.200749
v -0.265984 0.018343 0.194262
v -0.263297 0.018343 0.187775
v -0.264163 0.018343 0.189866
v -0.265401 0.018343 0.192855
v -0.249458 0.018343 0.198658
v -0.248220 0.018343 0.195669
v -0.248220 0.017293 0.195669
v -0.249458 0.017293 0.198658
v -0.265401 0.017293 0.192855
v -0.264163 0.017293 0.189866
vn -0.0000 -0.0000 -1.0000
vn -0.0000 0.7071 -0.7071
vn -0.0000 1.0000 -0.0000
vn -0.0000 0.7071 0.7071
vn -0.0000 -0.0000 1.0000
vn -0.0000 -0.7071 0.7071
vn -0.0000 -1.0000 -0.0000
vn -1.0000 -0.0000 -0.0000
vn -0.0000 -0.7071 -0.7071
vn 1.0000 -0.0000 -0.0000
vn 0.1994 -0.0000 -0.9799
vn 0.1994 0.6929 -0.6929
vn 0.6824 0.5169 -0.5169
vn 0.6824 -0.0000 -0.7310
vn 0.9744 0.1590 -0.1590
vn 0.9744 -0.0000 -0.2248
vn 0.1994 0.9799 -0.0000
vn 0.6824 0.7310 -0.0000
vn 0.9744 0.2248 -0.0000
vn 0.1994 0.6929 0.6929
vn 0.6824 0.5169 0.5169
vn 0.9744 0.1590 0.1590
vn 0.1994 -0.0000 0.9799
vn 0.6824 -0.0000 0.7310
vn 0.9744 -0.0000 0.2248
vn 0.1994 -0.6929 0.6929
vn 0.6824 -0.5169 0.5169
vn 0.9744 -0.1590 0.1590
vn 0.1994 -0.9799 -0.0000
vn 0.6824 -0.7310 -0.0000
vn 0.9744 -0.2248 -0.0000
vn 0.1994 -0.6929 -0.6929
vn 0.6824 -0.5169 -0.5169
vn 0.9744 -0.1590 -0.1590
vn -0.1230 -0.7017 0.7017
vn -0.1230 -0.9924 -0.0000
vn -0.1230 -0.0000 -0.9924
vn -0.1230 -0.7017 -0.7017
vn -0.2514 -0.6844 -0.6844
vn -0.2514 -0.0000 -0.9679
vn -0.1230 0.7017 0.7017
vn -0.1230 -0.0000 0.9924
vn -0.1230 0.7017 -0.7017
vn -0.1230 0.9924 -0.0000
vn -0.2514 -0.6844 0.6844
vn -0.2514 -0.9679 -0.0000
vn -0.2514 0.6844 0.6844
vn -0.2514 -0.0000 0.9679
vn -0.2514 0.6844 -0.6844
vn -0.2514 0.9679 -0.0000
vn -0.0000 0.9239 -0.3827
vn -0.0000 0.9239 0.3827
vn -0.8099 -0.0000 -0.5866
vn -0.9429 -0.0000 -0.3330
vn -0.7848 -0.0000 0.6198
vn -0.9248 -0.0000 0.3805
vn 0.7848 -0.0000 -0.6198
vn 0.9248 -0.0000 -0.3805
vn 0.9925 -0.0000 0.1226
vn 0.9947 -0.0000 -0.1031
vn -0.5738 -0.0000 -0.8190
vn -0.9886 -0.0000 0.1503
vn 0.9998 -0.0000 0.0194
vn 0.9753 -0.0000 0.2210
vn -0.2881 -0.0000 -0.9576
vn -0.9973 -0.0000 -0.0740
vn -0.9593 -0.0000 0.2824
vn -0.9380 -0.0000 0.3466
vn -0.0037 -0.0000 -1.0000
vn -0.9526 -0.0000 -0.3043
vn 0.2518 -0.0000 -0.9678
vn -0.9768 -0.0000 -0.2141
vn 0.9154 -0.0000 0.4025
vn 0.8206 -0.0000 0.5714
vn 0.4816 -0.0000 -0.8764
vn -0.9927 -0.0000 0.1205
vn 0.6698 -0.0000 0.7426
vn 0.7052 -0.0000 -0.7090
vn -0.9709 -0.0000 0.2393
vn 0.4700 -0.0000 0.8827
vn 0.8775 -0.0000 -0.4795
vn 0.2604 -0.0000 0.9655
vn 0.9791 -0.0000 -0.2033
vn 0.0695 -0.0000 0.9976
vn 1.0000 -0.0000 -0.0023
vn -0.1169 -0.0000 0.9931
vn 0.9897 -0.0000 0.1435
vn -0.9932 -0.0000 0.1160
vn -0.3263 -0.0000 0.9453
vn 0.9449 -0.0000 0.3272
vn -0.9954 -0.0000 -0.0954
vn -0.5659 -0.0000 0.8245
vn 0.9087 -0.0000 0.4175
vn 0.9898 -0.0000 -0.1427
vn 0.0023 -0.0000 -1.0000
vn 0.9973 -0.0000 0.0740
vn 0.9886 -0.0000 -0.1503
vn 0.9700 -0.0000 0.2433
vn -0.9753 -0.0000 -0.2210
vn -0.9998 -0.0000 -0.0194
vn 0.0037 -0.0000 1.0000
vn -0.2518 -0.0000 0.9678
vn 0.9526 -0.0000 0.3043
vn -0.9925 -0.0000 -0.1226
vn -0.9700 -0.0000 -0.2433
vn -0.4816 -0.0000 0.8764
vn 0.9768 -0.0000 0.2141
vn -0.8206 -0.0000 -0.5714
vn -0.9154 -0.0000 -0.4025
vn -0.7052 -0.0000 0.7090
vn 0.9927 -0.0000 -0.1205
vn -0.6698 -0.0000 -0.7426
vn -0.8775 -0.0000 0.4795
vn 0.9709 -0.0000 -0.2393
vn -0.4700 -0.0000 -0.8827
vn -0.9791 -0.0000 0.2033
vn -0.2604 -0.0000 -0.9655
vn -1.0000 -0.0000 0.0023
vn 0.9380 -0.0000 -0.3467
vn 0.9593 -0.0000 -0.2824
vn -0.0695 -0.0000 -0.9976
vn -0.9897 -0.0000 -0.1435
vn 0.9932 -0.0000 -0.1160
vn 0.1169 -0.0000 -0.9931
vn -0.9723 -0.0000 -0.2338
vn 0.9954 -0.0000 0.0954
vn 0.3263 -0.0000 -0.9453
vn 0.9086 -0.0000 0.4176
vn 0.9429 -0.0000 0.3330
vn 0.5659 -0.0000 -0.8245
vn -0.0023 -0.0000 1.0000
vn 0.8099 -0.0000 0.5866
vn -0.9898 -0.0000 0.1427
vn 0.5738 -0.0000 0.8190
vn -0.9947 -0.0000 0.1031
vn 0.2881 -0.0000 0.9576
vn -0.7071 -0.0000 0.7071
vn -0.7512 -0.0000 0.6600
vn -0.7071 -0.0000 -0.7071
vn -0.7512 -0.0000 -0.6600
vn 0.7071 -0.0000 -0.7071
vn 0.7512 -0.0000 -0.6600
vn 0.7071 -0.0000 0.7071
vn 0.7512 -0.0000 0.6600
vn 0.9239 -0.0000 0.3827
vn -0.9239 -0.0000 -0.3827
vn -0.3420 -0.0000 0.9397
vn 0.3420 -0.0000 -0.9397
vt 0.022023 0.079081
vt 0.022023 0.000142
vt 0.043724 0.000329
vt 0.043724 0.079268
vt 0.087125 0.079133
vt 0.087125 0.000178
vt 0.108826 0.000142
vt 0.108826 0.079098
vt 0.130527 0.000178
vt 0.130527 0.079133
vt 0.173928 0.000155
vt 0.173928 0.079111
vt 0.152227 0.079098
vt 0.152227 0.000142
vt 0.130527 0.079111
vt 0.130527 0.000155
vt 0.087125 0.000142
vt 0.087125 0.079098
vt 0.065425 0.079139
vt 0.065425 0.000183
vt 0.220759 0.125305
vt 0.197273 0.125305
vt 0.196921 0.124455
vt 0.221111 0.124455
vt 0.043724 0.079098
vt 0.043724 0.000142
vt 0.000323 0.079268
vt 0.000323 0.000329
vt 0.102808 0.136087
vt 0.079322 0.136087
vt 0.078705 0.134598
vt 0.103425 0.134598
vt 0.436480 0.069814
vt 0.436493 0.092654
vt 0.403420 0.092654
vt 0.403407 0.069814
vt 0.062719 0.176184
vt 0.079328 0.192792
vt 0.078711 0.194281
vt 0.061231 0.176800
vt 0.119419 0.176184
vt 0.119417 0.152696
vt 0.120905 0.152079
vt 0.120908 0.176800
vt 0.062717 0.152696
vt 0.061228 0.152079
vt 0.102814 0.192792
vt 0.103430 0.194281
vt 0.359433 0.107139
vt 0.359470 0.084299
vt 0.392543 0.084299
vt 0.392506 0.107139
vt 0.220826 0.101348
vt 0.221023 0.078507
vt 0.254089 0.078507
vt 0.253892 0.101348
vt 0.221023 0.124188
vt 0.254089 0.124188
vt 0.408370 0.000771
vt 0.408414 0.023611
vt 0.375341 0.023611
vt 0.375298 0.000771
vt 0.436493 0.046974
vt 0.403420 0.046974
vt 0.359470 0.129979
vt 0.392543 0.129979
vt 0.408370 0.046452
vt 0.375298 0.046452
vt 0.020989 0.141394
vt 0.007486 0.154897
vt 0.000697 0.152084
vt 0.018177 0.134603
vt 0.040083 0.141394
vt 0.042897 0.134603
vt 0.053584 0.154897
vt 0.060374 0.152084
vt 0.053582 0.173993
vt 0.060372 0.176805
vt 0.040079 0.187495
vt 0.042891 0.194286
vt 0.020985 0.187495
vt 0.018172 0.194286
vt 0.007485 0.173993
vt 0.000694 0.176805
vt 0.223393 0.018661
vt 0.223545 0.001018
vt 0.230038 0.003064
vt 0.229904 0.018661
vt 0.010364 0.173366
vt 0.010363 0.156484
vt 0.016774 0.159173
vt 0.016775 0.170710
vt 0.369664 0.082223
vt 0.369636 0.064581
vt 0.376099 0.064581
vt 0.376125 0.080178
vt 0.022298 0.144547
vt 0.024930 0.151016
vt 0.369664 0.046938
vt 0.376125 0.048984
vt 0.039178 0.144547
vt 0.036466 0.151016
vt 0.383128 0.046979
vt 0.383118 0.064621
vt 0.376670 0.064621
vt 0.376679 0.049024
vt 0.051115 0.156484
vt 0.044624 0.159173
vt 0.383128 0.082264
vt 0.376679 0.080218
vt 0.051117 0.173366
vt 0.044625 0.170710
vt 0.237735 0.000869
vt 0.237769 0.018512
vt 0.231303 0.018512
vt 0.231274 0.002915
vt 0.039182 0.185304
vt 0.036469 0.178868
vt 0.237735 0.036155
vt 0.231274 0.034109
vt 0.022301 0.185304
vt 0.024933 0.178868
vt 0.223545 0.036304
vt 0.230038 0.034258
vt 0.204537 0.018661
vt 0.204689 0.001018
vt 0.204689 0.036304
vt 0.350804 0.082223
vt 0.350776 0.064581
vt 0.350804 0.046938
vt 0.401988 0.046979
vt 0.401978 0.064621
vt 0.401988 0.082264
vt 0.256595 0.000869
vt 0.256629 0.018512
vt 0.256595 0.036155
vt 0.315902 0.113749
vt 0.315860 0.092048
vt 0.342781 0.092048
vt 0.342822 0.113749
vt 0.162361 0.182011
vt 0.178967 0.165402
vt 0.179817 0.165755
vt 0.162713 0.182862
vt 0.237368 0.141914
vt 0.238218 0.141562
vt 0.237370 0.165402
vt 0.238220 0.165755
vt 0.122264 0.141914
vt 0.122266 0.165402
vt 0.121416 0.165755
vt 0.121414 0.141562
vt 0.138875 0.182011
vt 0.138523 0.182862
vt 0.162356 0.125305
vt 0.138870 0.125305
vt 0.138517 0.124455
vt 0.162708 0.124455
vt 0.220765 0.182011
vt 0.221117 0.182861
vt 0.434878 0.022344
vt 0.435065 0.044045
vt 0.419389 0.041155
vt 0.419227 0.022344
vt 0.107218 0.101980
vt 0.107230 0.080279
vt 0.134151 0.080279
vt 0.134139 0.101980
vt 0.192738 0.101964
vt 0.192773 0.080264
vt 0.165853 0.080264
vt 0.165817 0.101964
vt 0.315860 0.135450
vt 0.342781 0.135450
vt 0.107230 0.123681
vt 0.134151 0.123681
vt 0.192774 0.123665
vt 0.165853 0.123665
vt 0.461980 0.000644
vt 0.461793 0.022344
vt 0.435065 0.000644
vt 0.461980 0.044045
vt 0.195138 0.101651
vt 0.195150 0.079300
vt 0.219018 0.079300
vt 0.219006 0.101651
vt 0.350539 0.046319
vt 0.350582 0.023968
vt 0.374449 0.023968
vt 0.374407 0.046319
vt 0.339292 0.023132
vt 0.339328 0.045484
vt 0.315460 0.045484
vt 0.315424 0.023132
vt 0.195150 0.124003
vt 0.219018 0.124003
vt 0.339264 0.068410
vt 0.339457 0.090762
vt 0.315594 0.090762
vt 0.315401 0.068410
vt 0.339457 0.046059
vt 0.315594 0.046059
vt 0.339328 0.000781
vt 0.315460 0.000781
vt 0.350539 0.001616
vt 0.374407 0.001616
vt 0.178964 0.141914
vt 0.179815 0.141562
vt 0.180668 0.141914
vt 0.179817 0.141562
vt 0.180670 0.165402
vt 0.179820 0.165755
vt 0.197279 0.182011
vt 0.196927 0.182861
vt 0.035179 0.079383
vt 0.052531 0.079416
vt 0.052531 0.133059
vt 0.035179 0.133026
vt 0.358507 0.094939
vt 0.358543 0.113749
vt 0.149895 0.083170
vt 0.149884 0.101980
vt 0.150124 0.083154
vt 0.150094 0.101964
vt 0.358507 0.132560
vt 0.149895 0.120790
vt 0.150124 0.120775
vt 0.419389 0.003534
vt 0.286832 0.142337
vt 0.273552 0.129057
vt 0.274341 0.127151
vt 0.288737 0.141548
vt 0.254772 0.129057
vt 0.253983 0.127151
vt 0.241495 0.142337
vt 0.239589 0.141548
vt 0.241496 0.161119
vt 0.239591 0.161908
vt 0.254777 0.174399
vt 0.253988 0.176304
vt 0.273556 0.174399
vt 0.274346 0.176304
vt 0.286834 0.161119
vt 0.288739 0.161908
vt 0.828534 0.106342
vt 0.828534 0.087560
vt 0.834594 0.085050
vt 0.834594 0.108851
vt 0.261432 0.001020
vt 0.278784 0.001010
vt 0.278784 0.054654
vt 0.261432 0.054664
vt 0.035027 0.132940
vt 0.017675 0.132912
vt 0.017675 0.079268
vt 0.035027 0.079297
vt 0.104892 0.132915
vt 0.087540 0.132765
vt 0.087540 0.079133
vt 0.104892 0.079283
vt 0.070188 0.132915
vt 0.070188 0.079283
vt 0.069883 0.079383
vt 0.069883 0.133026
vt 0.296136 0.001020
vt 0.296136 0.054664
vt 0.000323 0.132940
vt 0.000323 0.079297
vt 0.613052 0.067134
vt 0.591062 0.067324
vt 0.591062 0.003543
vt 0.613052 0.003353
vt 0.815255 0.074281
vt 0.796476 0.074283
vt 0.793966 0.068223
vt 0.817765 0.068221
vt 0.783196 0.106346
vt 0.796476 0.119625
vt 0.793966 0.125685
vt 0.777137 0.108856
vt 0.815255 0.119623
vt 0.817765 0.125683
vt 0.783196 0.087565
vt 0.777137 0.085055
vt 0.462517 0.044892
vt 0.470948 0.044876
vt 0.470948 0.081302
vt 0.462517 0.081318
vt 0.931959 0.228198
vt 0.953949 0.228211
vt 0.953949 0.292005
vt 0.931959 0.291993
vt 0.964197 0.271856
vt 0.975939 0.276701
vt 0.975939 0.291993
vt 0.953949 0.292028
vt 0.953949 0.228234
vt 0.975939 0.228198
vt 0.975939 0.243490
vt 0.964197 0.248373
vt 0.959333 0.260123
vt 0.909969 0.228211
vt 0.909969 0.292005
vt 0.987681 0.248373
vt 0.997929 0.228234
vt 0.997929 0.292028
vt 0.987681 0.271856
vt 0.992545 0.260123
vt 0.635042 0.067324
vt 0.635042 0.003543
vt 0.880581 0.126387
vt 0.874129 0.119934
vt 0.881464 0.102219
vt 0.898294 0.119049
vt 0.865004 0.119934
vt 0.857665 0.102219
vt 0.858552 0.126387
vt 0.840838 0.119049
vt 0.858553 0.135513
vt 0.840840 0.142850
vt 0.865006 0.141966
vt 0.857670 0.159680
vt 0.874131 0.141966
vt 0.881469 0.159680
vt 0.880582 0.135513
vt 0.898296 0.142850
vt 0.213999 0.037435
vt 0.222430 0.037440
vt 0.222430 0.073866
vt 0.213999 0.073862
vt 0.445654 0.081302
vt 0.437222 0.081316
vt 0.437222 0.044890
vt 0.445654 0.044876
vt 0.454085 0.044876
vt 0.454085 0.081302
vt 0.205568 0.037440
vt 0.205568 0.073866
vt 0.454085 0.081316
vt 0.454085 0.044890
vt 0.462339 0.000373
vt 0.470771 0.000446
vt 0.470771 0.036865
vt 0.462339 0.036792
vt 0.479202 0.000373
vt 0.479202 0.036792
vt 0.272329 0.072480
vt 0.272345 0.064049
vt 0.285528 0.064049
vt 0.285512 0.072480
vt 0.162862 0.149157
vt 0.171987 0.149157
vt 0.178439 0.155610
vt 0.178438 0.164736
vt 0.171985 0.171189
vt 0.162860 0.171189
vt 0.156408 0.164736
vt 0.156409 0.155610
vt 0.993680 0.210679
vt 0.993680 0.201553
vt 0.996387 0.200431
vt 0.996387 0.211800
vt 0.190245 0.023028
vt 0.190240 0.014597
vt 0.203423 0.014597
vt 0.203428 0.023028
vt 0.188862 0.006166
vt 0.188848 0.014597
vt 0.175665 0.014597
vt 0.175679 0.006166
vt 0.248770 0.057449
vt 0.248697 0.065880
vt 0.235517 0.065880
vt 0.235590 0.057449
vt 0.248770 0.074311
vt 0.235590 0.074311
vt 0.272329 0.055618
vt 0.285512 0.055618
vt 0.190245 0.006166
vt 0.203428 0.006166
vt 0.188862 0.023028
vt 0.175679 0.023028
vt 0.103130 0.175144
vt 0.096677 0.168690
vt 0.096677 0.159564
vt 0.103130 0.153112
vt 0.112255 0.153112
vt 0.118707 0.159566
vt 0.118707 0.168692
vt 0.112255 0.175144
vt 0.978103 0.217133
vt 0.987228 0.217132
vt 0.988349 0.219839
vt 0.976982 0.219840
vt 0.971650 0.201555
vt 0.971650 0.210681
vt 0.968944 0.211802
vt 0.968944 0.200434
vt 0.978103 0.195101
vt 0.976982 0.192395
vt 0.987228 0.195100
vt 0.988349 0.192393
vt 0.637453 0.169555
vt 0.626950 0.169464
vt 0.626950 0.120254
vt 0.637453 0.120344
vt 0.633105 0.119350
vt 0.622602 0.119333
vt 0.622602 0.070113
vt 0.633105 0.070130
vt 0.636903 0.068470
vt 0.647406 0.068464
vt 0.647406 0.117685
vt 0.636903 0.117691
vt 0.591092 0.070113
vt 0.601595 0.070133
vt 0.601595 0.119353
vt 0.591092 0.119333
vt 0.612099 0.119350
vt 0.612099 0.070130
vt 0.657909 0.068470
vt 0.657909 0.117691
vt 0.612099 0.070113
vt 0.612099 0.119333
vt 0.616447 0.169555
vt 0.616447 0.120344
vt 0.976413 0.274904
vt 0.965790 0.270858
vt 0.961139 0.260484
vt 0.965184 0.249860
vt 0.975556 0.245209
vt 0.986179 0.249255
vt 0.990830 0.259628
vt 0.986785 0.270252
vt 0.906869 0.239422
vt 0.906869 0.254944
vt 0.894160 0.254944
vt 0.894160 0.239422
vt 0.861708 0.279188
vt 0.861708 0.253039
vt 0.874417 0.253039
vt 0.874417 0.279188
vt 0.644762 0.246882
vt 0.644762 0.221644
vt 0.647304 0.221644
vt 0.647304 0.246882
vt 0.838674 0.225396
vt 0.838674 0.229679
vt 0.825965 0.229679
vt 0.825965 0.225396
vt 0.906869 0.227315
vt 0.894160 0.227315
vt 0.861708 0.228100
vt 0.874417 0.228100
vt 0.838674 0.262928
vt 0.838674 0.283974
vt 0.825965 0.283974
vt 0.825965 0.262928
vt 0.850737 0.079536
vt 0.850737 0.092789
vt 0.838028 0.092789
vt 0.838028 0.079536
vt 0.878360 0.309972
vt 0.878360 0.285129
vt 0.891069 0.285129
vt 0.891069 0.309972
vt 0.906869 0.284140
vt 0.906869 0.290258
vt 0.894160 0.290258
vt 0.894160 0.284140
vt 0.850737 0.064863
vt 0.838028 0.064863
vt 0.878360 0.264677
vt 0.891069 0.264677
vt 0.874417 0.305042
vt 0.874417 0.318733
vt 0.861708 0.318733
vt 0.861708 0.305042
vt 0.878360 0.241039
vt 0.891069 0.241039
vt 0.824797 0.215019
vt 0.824797 0.233100
vt 0.812088 0.233100
vt 0.812088 0.215019
vt 0.874417 0.291555
vt 0.861708 0.291555
vt 0.878360 0.237631
vt 0.891069 0.237631
vt 0.824797 0.250884
vt 0.812088 0.250884
vt 0.874417 0.279188
vt 0.861708 0.279188
vt 0.878360 0.229934
vt 0.891069 0.229934
vt 0.584141 0.004882
vt 0.584141 0.026832
vt 0.571433 0.026832
vt 0.571433 0.004882
vt 0.844123 0.236587
vt 0.844123 0.225220
vt 0.856832 0.225220
vt 0.856832 0.236587
vt 0.824797 0.250884
vt 0.824797 0.311389
vt 0.812088 0.311389
vt 0.812088 0.250884
vt 0.584141 0.050911
vt 0.571433 0.050911
vt 0.844123 0.251752
vt 0.856832 0.251752
vt 0.584141 0.075961
vt 0.571433 0.075961
vt 0.844123 0.273011
vt 0.856832 0.273011
vt 0.584141 0.094271
vt 0.571433 0.094271
vt 0.844123 0.283324
vt 0.856832 0.283324
vt 0.906869 0.278140
vt 0.894160 0.278140
vt 0.584141 0.117406
vt 0.571433 0.117406
vt 0.844123 0.293937
vt 0.856832 0.293937
vt 0.906869 0.268507
vt 0.894160 0.268507
vt 0.584141 0.142863
vt 0.571433 0.142863
vt 0.844123 0.298926
vt 0.856832 0.298926
vt 0.838674 0.243683
vt 0.825965 0.243683
vt 0.584141 0.166407
vt 0.571433 0.166407
vt 0.603956 0.120656
vt 0.603956 0.167726
vt 0.591247 0.167726
vt 0.591247 0.120656
vt 0.653868 0.191878
vt 0.653868 0.167894
vt 0.656410 0.167894
vt 0.656410 0.191878
vt 0.838674 0.306257
vt 0.825965 0.306257
vt 0.838674 0.218432
vt 0.825965 0.218432
vt 0.896610 0.222255
vt 0.918801 0.217611
vt 0.919909 0.221274
vt 0.897001 0.226069
vt 0.857893 0.218489
vt 0.876231 0.222215
vt 0.875844 0.226027
vt 0.856897 0.222177
vt 0.844151 0.213825
vt 0.843300 0.217562
vt 0.839040 0.213205
vt 0.839048 0.217046
vt 0.836325 0.213546
vt 0.831952 0.217939
vt 0.937089 0.210287
vt 0.938886 0.213674
vt 0.955608 0.197773
vt 0.958130 0.200670
vt 0.972932 0.178514
vt 0.976081 0.180714
vt 0.984611 0.156475
vt 0.988164 0.157912
vt 0.991439 0.132802
vt 0.995198 0.133526
vt 0.993189 0.115290
vt 0.997019 0.115303
vt 0.991075 0.092547
vt 0.994829 0.091740
vt 0.982227 0.066784
vt 0.985646 0.065000
vt 0.963927 0.041730
vt 0.966664 0.039013
vt 0.940381 0.024264
vt 0.942261 0.020911
vt 0.917171 0.014895
vt 0.918200 0.011199
vt 0.893455 0.011083
vt 0.893634 0.007250
vt 0.873648 0.012397
vt 0.872928 0.008624
vt 0.848708 0.020411
vt 0.848337 0.016525
vt 0.844035 0.019844
vt 0.844954 0.016115
vt 0.840719 0.018587
vt 0.837509 0.013293
vt 0.842362 0.163754
vt 0.839236 0.157861
vt 0.843562 0.164370
vt 0.845074 0.160861
vt 0.849993 0.166640
vt 0.850892 0.162915
vt 0.860347 0.168042
vt 0.860443 0.164207
vt 0.875036 0.166800
vt 0.874201 0.163044
vt 0.892302 0.160432
vt 0.890431 0.157058
vt 0.906558 0.149388
vt 0.903674 0.146799
vt 0.914924 0.135798
vt 0.911397 0.134253
vt 0.919254 0.120390
vt 0.915428 0.119912
vt 0.918879 0.105605
vt 0.915078 0.106118
vt 0.915213 0.090784
vt 0.911640 0.092219
vt 0.907109 0.076665
vt 0.904071 0.079032
vt 0.895934 0.065875
vt 0.893692 0.069010
vt 0.880454 0.057941
vt 0.879221 0.061593
vt 0.858708 0.054046
vt 0.858240 0.057836
vt 0.847856 0.053299
vt 0.847945 0.057127
vt 0.836333 0.054634
vt 0.837142 0.058379
vt 0.653759 0.125648
vt 0.653699 0.125555
vt 0.653759 0.118596
vt 0.831952 0.060041
vt 0.836438 0.054601
vt 0.749658 0.010503
vt 0.771850 0.005859
vt 0.771459 0.002046
vt 0.748551 0.006840
vt 0.792228 0.005899
vt 0.810567 0.009626
vt 0.811563 0.005938
vt 0.792615 0.002087
vt 0.824309 0.014290
vt 0.825160 0.010552
vt 0.829420 0.014910
vt 0.829412 0.011068
vt 0.832134 0.014568
vt 0.836508 0.010176
vt 0.731370 0.017828
vt 0.729574 0.014440
vt 0.712852 0.030342
vt 0.710330 0.027444
vt 0.695528 0.049600
vt 0.692379 0.047400
vt 0.683849 0.071639
vt 0.680295 0.070203
vt 0.677021 0.095312
vt 0.673261 0.094588
vt 0.675270 0.112824
vt 0.671440 0.112811
vt 0.677385 0.135567
vt 0.673631 0.136374
vt 0.686233 0.161330
vt 0.682814 0.163114
vt 0.704533 0.186384
vt 0.701796 0.189101
vt 0.728078 0.203850
vt 0.726198 0.207203
vt 0.751289 0.213219
vt 0.750260 0.216915
vt 0.775004 0.217031
vt 0.774826 0.220864
vt 0.794811 0.215717
vt 0.795531 0.219490
vt 0.819752 0.207703
vt 0.820123 0.211589
vt 0.824424 0.208270
vt 0.823506 0.211999
vt 0.827740 0.209527
vt 0.830950 0.214821
vt 0.826097 0.064360
vt 0.829223 0.070253
vt 0.824898 0.063744
vt 0.823385 0.067253
vt 0.818467 0.061474
vt 0.817567 0.065200
vt 0.808113 0.060073
vt 0.808017 0.063907
vt 0.793423 0.061314
vt 0.794259 0.065070
vt 0.776158 0.067683
vt 0.778028 0.071057
vt 0.761902 0.078726
vt 0.764785 0.081315
vt 0.753536 0.092316
vt 0.757062 0.093861
vt 0.749205 0.107724
vt 0.753031 0.108202
vt 0.749580 0.122509
vt 0.753381 0.121997
vt 0.753246 0.137330
vt 0.756819 0.135896
vt 0.761351 0.151449
vt 0.764388 0.149082
vt 0.772526 0.162239
vt 0.774768 0.159104
vt 0.788006 0.170173
vt 0.789238 0.166521
vt 0.809751 0.174068
vt 0.810219 0.170278
vt 0.820604 0.174815
vt 0.820515 0.170987
vt 0.832126 0.173480
vt 0.831318 0.169735
vt 0.653759 0.118610
vt 0.653868 0.118596
vt 0.653868 0.122439
vt 0.832021 0.173514
vt 0.836508 0.168073
vt 0.837197 0.054992
vt 0.841476 0.018978
vt 0.844792 0.020235
vt 0.849464 0.020801
vt 0.874404 0.012786
vt 0.894212 0.011471
vt 0.917927 0.015282
vt 0.941138 0.024650
vt 0.964685 0.042115
vt 0.982986 0.067167
vt 0.991835 0.092931
vt 0.993951 0.115673
vt 0.992201 0.133185
vt 0.985374 0.156859
vt 0.973697 0.178898
vt 0.956373 0.198158
vt 0.937856 0.210672
vt 0.919568 0.217998
vt 0.897377 0.222643
vt 0.876998 0.222604
vt 0.858660 0.218879
vt 0.844918 0.214215
vt 0.839806 0.213596
vt 0.837092 0.213937
vt 0.843126 0.164145
vt 0.844326 0.164761
vt 0.850757 0.167031
vt 0.861111 0.168432
vt 0.875800 0.167189
vt 0.893066 0.160820
vt 0.907321 0.149776
vt 0.915686 0.136185
vt 0.920016 0.120777
vt 0.919640 0.105992
vt 0.915973 0.091171
vt 0.907868 0.077052
vt 0.896693 0.066263
vt 0.881212 0.058329
vt 0.859467 0.054436
vt 0.848614 0.053689
vt 0.837092 0.055025
vt 0.652383 0.176664
vt 0.652383 0.196937
vt 0.649841 0.196937
vt 0.649841 0.176664
vt 0.668627 0.149688
vt 0.668627 0.164323
vt 0.666085 0.164323
vt 0.666085 0.149688
vt 0.653868 0.211440
vt 0.656410 0.211440
vt 0.652383 0.234863
vt 0.652383 0.237527
vt 0.649841 0.237527
vt 0.649841 0.234863
vt 0.668627 0.178603
vt 0.666085 0.178603
vt 0.653868 0.235410
vt 0.656410 0.235410
vt 0.652383 0.137645
vt 0.652383 0.155074
vt 0.649841 0.155074
vt 0.649841 0.137645
vt 0.668627 0.191658
vt 0.666085 0.191658
vt 0.653868 0.240116
vt 0.656410 0.240116
vt 0.652383 0.120525
vt 0.649841 0.120525
vt 0.640892 0.120636
vt 0.640892 0.132870
vt 0.638351 0.132870
vt 0.638351 0.120636
vt 0.653868 0.243545
vt 0.656410 0.243545
vt 0.660373 0.255820
vt 0.660373 0.276710
vt 0.657832 0.276710
vt 0.657832 0.255820
vt 0.640892 0.149089
vt 0.638351 0.149089
vt 0.661206 0.068142
vt 0.661206 0.118299
vt 0.658664 0.118299
vt 0.658664 0.068142
vt 0.660373 0.232727
vt 0.657832 0.232727
vt 0.640892 0.171121
vt 0.638351 0.171121
vt 0.652383 0.237527
vt 0.652383 0.238784
vt 0.649841 0.238784
vt 0.649841 0.237527
vt 0.660373 0.208491
vt 0.657832 0.208491
vt 0.640892 0.181993
vt 0.638351 0.181993
vt 0.652383 0.245417
vt 0.649841 0.245417
vt 0.660373 0.190892
vt 0.657832 0.190892
vt 0.640892 0.193315
vt 0.638351 0.193315
vt 0.652383 0.255860
vt 0.649841 0.255860
vt 0.660373 0.168473
vt 0.657832 0.168473
vt 0.653598 0.118596
vt 0.653699 0.118596
vt 0.653699 0.121138
vt 0.653598 0.121138
vt 0.679162 0.154249
vt 0.679162 0.168729
vt 0.676620 0.168729
vt 0.676620 0.154249
vt 0.660373 0.143719
vt 0.657832 0.143719
vt 0.633499 0.105466
vt 0.633499 0.069199
vt 0.636040 0.069199
vt 0.636040 0.105466
vt 0.679162 0.185237
vt 0.676620 0.185237
vt 0.660373 0.120614
vt 0.657832 0.120614
vt 0.652383 0.215563
vt 0.649841 0.215563
vt 0.679162 0.198264
vt 0.676620 0.198264
vt 0.653868 0.143834
vt 0.656410 0.118596
vt 0.656410 0.143834
vt 0.652383 0.229714
vt 0.649841 0.229714
vt 0.668627 0.119385
vt 0.668627 0.133874
vt 0.666085 0.133874
vt 0.666085 0.119385
vt 0.831990 0.173767
vt 0.832095 0.173734
vt 0.820573 0.175070
vt 0.809720 0.174323
vt 0.787974 0.170430
vt 0.772494 0.162496
vt 0.761318 0.151707
vt 0.753213 0.137588
vt 0.749546 0.122767
vt 0.749171 0.107982
vt 0.753500 0.092574
vt 0.761866 0.078983
vt 0.776121 0.067939
vt 0.793386 0.061570
vt 0.808076 0.060328
vt 0.818430 0.061729
vt 0.824861 0.063998
vt 0.826060 0.064615
vt 0.832095 0.014822
vt 0.829381 0.015164
vt 0.824269 0.014544
vt 0.810527 0.009881
vt 0.792188 0.006155
vt 0.771810 0.006116
vt 0.749619 0.010761
vt 0.731331 0.018087
vt 0.712813 0.030601
vt 0.695490 0.049861
vt 0.683812 0.071900
vt 0.676985 0.095574
vt 0.675236 0.113086
vt 0.677352 0.135828
vt 0.686201 0.161592
vt 0.704502 0.186644
vt 0.728048 0.204109
vt 0.751259 0.213477
vt 0.774975 0.217288
vt 0.794782 0.215973
vt 0.819722 0.207958
vt 0.824395 0.208524
vt 0.827711 0.209781
vt 0.661865 0.177019
vt 0.661865 0.162867
vt 0.664406 0.162867
vt 0.664406 0.177019
vt 0.644762 0.261371
vt 0.644762 0.246882
vt 0.647304 0.246882
vt 0.647304 0.261371
vt 0.644762 0.197583
vt 0.647304 0.197583
vt 0.661865 0.182167
vt 0.664406 0.182167
vt 0.673293 0.159006
vt 0.673293 0.143191
vt 0.675834 0.143191
vt 0.675834 0.159006
vt 0.644762 0.173600
vt 0.647304 0.173600
vt 0.661865 0.144241
vt 0.661865 0.123968
vt 0.664406 0.123968
vt 0.664406 0.144241
vt 0.673293 0.173640
vt 0.675834 0.173640
vt 0.644762 0.154037
vt 0.647304 0.154037
vt 0.661865 0.184831
vt 0.664406 0.184831
vt 0.673293 0.187920
vt 0.675834 0.187920
vt 0.644762 0.130068
vt 0.647304 0.130068
vt 0.661865 0.102379
vt 0.661865 0.084949
vt 0.664406 0.084949
vt 0.664406 0.102379
vt 0.673293 0.200975
vt 0.675834 0.200975
vt 0.644762 0.125362
vt 0.647304 0.125362
vt 0.661865 0.067829
vt 0.664406 0.067829
vt 0.640892 0.132870
vt 0.640892 0.120635
vt 0.643434 0.120635
vt 0.643434 0.132870
vt 0.644762 0.121933
vt 0.647304 0.121933
vt 0.584142 0.160978
vt 0.584142 0.140088
vt 0.586683 0.140088
vt 0.586683 0.160978
vt 0.640892 0.149089
vt 0.643434 0.149089
vt 0.668909 0.068559
vt 0.668909 0.118716
vt 0.666367 0.118716
vt 0.666367 0.068559
vt 0.584142 0.116995
vt 0.586683 0.116995
vt 0.640892 0.171121
vt 0.643434 0.171121
vt 0.669893 0.135644
vt 0.669893 0.134387
vt 0.672435 0.134387
vt 0.672435 0.135644
vt 0.584142 0.092759
vt 0.586683 0.092759
vt 0.640892 0.181993
vt 0.643434 0.181993
vt 0.669893 0.142276
vt 0.672435 0.142276
vt 0.584142 0.075159
vt 0.586683 0.075159
vt 0.643434 0.193315
vt 0.669893 0.152720
vt 0.672435 0.152720
vt 0.584142 0.052741
vt 0.586683 0.052741
vt 0.653497 0.121138
vt 0.653497 0.118596
vt 0.669893 0.167200
vt 0.672435 0.167200
vt 0.584142 0.027987
vt 0.586683 0.027987
vt 0.681985 0.204917
vt 0.681985 0.168650
vt 0.684527 0.168650
vt 0.684527 0.204917
vt 0.669893 0.183708
vt 0.672435 0.183708
vt 0.584142 0.004882
vt 0.586683 0.004882
vt 0.669893 0.196735
vt 0.672435 0.196735
vt 0.607776 0.132417
vt 0.613606 0.132417
vt 0.613606 0.144166
vt 0.605761 0.144166
vt 0.617909 0.194914
vt 0.610064 0.194914
vt 0.610064 0.183255
vt 0.622773 0.183255
vt 0.610064 0.171433
vt 0.617909 0.171433
vt 0.605761 0.144166
vt 0.613606 0.144166
vt 0.613606 0.155804
vt 0.607776 0.155804
vt 0.613606 0.167645
vt 0.605761 0.167645
vt 0.623506 0.195086
vt 0.623506 0.183425
vt 0.636215 0.183425
vt 0.631351 0.195086
vt 0.623506 0.171605
vt 0.631351 0.171605
vt 0.613606 0.120682
vt 0.605761 0.120682
vt 0.311388 0.016508
vt 0.311388 0.008652
vt 0.315201 0.008652
vt 0.315201 0.016508
vt 0.799030 0.083003
vt 0.793021 0.089012
vt 0.787937 0.086906
vt 0.796924 0.077919
vt 0.793021 0.097510
vt 0.787937 0.099616
vt 0.799030 0.103519
vt 0.796924 0.108603
vt 0.807528 0.103519
vt 0.809634 0.108603
vt 0.813537 0.097510
vt 0.818621 0.099616
vt 0.813537 0.089012
vt 0.818620 0.086906
vt 0.807528 0.083003
vt 0.809634 0.077919
vt 0.220481 0.137188
vt 0.221892 0.136002
vt 0.230359 0.136735
vt 0.235827 0.143239
vt 0.235094 0.151706
vt 0.232997 0.153468
vt 0.260190 0.111446
vt 0.254183 0.105435
vt 0.254186 0.096937
vt 0.260198 0.090930
vt 0.262937 0.090931
vt 0.262033 0.111447
vt 0.253651 0.056066
vt 0.253651 0.053519
vt 0.257464 0.053519
vt 0.257464 0.061422
vt 0.253651 0.061422
vt 0.253651 0.059707
vt 0.254922 0.059707
vt 0.254922 0.056066
vt 0.199275 0.041565
vt 0.199275 0.033648
vt 0.203088 0.033648
vt 0.203088 0.041565
vt 0.199275 0.025866
vt 0.203088 0.025866
vt 0.257464 0.045723
vt 0.253651 0.045723
vt 0.311388 0.000806
vt 0.315201 0.000806
vt 0.257464 0.069219
vt 0.253651 0.069219
vt 0.254922 0.040366
vt 0.253651 0.040366
vt 0.253651 0.037818
vt 0.257464 0.037818
vt 0.253651 0.044008
vt 0.254922 0.044008
vt 0.277932 0.073765
vt 0.277932 0.094301
vt 0.274019 0.094472
vt 0.274019 0.073936
vt 0.193436 0.080379
vt 0.194707 0.080379
vt 0.194707 0.099685
vt 0.193436 0.099685
vt 0.247489 0.056738
vt 0.247489 0.037299
vt 0.248760 0.037299
vt 0.248760 0.056738
vt 0.657032 0.003395
vt 0.679022 0.003353
vt 0.679022 0.067147
vt 0.657032 0.067189
vt 0.635042 0.067147
vt 0.635042 0.003353
s 1
usemtl instruments
f 1239/2571/701 1241/2572/701 1244/2573/702 1242/2574/702
f 1242/2575/702 1244/2576/702 1247/2577/703 1245/2578/703
f 1245/2578/703 1247/2577/703 1250/2579/704 1248/2580/704
f 1248/2581/704 1250/2582/704 1253/2583/705 1251/2584/705
f 1251/2584/705 1253/2583/705 1256/2585/706 1254/2586/706
f 1254/2587/706 1256/2588/706 1259/2589/707 1257/2590/707
f 1312/2591/708 1313/2592/708 1337/2593/708 1336/2594/708
f 1257/2590/707 1259/2589/707 1262/2595/709 1260/2596/709
f 1260/2597/709 1262/2598/709 1241/2572/701 1239/2571/701
f 1242/2599/708 1245/2600/708 1265/2601/708 1264/2602/708
f 1267/2603/705 1268/2604/706 1284/2605/706 1283/2606/705
f 1251/2607/708 1254/2608/708 1268/2609/708 1267/2610/708
f 1260/2611/708 1239/2612/708 1263/2613/708 1270/2614/708
f 1239/2612/708 1242/2599/708 1264/2602/708 1263/2613/708
f 1245/2600/708 1248/2615/708 1266/2616/708 1265/2601/708
f 1254/2608/708 1257/2617/708 1269/2618/708 1268/2609/708
f 1248/2615/708 1251/2607/708 1267/2610/708 1266/2616/708
f 1257/2617/708 1260/2611/708 1270/2614/708 1269/2618/708
f 1265/2619/703 1266/2620/704 1282/2621/704 1281/2622/703
f 1263/2623/701 1264/2624/702 1280/2625/702 1279/2626/701
f 1270/2627/709 1263/2623/701 1279/2626/701 1286/2628/709
f 1268/2629/706 1269/2630/707 1285/2631/707 1284/2632/706
f 1266/2633/704 1267/2603/705 1283/2606/705 1282/2634/704
f 1264/2635/702 1265/2619/703 1281/2622/703 1280/2636/702
f 1269/2630/707 1270/2637/709 1286/2638/709 1285/2631/707
f 1272/2639/710 1271/2640/710 1279/2641/710 1280/2642/710
f 1273/2643/710 1272/2639/710 1280/2642/710 1281/2644/710
f 1274/2645/710 1273/2643/710 1281/2644/710 1282/2646/710
f 1275/2647/710 1274/2645/710 1282/2646/710 1283/2648/710
f 1276/2649/710 1275/2647/710 1283/2648/710 1284/2650/710
f 1277/2651/710 1276/2649/710 1284/2650/710 1285/2652/710
f 1278/2653/710 1277/2651/710 1285/2652/710 1286/2654/710
f 1271/2640/710 1278/2653/710 1286/2654/710 1279/2641/710
f 1288/2655/711 1290/2656/712 1292/2657/713 1289/2658/714
f 1289/2659/714 1292/2660/713 1291/2661/715 1287/2662/716
f 1290/2663/712 1293/2664/717 1295/2665/718 1292/2666/713
f 1292/2660/713 1295/2667/718 1294/2668/719 1291/2661/715
f 1293/2664/717 1296/2669/720 1298/2670/721 1295/2665/718
f 1295/2667/718 1298/2671/721 1297/2672/722 1294/2668/719
f 1296/2673/720 1299/2674/723 1301/2675/724 1298/2676/721
f 1298/2671/721 1301/2677/724 1300/2678/725 1297/2672/722
f 1299/2674/723 1302/2679/726 1304/2680/727 1301/2675/724
f 1301/2677/724 1304/2681/727 1303/2682/728 1300/2678/725
f 1302/2683/726 1305/2684/729 1307/2685/730 1304/2686/727
f 1304/2681/727 1307/2687/730 1306/2688/731 1303/2682/728
f 1305/2684/729 1308/2689/732 1310/2690/733 1307/2685/730
f 1307/2687/730 1310/2691/733 1309/2692/734 1306/2688/731
f 1308/2693/732 1288/2655/711 1289/2658/714 1310/2694/733
f 1310/2691/733 1289/2659/714 1287/2662/716 1309/2692/734
f 1271/2695/701 1272/2696/702 1290/2656/712 1288/2655/711
f 1306/2688/731 1309/2692/734 1287/2662/716 1291/2661/715 1294/2668/719 1297/2672/722 1300/2678/725 1303/2682/728
f 1278/2697/709 1271/2695/701 1288/2655/711 1308/2693/732
f 1272/2698/702 1273/2699/703 1293/2664/717 1290/2663/712
f 1273/2699/703 1274/2700/704 1296/2669/720 1293/2664/717
f 1274/2701/704 1275/2702/705 1299/2674/723 1296/2673/720
f 1275/2702/705 1276/2703/706 1302/2679/726 1299/2674/723
f 1276/2704/706 1277/2705/707 1305/2684/729 1302/2683/726
f 1277/2705/707 1278/2706/709 1308/2689/732 1305/2684/729
f 1317/2707/707 1316/2708/706 1324/2709/735 1325/2710/736
f 1259/2711/710 1256/2712/710 1332/2713/710 1333/2714/710
f 1311/2715/708 1312/2591/708 1336/2594/708 1335/2716/708
f 1318/2717/708 1311/2715/708 1335/2716/708 1342/2718/708
f 1244/2719/710 1241/2720/710 1327/2721/710 1328/2722/710
f 1241/2720/710 1262/2723/710 1334/2724/710 1327/2721/710
f 1250/2725/710 1247/2726/710 1329/2727/710 1330/2728/710
f 1317/2729/708 1318/2717/708 1342/2718/708 1341/2730/708
f 1319/2731/737 1326/2732/738 1358/2733/739 1352/2734/740
f 1315/2735/705 1314/2736/704 1322/2737/741 1323/2738/742
f 1313/2739/703 1312/2740/702 1320/2741/743 1321/2742/744
f 1318/2743/709 1317/2707/707 1325/2710/736 1326/2744/738
f 1316/2745/706 1315/2735/705 1323/2738/742 1324/2746/735
f 1314/2747/704 1313/2739/703 1321/2742/744 1322/2748/741
f 1312/2749/702 1311/2750/701 1319/2731/737 1320/2751/743
f 1311/2750/701 1318/2752/709 1326/2732/738 1319/2731/737
f 1331/2753/705 1330/2754/704 1338/2755/704 1339/2756/705
f 1334/2757/709 1333/2758/707 1341/2759/707 1342/2760/709
f 1329/2761/703 1328/2762/702 1336/2763/702 1337/2764/703
f 1332/2765/706 1331/2753/705 1339/2756/705 1340/2766/706
f 1327/2767/701 1334/2768/709 1342/2769/709 1335/2770/701
f 1328/2771/702 1327/2767/701 1335/2770/701 1336/2772/702
f 1330/2773/704 1329/2761/703 1337/2764/703 1338/2774/704
f 1333/2758/707 1332/2775/706 1340/2776/706 1341/2759/707
f 1253/2777/710 1250/2725/710 1330/2728/710 1331/2778/710
f 1313/2592/708 1314/2779/708 1338/2780/708 1337/2593/708
f 1314/2779/708 1315/2781/708 1339/2782/708 1338/2780/708
f 1247/2726/710 1244/2719/710 1328/2722/710 1329/2727/710
f 1262/2723/710 1259/2711/710 1333/2714/710 1334/2724/710
f 1315/2781/708 1316/2783/708 1340/2784/708 1339/2782/708
f 1316/2783/708 1317/2729/708 1341/2730/708 1340/2784/708
f 1256/2712/710 1253/2777/710 1331/2778/710 1332/2713/710
f 1350/2785/709 1349/2786/707 1365/2787/707 1366/2788/709
f 1325/2710/736 1324/2709/735 1356/2789/745 1357/2790/746
f 1323/2738/742 1322/2737/741 1354/2791/747 1355/2792/748
f 1321/2742/744 1320/2741/743 1351/2793/749 1353/2794/750
f 1326/2744/738 1325/2710/736 1357/2790/746 1358/2795/739
f 1324/2746/735 1323/2738/742 1355/2792/748 1356/2796/745
f 1322/2748/741 1321/2742/744 1353/2794/750 1354/2797/747
f 1320/2751/743 1319/2731/737 1352/2734/740 1351/2798/749
f 1343/2799/708 1344/2800/708 1351/2801/708 1352/2802/708
f 1344/2800/708 1345/2803/708 1353/2804/708 1351/2801/708
f 1345/2803/708 1346/2805/708 1354/2806/708 1353/2804/708
f 1346/2805/708 1347/2807/708 1355/2808/708 1354/2806/708
f 1347/2807/708 1348/2809/708 1356/2810/708 1355/2808/708
f 1348/2809/708 1349/2811/708 1357/2812/708 1356/2810/708
f 1349/2811/708 1350/2813/708 1358/2814/708 1357/2812/708
f 1350/2813/708 1343/2799/708 1352/2802/708 1358/2814/708
f 1363/2815/710 1362/2816/710 1370/2817/710 1371/2818/710
f 1348/2819/706 1347/2820/705 1363/2821/705 1364/2822/706
f 1346/2823/704 1345/2824/703 1361/2825/703 1362/2826/704
f 1344/2827/702 1343/2828/701 1359/2829/701 1360/2830/702
f 1343/2828/701 1350/2831/709 1366/2832/709 1359/2829/701
f 1349/2786/707 1348/2833/706 1364/2834/706 1365/2787/707
f 1347/2820/705 1346/2835/704 1362/2836/704 1363/2821/705
f 1345/2824/703 1344/2837/702 1360/2838/702 1361/2825/703
f 1367/2839/701 1374/2840/709 1390/2841/709 1384/2842/701
f 1361/2843/710 1360/2844/710 1368/2845/710 1369/2846/710
f 1366/2847/710 1365/2848/710 1373/2849/710 1374/2850/710
f 1364/2851/710 1363/2815/710 1371/2818/710 1372/2852/710
f 1362/2816/710 1361/2843/710 1369/2846/710 1370/2817/710
f 1360/2844/710 1359/2853/710 1367/2854/710 1368/2845/710
f 1359/2853/710 1366/2847/710 1374/2850/710 1367/2854/710
f 1365/2848/710 1364/2851/710 1372/2852/710 1373/2849/710
f 1381/2855/707 1380/2856/706 1396/2857/706 1397/2858/707
f 1371/2859/705 1370/2860/704 1386/2861/704 1387/2862/705
f 1678/2863/751 1680/2864/703 1369/2865/703 1368/2866/702 1383/2867/702 1385/2868/703 1679/2869/703 1681/2870/751 1677/2871/751
f 1372/2872/706 1371/2859/705 1387/2862/705 1388/2873/706
f 1684/2874/752 1679/2869/703 1385/2868/703 1386/2875/704 1370/2876/704 1369/2865/703 1680/2864/703 1682/2877/752 1683/2878/752
f 1368/2879/702 1367/2839/701 1384/2842/701 1383/2880/702
f 1375/2881/708 1376/2882/708 1383/2883/708 1384/2884/708
f 1376/2882/708 1377/2885/708 1385/2886/708 1383/2883/708
f 1377/2885/708 1378/2887/708 1386/2888/708 1385/2886/708
f 1378/2887/708 1379/2889/708 1387/2890/708 1386/2888/708
f 1379/2889/708 1380/2891/708 1388/2892/708 1387/2890/708
f 1380/2891/708 1381/2893/708 1389/2894/708 1388/2892/708
f 1381/2893/708 1382/2895/708 1390/2896/708 1389/2894/708
f 1382/2895/708 1375/2881/708 1384/2884/708 1390/2896/708
f 1379/2897/705 1378/2898/704 1394/2899/704 1395/2900/705
f 1377/2901/703 1376/2902/702 1392/2903/702 1393/2904/703
f 1382/2905/709 1381/2855/707 1397/2858/707 1398/2906/709
f 1380/2907/706 1379/2897/705 1395/2900/705 1396/2908/706
f 1378/2909/704 1377/2901/703 1393/2904/703 1394/2910/704
f 1376/2911/702 1375/2912/701 1391/2913/701 1392/2914/702
f 1375/2912/701 1382/2915/709 1398/2916/709 1391/2913/701
f 1406/2917/709 1405/2918/707 1413/2919/707 1414/2920/709
f 1394/2921/708 1393/2922/708 1392/2923/708 1391/2924/708 1398/2925/708 1397/2926/708 1396/2927/708 1395/2928/708
f 1411/2929/710 1410/2930/710 1416/2931/710 1415/2932/710
f 1404/2933/706 1403/2934/705 1411/2935/705 1412/2936/706
f 1402/2937/704 1401/2938/703 1409/2939/703 1410/2940/704
f 1400/2941/702 1399/2942/701 1407/2943/701 1408/2944/702
f 1399/2942/701 1406/2945/709 1414/2946/709 1407/2943/701
f 1405/2918/707 1404/2947/706 1412/2948/706 1413/2919/707
f 1403/2934/705 1402/2949/704 1410/2950/704 1411/2935/705
f 1401/2938/703 1400/2951/702 1408/2952/702 1409/2939/703
f 1406/2953/710 1399/2954/710 1400/2955/710 1401/2956/710 1402/2957/710 1403/2958/710 1404/2959/710 1405/2960/710
f 1413/2961/710 1412/2962/710 1420/2963/710 1421/2964/710
f 1407/2965/710 1414/2966/710 1422/2967/710 1419/2968/710
f 1408/2969/710 1407/2965/710 1419/2968/710 1418/2970/710
f 1410/2930/710 1409/2971/710 1417/2972/710 1416/2931/710
f 1409/2971/710 1408/2969/710 1418/2970/710 1417/2972/710
f 1414/2966/710 1413/2961/710 1421/2964/710 1422/2967/710
f 1412/2962/710 1411/2929/710 1415/2932/710 1420/2963/710
f 1418/2973/702 1419/2974/701 1427/2975/701 1426/2976/702
f 1416/2977/704 1417/2978/703 1425/2979/703 1424/2980/704
f 1420/2981/706 1415/2982/705 1423/2983/705 1428/2984/706
f 1422/2985/709 1421/2986/707 1429/2987/707 1430/2988/709
f 1417/2978/703 1418/2989/702 1426/2990/702 1425/2979/703
f 1415/2982/705 1416/2991/704 1424/2992/704 1423/2983/705
f 1421/2986/707 1420/2993/706 1428/2994/706 1429/2987/707
f 1419/2974/701 1422/2995/709 1430/2996/709 1427/2975/701
f 1429/2997/708 1428/2998/708 1423/2999/708 1424/3000/708 1425/3001/708 1426/3002/708 1427/3003/708 1430/3004/708
f 1541/3005/753 1540/3006/754 1581/3007/754 1582/3008/753
f 1528/3009/755 1529/3010/756 1570/3011/756 1569/3012/755
f 1487/3013/757 1488/3014/758 1652/3015/758 1651/3016/757
f 1518/3017/759 1517/3018/760 1558/3019/760 1559/3020/759
f 1542/3021/761 1541/3005/753 1582/3008/753 1583/3022/761
f 1529/3010/756 1530/3023/762 1571/3024/762 1570/3011/756
f 1516/3025/763 1513/3026/764 1554/3027/764 1557/3028/763
f 1543/3029/765 1542/3030/761 1583/3031/761 1584/3032/765
f 1530/3033/762 1531/3034/766 1572/3035/766 1571/3036/762
f 1537/3037/767 1536/3038/768 1577/3039/768 1578/3040/767
f 1544/3041/769 1543/3029/765 1584/3032/765 1585/3042/769
f 1531/3034/766 1532/3043/770 1573/3044/770 1572/3035/766
f 1545/3045/771 1544/3046/769 1585/3047/769 1586/3048/771
f 1532/3043/770 1533/3049/772 1574/3050/772 1573/3044/770
f 1514/3051/773 1520/3052/774 1561/3053/774 1555/3054/773
f 1546/3055/775 1545/3045/771 1586/3048/771 1587/3056/775
f 1533/3049/772 1534/3057/776 1575/3058/776 1574/3050/772
f 1520/3052/774 1521/3059/777 1562/3060/777 1561/3053/774
f 1547/3061/778 1546/3055/775 1587/3056/775 1588/3062/778
f 1534/3057/776 1535/3063/779 1576/3064/779 1575/3058/776
f 1521/3065/777 1522/3066/780 1563/3067/780 1562/3068/777
f 1548/3069/781 1547/3070/778 1588/3071/778 1589/3072/781
f 1536/3073/701 1519/3074/701 1560/3075/701 1577/3076/701
f 1522/3066/780 1523/3077/782 1564/3078/782 1563/3067/780
f 1549/3079/783 1548/3069/781 1589/3072/781 1590/3080/783
f 1523/3077/782 1524/3081/784 1565/3082/784 1564/3078/782
f 1550/3083/785 1549/3079/783 1590/3080/783 1591/3084/785
f 1524/3081/784 1525/3085/786 1566/3086/786 1565/3082/784
f 1551/3087/787 1550/3083/785 1591/3084/785 1592/3088/787
f 1538/3089/788 1537/3037/767 1578/3040/767 1579/3090/788
f 1525/3085/786 1526/3091/789 1567/3092/789 1566/3086/786
f 1552/3093/790 1551/3087/787 1592/3088/787 1593/3094/790
f 1539/3095/791 1538/3089/788 1579/3090/788 1580/3096/791
f 1526/3091/789 1527/3097/792 1568/3098/792 1567/3092/789
f 1553/3099/793 1552/3093/790 1593/3094/790 1594/3100/793
f 1515/3101/794 1516/3025/763 1557/3028/763 1556/3102/794
f 1540/3006/754 1539/3095/791 1580/3096/791 1581/3007/754
f 1527/3097/792 1528/3103/755 1569/3104/755 1568/3098/792
f 1535/3105/795 1553/3106/795 1594/3107/795 1576/3108/795
f 1517/3018/760 1515/3101/794 1556/3102/794 1558/3019/760
f 1449/3109/796 1448/3110/797 1612/3111/797 1613/3112/796
f 1513/3026/764 1514/3113/773 1555/3114/773 1554/3027/764
f 1519/3115/798 1518/3017/759 1559/3020/759 1560/3116/798
f 1436/3117/703 1437/3118/703 1514/3119/703 1513/3120/703
f 1432/3121/703 1431/3122/703 1516/3123/703 1515/3124/703
f 1433/3125/703 1432/3121/703 1515/3124/703 1517/3126/703
f 1434/3127/703 1433/3125/703 1517/3126/703 1518/3128/703
f 1431/3122/703 1436/3117/703 1513/3120/703 1516/3123/703
f 1435/3129/703 1434/3127/703 1518/3128/703 1519/3130/703
f 1437/3118/703 1438/3131/703 1520/3132/703 1514/3119/703
f 1438/3131/703 1439/3133/703 1521/3134/703 1520/3132/703
f 1439/3133/703 1440/3135/703 1522/3136/703 1521/3134/703
f 1440/3135/703 1441/3137/703 1523/3138/703 1522/3136/703
f 1441/3137/703 1442/3139/703 1524/3140/703 1523/3138/703
f 1442/3139/703 1443/3141/703 1525/3142/703 1524/3140/703
f 1443/3141/703 1444/3143/703 1526/3144/703 1525/3142/703
f 1444/3143/703 1445/3145/703 1527/3146/703 1526/3144/703
f 1445/3145/703 1446/3147/703 1528/3148/703 1527/3146/703
f 1446/3147/703 1447/3149/703 1529/3150/703 1528/3148/703
f 1447/3149/703 1448/3151/703 1530/3152/703 1529/3150/703
f 1448/3151/703 1449/3153/703 1531/3154/703 1530/3152/703
f 1449/3153/703 1450/3155/703 1532/3156/703 1531/3154/703
f 1450/3155/703 1451/3157/703 1533/3158/703 1532/3156/703
f 1451/3157/703 1452/3159/703 1534/3160/703 1533/3158/703
f 1452/3159/703 1453/3161/703 1535/3162/703 1534/3160/703
f 1454/3163/703 1435/3129/703 1519/3130/703 1536/3164/703
f 1455/3165/703 1454/3163/703 1536/3164/703 1537/3166/703
f 1456/3167/703 1455/3165/703 1537/3166/703 1538/3168/703
f 1457/3169/703 1456/3167/703 1538/3168/703 1539/3170/703
f 1458/3171/703 1457/3169/703 1539/3170/703 1540/3172/703
f 1459/3173/703 1458/3171/703 1540/3172/703 1541/3174/703
f 1460/3175/703 1459/3173/703 1541/3174/703 1542/3176/703
f 1461/3177/703 1460/3175/703 1542/3176/703 1543/3178/703
f 1462/3179/703 1461/3177/703 1543/3178/703 1544/3180/703
f 1463/3181/703 1462/3179/703 1544/3180/703 1545/3182/703
f 1464/3183/703 1463/3181/703 1545/3182/703 1546/3184/703
f 1465/3185/703 1464/3183/703 1546/3184/703 1547/3186/703
f 1466/3187/703 1465/3185/703 1547/3186/703 1548/3188/703
f 1467/3189/703 1466/3187/703 1548/3188/703 1549/3190/703
f 1468/3191/703 1467/3189/703 1549/3190/703 1550/3192/703
f 1469/3193/703 1468/3191/703 1550/3192/703 1551/3194/703
f 1470/3195/703 1469/3193/703 1551/3194/703 1552/3196/703
f 1471/3197/707 1470/3198/707 1553/3199/707
f 1470/3195/703 1552/3196/703 1553/3200/703
f 1453/3161/703 1471/3201/703 1553/3200/703 1535/3162/703
f 1478/3202/707 1477/3203/707 1554/3204/707 1555/3205/707
f 1472/3206/707 1473/3207/707 1556/3208/707 1557/3209/707
f 1473/3207/707 1474/3210/707 1558/3211/707 1556/3208/707
f 1474/3210/707 1475/3212/707 1559/3213/707 1558/3211/707
f 1477/3203/707 1472/3206/707 1557/3209/707 1554/3204/707
f 1475/3212/707 1476/3214/707 1560/3215/707 1559/3213/707
f 1479/3216/707 1478/3202/707 1555/3205/707 1561/3217/707
f 1480/3218/707 1479/3216/707 1561/3217/707 1562/3219/707
f 1481/3220/707 1480/3218/707 1562/3219/707 1563/3221/707
f 1482/3222/707 1481/3220/707 1563/3221/707 1564/3223/707
f 1483/3224/707 1482/3222/707 1564/3223/707 1565/3225/707
f 1484/3226/707 1483/3224/707 1565/3225/707 1566/3227/707
f 1485/3228/707 1484/3226/707 1566/3227/707 1567/3229/707
f 1486/3230/707 1485/3228/707 1567/3229/707 1568/3231/707
f 1487/3232/707 1486/3230/707 1568/3231/707 1569/3233/707
f 1488/3234/707 1487/3232/707 1569/3233/707 1570/3235/707
f 1489/3236/707 1488/3234/707 1570/3235/707 1571/3237/707
f 1490/3238/707 1489/3236/707 1571/3237/707 1572/3239/707
f 1491/3240/707 1490/3238/707 1572/3239/707 1573/3241/707
f 1492/3242/707 1491/3240/707 1573/3241/707 1574/3243/707
f 1493/3244/707 1492/3242/707 1574/3243/707 1575/3245/707
f 1494/3246/707 1493/3244/707 1575/3245/707 1576/3247/707
f 1476/3214/707 1495/3248/707 1577/3249/707 1560/3215/707
f 1495/3248/707 1496/3250/707 1578/3251/707 1577/3249/707
f 1496/3250/707 1497/3252/707 1579/3253/707 1578/3251/707
f 1497/3252/707 1498/3254/707 1580/3255/707 1579/3253/707
f 1498/3254/707 1499/3256/707 1581/3257/707 1580/3255/707
f 1499/3256/707 1500/3258/707 1582/3259/707 1581/3257/707
f 1500/3258/707 1501/3260/707 1583/3261/707 1582/3259/707
f 1501/3260/707 1502/3262/707 1584/3263/707 1583/3261/707
f 1502/3262/707 1503/3264/707 1585/3265/707 1584/3263/707
f 1503/3264/707 1504/3266/707 1586/3267/707 1585/3265/707
f 1504/3266/707 1505/3268/707 1587/3269/707 1586/3267/707
f 1505/3268/707 1506/3270/707 1588/3271/707 1587/3269/707
f 1506/3270/707 1507/3272/707 1589/3273/707 1588/3271/707
f 1507/3272/707 1508/3274/707 1590/3275/707 1589/3273/707
f 1508/3274/707 1509/3276/707 1591/3277/707 1590/3275/707
f 1509/3276/707 1510/3278/707 1592/3279/707 1591/3277/707
f 1510/3278/707 1511/3280/707 1593/3281/707 1592/3279/707
f 1511/3282/703 1512/3283/703 1593/3284/703
f 1512/3285/707 1594/3286/707 1593/3281/707
f 1512/3285/707 1494/3246/707 1576/3247/707 1594/3286/707
f 1635/3287/703 1617/3288/703 1616/3289/703 1615/3290/703 1614/3291/703 1613/3292/703 1612/3293/703 1611/3294/703 1610/3295/703 1609/3296/703 1608/3297/703 1607/3298/703 1606/3299/703 1605/3300/703 1604/3301/703 1603/3302/703 1602/3303/703 1596/3304/703 1595/3305/703 1598/3306/703 1597/3307/703 1599/3308/703 1600/3309/703 1601/3310/703 1618/3311/703 1619/3312/703 1620/3313/703 1621/3314/703 1622/3315/703 1623/3316/703 1624/3317/703 1625/3318/703 1626/3319/703 1627/3320/703 1628/3321/703 1629/3322/703 1630/3323/703 1631/3324/703 1632/3325/703 1633/3326/703 1634/3327/703
f 1436/3328/799 1431/3329/800 1598/3330/800 1595/3331/799
f 1462/3332/801 1463/3333/802 1627/3334/802 1626/3335/801
f 1450/3336/803 1449/3109/796 1613/3112/796 1614/3337/803
f 1434/3338/804 1435/3339/805 1601/3340/805 1600/3341/804
f 1463/3333/802 1464/3342/806 1628/3343/806 1627/3334/802
f 1451/3344/807 1450/3336/803 1614/3337/803 1615/3345/807
f 1438/3346/808 1437/3347/809 1596/3348/809 1602/3349/808
f 1464/3342/806 1465/3350/810 1629/3351/810 1628/3343/806
f 1452/3352/811 1451/3344/807 1615/3345/807 1616/3353/811
f 1439/3354/812 1438/3346/808 1602/3349/808 1603/3355/812
f 1465/3356/810 1466/3357/813 1630/3358/813 1629/3359/810
f 1453/3360/814 1452/3352/811 1616/3353/811 1617/3361/814
f 1440/3362/815 1439/3363/812 1603/3364/812 1604/3365/815
f 1466/3357/813 1467/3366/816 1631/3367/816 1630/3358/813
f 1435/3368/705 1454/3369/705 1618/3370/705 1601/3371/705
f 1441/3372/817 1440/3362/815 1604/3365/815 1605/3373/817
f 1467/3366/816 1468/3374/818 1632/3375/818 1631/3367/816
f 1454/3376/819 1455/3377/820 1619/3378/820 1618/3379/819
f 1442/3380/821 1441/3372/817 1605/3373/817 1606/3381/821
f 1468/3374/818 1469/3382/822 1633/3383/822 1632/3375/818
f 1455/3377/820 1456/3384/823 1620/3385/823 1619/3378/820
f 1443/3386/824 1442/3380/821 1606/3381/821 1607/3387/824
f 1469/3382/822 1470/3388/825 1634/3389/825 1633/3383/822
f 1456/3384/823 1457/3390/826 1621/3391/826 1620/3385/823
f 1444/3392/827 1443/3386/824 1607/3387/824 1608/3393/827
f 1470/3394/828 1471/3395/828 1635/3396/828 1634/3397/828
f 1457/3398/826 1458/3399/829 1622/3400/829 1621/3401/826
f 1445/3402/830 1444/3392/827 1608/3393/827 1609/3403/830
f 1471/3404/831 1453/3405/831 1617/3406/831 1635/3407/831
f 1437/3347/809 1436/3328/799 1595/3331/799 1596/3348/809
f 1458/3399/829 1459/3408/832 1623/3409/832 1622/3400/829
f 1446/3410/757 1445/3402/830 1609/3403/830 1610/3411/757
f 1431/3329/800 1432/3412/833 1597/3413/833 1598/3330/800
f 1459/3408/832 1460/3414/834 1624/3415/834 1623/3409/832
f 1447/3416/758 1446/3283/757 1610/3417/757 1611/3418/758
f 1432/3412/833 1433/3419/835 1599/3420/835 1597/3413/833
f 1460/3421/834 1461/3422/836 1625/3423/836 1624/3424/834
f 1448/3110/797 1447/3416/758 1611/3418/758 1612/3111/797
f 1433/3419/835 1434/3338/804 1600/3341/804 1599/3420/835
f 1461/3422/836 1462/3332/801 1626/3335/801 1625/3423/836
f 1676/3425/707 1675/3426/707 1674/3427/707 1673/3428/707 1672/3429/707 1671/3430/707 1670/3431/707 1669/3432/707 1668/3433/707 1667/3434/707 1666/3435/707 1665/3436/707 1664/3437/707 1663/3438/707 1662/3439/707 1661/3440/707 1660/3441/707 1659/3442/707 1642/3443/707 1641/3444/707 1640/3445/707 1638/3446/707 1639/3447/707 1636/3448/707 1637/3449/707 1643/3450/707 1644/3451/707 1645/3452/707 1646/3453/707 1647/3454/707 1648/3455/707 1649/3456/707 1650/3457/707 1651/3458/707 1652/3459/707 1653/3460/707 1654/3461/707 1655/3462/707 1656/3463/707 1657/3464/707 1658/3465/707
f 1474/3466/835 1473/3467/833 1638/3468/833 1640/3469/835
f 1502/3470/836 1501/3471/834 1665/3472/834 1666/3473/836
f 1488/3014/758 1489/3474/797 1653/3475/797 1652/3015/758
f 1475/3476/804 1474/3466/835 1640/3469/835 1641/3477/804
f 1503/3478/801 1502/3479/836 1666/3480/836 1667/3481/801
f 1489/3474/797 1490/3482/796 1654/3483/796 1653/3475/797
f 1472/3484/800 1477/3485/799 1636/3486/799 1639/3487/800
f 1504/3488/802 1503/3478/801 1667/3481/801 1668/3489/802
f 1490/3482/796 1491/3490/803 1655/3491/803 1654/3483/796
f 1476/3492/805 1475/3476/804 1641/3477/804 1642/3493/805
f 1505/3494/806 1504/3488/802 1668/3489/802 1669/3495/806
f 1491/3490/803 1492/3496/807 1656/3497/807 1655/3491/803
f 1478/3498/809 1479/3499/808 1643/3500/808 1637/3501/809
f 1506/3502/810 1505/3494/806 1669/3495/806 1670/3503/810
f 1492/3496/807 1493/3504/811 1657/3505/811 1656/3497/807
f 1479/3499/808 1480/3506/812 1644/3507/812 1643/3500/808
f 1507/3508/813 1506/3509/810 1670/3510/810 1671/3511/813
f 1493/3504/811 1494/3512/814 1658/3513/814 1657/3505/811
f 1480/3514/812 1481/3515/815 1645/3516/815 1644/3517/812
f 1508/3518/816 1507/3508/813 1671/3511/813 1672/3519/816
f 1495/3520/705 1476/3521/705 1642/3522/705 1659/3523/705
f 1481/3515/815 1482/3524/817 1646/3525/817 1645/3516/815
f 1509/3526/818 1508/3518/816 1672/3519/816 1673/3527/818
f 1496/3528/820 1495/3529/819 1659/3530/819 1660/3531/820
f 1482/3524/817 1483/3532/821 1647/3533/821 1646/3525/817
f 1510/3534/822 1509/3526/818 1673/3527/818 1674/3535/822
f 1497/3536/823 1496/3528/820 1660/3531/820 1661/3537/823
f 1483/3532/821 1484/3538/824 1648/3539/824 1647/3533/821
f 1511/3388/825 1510/3534/822 1674/3535/822 1675/3540/825
f 1498/3541/826 1497/3536/823 1661/3537/823 1662/3542/826
f 1484/3538/824 1485/3543/827 1649/3544/827 1648/3539/824
f 1512/3397/828 1511/3545/828 1675/3546/828 1676/3394/828
f 1499/3547/829 1498/3541/826 1662/3542/826 1663/3548/829
f 1485/3543/827 1486/3549/830 1650/3550/830 1649/3544/827
f 1494/3551/831 1512/3552/831 1676/3553/831 1658/3554/831
f 1477/3485/799 1478/3498/809 1637/3501/809 1636/3486/799
f 1500/3555/832 1499/3547/829 1663/3548/829 1664/3556/832
f 1486/3549/830 1487/3557/757 1651/3558/757 1650/3550/830
f 1473/3467/833 1472/3484/800 1639/3487/800 1638/3468/833
f 1501/3559/834 1500/3555/832 1664/3556/832 1665/3560/834
f 1677/3561/705 1685/3562/705 1686/3563/837 1678/3564/838
f 1678/3565/838 1686/3566/837 1687/3567/708 1680/3568/708
f 1687/3567/708 1688/3569/839 1682/3570/840 1680/3568/708
f 1682/3571/840 1688/3572/839 1689/3573/701 1683/3574/701
f 1689/3573/701 1690/3575/841 1684/3576/842 1683/3574/701
f 1690/3577/841 1691/3578/710 1679/3579/710 1684/3580/842
f 1679/3579/710 1691/3578/710 1692/3581/843 1681/3582/844
f 1692/3583/843 1685/3562/705 1677/3561/705 1681/3584/844
f 1255/3585/837 1252/3586/705 1697/3587/705 1698/3588/837
f 1240/3589/703 1243/3590/703 1686/3591/703 1685/3592/703
f 1243/3590/703 1246/3593/703 1687/3594/703 1686/3591/703
f 1246/3593/703 1249/3595/703 1688/3596/703 1687/3594/703
f 1249/3595/703 1252/3597/703 1689/3598/703 1688/3596/703
f 1252/3597/703 1255/3599/703 1690/3600/703 1689/3598/703
f 1255/3599/703 1258/3601/703 1691/3602/703 1690/3600/703
f 1258/3601/703 1261/3603/703 1692/3604/703 1691/3602/703
f 1261/3603/703 1240/3589/703 1685/3592/703 1692/3604/703
f 1702/3605/703 1699/3606/703 1698/3607/703 1697/3608/703 1696/3609/703 1703/3610/703
f 1695/3611/703 1694/3612/703 1693/3613/703 1700/3614/703 1701/3615/703 1704/3616/703
f 1703/3617/845 1696/3618/843 1249/3619/843 1246/3620/710 1695/3621/710 1704/3622/845 1705/3623/845 1706/3624/845
f 1243/3625/841 1240/3626/701 1693/3627/701 1694/3628/841
f 1240/3626/701 1261/3629/839 1700/3630/839 1693/3627/701
f 1258/3631/708 1255/3619/837 1698/3618/837 1699/3632/708
f 1252/3586/705 1249/3633/843 1696/3634/843 1697/3587/705
f 1246/3620/710 1243/3635/841 1694/3636/841 1695/3621/710
f 1708/3637/846 1701/3638/846 1700/3639/839 1261/3640/839 1258/3631/708 1699/3632/708 1702/3641/846 1707/3642/846
f 1707/3643/703 1706/3644/703 1705/3645/703 1708/3646/703
f 1701/3647/847 1708/3648/847 1705/3649/847 1704/3650/847
f 1702/3651/848 1703/3652/848 1706/3653/848 1707/3654/848
f 1373/3655/707 1372/3656/706 1388/3657/706 1389/3658/707
f 1390/3659/709 1374/3660/709 1373/3655/707 1389/3658/707
o saw
v -0.196410 -0.008230 0.518025
v -0.201223 0.008230 0.514516
v -0.196410 0.008230 0.518025
v -0.201223 -0.008230 0.514516
v -0.052862 -0.008230 0.527441
v -0.052862 0.008230 0.527441
v -0.044488 -0.008230 0.525997
v -0.044488 0.008230 0.525997
v -0.038002 -0.008230 0.520259
v -0.038002 0.008230 0.520259
v -0.035257 -0.008230 0.511777
v -0.035257 0.008230 0.511777
v -0.037752 -0.008230 0.498555
v -0.037752 0.008230 0.498555
v -0.037253 -0.008230 0.481091
v -0.037253 0.008230 0.481091
v -0.029020 -0.008230 0.450904
v -0.029020 0.008230 0.450904
v -0.023282 -0.008230 0.421715
v -0.023282 0.008230 0.421715
v -0.020289 -0.008230 0.394771
v -0.020289 0.008230 0.394771
v -0.017295 -0.008230 0.379304
v -0.017295 0.008230 0.379304
v -0.006318 -0.008230 0.360343
v -0.006318 0.008230 0.360343
v -0.006817 -0.008230 0.352360
v -0.006817 0.008230 0.352360
v -0.016047 -0.008230 0.346622
v -0.016047 0.008230 0.346622
v -0.037004 -0.008230 0.337890
v -0.037004 0.008230 0.337890
v -0.059457 -0.008230 0.333150
v -0.059457 0.008230 0.333150
v -0.124820 -0.008230 0.334397
v -0.124820 0.008230 0.334397
v -0.129561 -0.008230 0.337141
v -0.129561 0.008230 0.337141
v -0.203656 -0.008230 0.427952
v -0.203656 0.008230 0.427952
v -0.207249 -0.008230 0.434218
v -0.207249 0.008230 0.434218
v -0.209839 -0.008230 0.443826
v -0.209839 0.008230 0.443826
v -0.207553 -0.008230 0.498208
v -0.207553 0.008230 0.498208
v -0.205026 -0.008230 0.507111
v -0.205026 0.008230 0.507111
v -0.155929 0.007881 0.478606
v -0.155929 -0.008578 0.478606
v -0.151046 0.008253 0.482122
v -0.151046 -0.008207 0.482122
v -0.138341 0.008253 0.486020
v -0.138341 -0.008207 0.486020
v -0.111487 0.008253 0.487175
v -0.111487 -0.008207 0.487175
v -0.091852 0.008253 0.485298
v -0.091852 -0.008207 0.485298
v -0.083045 0.008253 0.481978
v -0.083045 -0.008207 0.481978
v -0.067453 0.008253 0.429310
v -0.067453 -0.008207 0.429310
v -0.061043 0.008253 0.399858
v -0.061043 -0.008207 0.399858
v -0.058964 0.008253 0.384785
v -0.058964 -0.008207 0.384785
v -0.059310 0.008253 0.377855
v -0.059310 -0.008207 0.377855
v -0.065374 0.008253 0.374217
v -0.065374 -0.008207 0.374217
v -0.084085 0.008253 0.370059
v -0.084085 -0.008207 0.370059
v -0.099851 0.008253 0.369712
v -0.099851 -0.008207 0.369712
v -0.106434 0.008253 0.374910
v -0.106434 -0.008207 0.374910
v -0.152865 0.008253 0.430176
v -0.152865 -0.008207 0.430176
v -0.155464 0.008253 0.435893
v -0.155464 -0.008207 0.435893
v -0.772469 0.000898 0.507824
v -0.199407 0.000898 0.512356
v -0.772469 -0.000898 0.507824
v -0.199407 -0.000898 0.512356
v -0.782240 0.000898 0.504082
v -0.782240 -0.000898 0.504082
v -0.789517 0.000898 0.498052
v -0.789517 -0.000898 0.498052
v -0.803862 0.000898 0.469154
v -0.803862 -0.000898 0.469154
v -0.799250 0.000898 0.456822
v -0.799250 -0.000898 0.456822
v -0.791330 0.000898 0.466147
v -0.791330 -0.000898 0.466147
v -0.787018 0.000898 0.455319
v -0.787018 -0.000898 0.455319
v -0.780301 0.000898 0.463740
v -0.780301 -0.000898 0.463740
v -0.775488 0.000898 0.453213
v -0.775488 -0.000898 0.453213
v -0.767167 0.000898 0.461134
v -0.767167 -0.000898 0.461134
v -0.762455 0.000898 0.449704
v -0.762455 -0.000898 0.449704
v -0.755336 0.000898 0.458928
v -0.755336 -0.000898 0.458928
v -0.750524 0.000898 0.447498
v -0.750524 -0.000898 0.447498
v -0.743104 0.000898 0.456221
v -0.743104 -0.000898 0.456221
v -0.738593 0.000898 0.444390
v -0.738593 -0.000898 0.444390
v -0.729970 0.000898 0.453714
v -0.729970 -0.000898 0.453714
v -0.725960 0.000898 0.442184
v -0.725960 -0.000898 0.442184
v -0.718240 0.000898 0.450707
v -0.718240 -0.000898 0.450707
v -0.713427 0.000898 0.438675
v -0.713427 -0.000898 0.438675
v -0.706409 0.000898 0.447498
v -0.706409 -0.000898 0.447498
v -0.701797 0.000898 0.436570
v -0.701797 -0.000898 0.436570
v -0.694077 0.000898 0.445092
v -0.694077 -0.000898 0.445092
v -0.689365 0.000898 0.434364
v -0.689365 -0.000898 0.434364
v -0.681946 0.000898 0.441984
v -0.681946 -0.000898 0.441984
v -0.677635 0.000898 0.431657
v -0.677635 -0.000898 0.431657
v -0.669814 0.000898 0.440079
v -0.669814 -0.000898 0.440079
v -0.665202 0.000898 0.429251
v -0.665202 -0.000898 0.429251
v -0.657182 0.000898 0.437673
v -0.657182 -0.000898 0.437673
v -0.653271 0.000898 0.426744
v -0.653271 -0.000898 0.426744
v -0.644950 0.000898 0.435567
v -0.644950 -0.000898 0.435567
v -0.640238 0.000898 0.423636
v -0.640238 -0.000898 0.423636
v -0.632919 0.000898 0.432660
v -0.632919 -0.000898 0.432660
v -0.628106 0.000898 0.421531
v -0.628106 -0.000898 0.421531
v -0.620787 0.000898 0.429652
v -0.620787 -0.000898 0.429652
v -0.616075 0.000898 0.417921
v -0.616075 -0.000898 0.417921
v -0.608756 0.000898 0.426544
v -0.608756 -0.000898 0.426544
v -0.603542 0.000898 0.415214
v -0.603542 -0.000898 0.415214
v -0.596223 0.000898 0.424539
v -0.596223 -0.000898 0.424539
v -0.591712 0.000898 0.413510
v -0.591712 -0.000898 0.413510
v -0.583791 0.000898 0.422734
v -0.583791 -0.000898 0.422734
v -0.578979 0.000898 0.410703
v -0.578979 -0.000898 0.410703
v -0.571760 0.000898 0.419626
v -0.571760 -0.000898 0.419626
v -0.567248 0.000898 0.408296
v -0.567248 -0.000898 0.408296
v -0.559829 0.000898 0.417220
v -0.559829 -0.000898 0.417220
v -0.555217 0.000898 0.405589
v -0.555217 -0.000898 0.405589
v -0.547497 0.000898 0.414011
v -0.547497 -0.000898 0.414011
v -0.542985 0.000898 0.403083
v -0.542985 -0.000898 0.403083
v -0.535466 0.000898 0.412006
v -0.535466 -0.000898 0.412006
v -0.530954 0.000898 0.400276
v -0.530954 -0.000898 0.400276
v -0.523434 0.000898 0.408898
v -0.523434 -0.000898 0.408898
v -0.518421 0.000898 0.397368
v -0.518421 -0.000898 0.397368
v -0.510802 0.000898 0.406392
v -0.510802 -0.000898 0.406392
v -0.506290 0.000898 0.395563
v -0.506290 -0.000898 0.395563
v -0.498871 0.000898 0.403785
v -0.498871 -0.000898 0.403785
v -0.493958 0.000898 0.392355
v -0.493958 -0.000898 0.392355
v -0.486739 0.000898 0.400677
v -0.486739 -0.000898 0.400677
v -0.481526 0.000898 0.389849
v -0.481526 -0.000898 0.389849
v -0.474207 0.000898 0.398471
v -0.474207 -0.000898 0.398471
v -0.469795 0.000898 0.387442
v -0.469795 -0.000898 0.387442
v -0.462075 0.000898 0.396065
v -0.462075 -0.000898 0.396065
v -0.457263 0.000898 0.384535
v -0.457263 -0.000898 0.384535
v -0.449944 0.000898 0.393659
v -0.449944 -0.000898 0.393659
v -0.444931 0.000898 0.382329
v -0.444931 -0.000898 0.382329
v -0.437311 0.000898 0.391152
v -0.437311 -0.000898 0.391152
v -0.433000 0.000898 0.379923
v -0.433000 -0.000898 0.379923
v -0.425480 0.000898 0.388244
v -0.425480 -0.000898 0.388244
v -0.420668 0.000898 0.377015
v -0.420668 -0.000898 0.377015
v -0.413248 0.000898 0.385938
v -0.413248 -0.000898 0.385938
v -0.408436 0.000898 0.374108
v -0.408436 -0.000898 0.374108
v -0.400716 0.000898 0.383633
v -0.400716 -0.000898 0.383633
v -0.396304 0.000898 0.372103
v -0.396304 -0.000898 0.372103
v -0.388785 0.000898 0.380925
v -0.388785 -0.000898 0.380925
v -0.384073 0.000898 0.369997
v -0.384073 -0.000898 0.369997
v -0.376353 0.000898 0.378419
v -0.376353 -0.000898 0.378419
v -0.371641 0.000898 0.366789
v -0.371641 -0.000898 0.366789
v -0.364121 0.000898 0.375612
v -0.364121 -0.000898 0.375612
v -0.359409 0.000898 0.364583
v -0.359409 -0.000898 0.364583
v -0.351990 0.000898 0.373306
v -0.351990 -0.000898 0.373306
v -0.351990 0.000898 0.373306
v -0.351990 -0.000898 0.373306
v -0.347478 0.000898 0.361976
v -0.347478 -0.000898 0.361976
v -0.340059 0.000898 0.370498
v -0.340059 -0.000898 0.370498
v -0.335647 0.000898 0.359269
v -0.335647 -0.000898 0.359269
v -0.327626 0.000898 0.368192
v -0.327626 -0.000898 0.368192
v -0.322814 0.000898 0.356663
v -0.322814 -0.000898 0.356663
v -0.315395 0.000898 0.365084
v -0.315395 -0.000898 0.365084
v -0.310582 0.000898 0.353855
v -0.310582 -0.000898 0.353855
v -0.303464 0.000898 0.362377
v -0.303464 -0.000898 0.362377
v -0.298050 0.000898 0.351449
v -0.298050 -0.000898 0.351449
v -0.291031 0.000898 0.360472
v -0.291031 -0.000898 0.360472
v -0.286018 0.000898 0.348842
v -0.286018 -0.000898 0.348842
v -0.278900 0.000898 0.357665
v -0.278900 -0.000898 0.357665
v -0.273987 0.000898 0.346737
v -0.273987 -0.000898 0.346737
v -0.266468 0.000898 0.355058
v -0.266468 -0.000898 0.355058
v -0.261956 0.000898 0.344531
v -0.261956 -0.000898 0.344531
v -0.254413 0.000898 0.352132
v -0.254413 -0.000898 0.352132
v -0.249655 0.000898 0.340876
v -0.249655 -0.000898 0.340876
v -0.242519 0.000898 0.349405
v -0.242519 -0.000898 0.349405
v -0.237355 0.000898 0.338265
v -0.237355 -0.000898 0.338265
v -0.230044 0.000898 0.347142
v -0.230044 -0.000898 0.347142
v -0.225229 0.000898 0.336002
v -0.225229 -0.000898 0.336002
v -0.217686 0.000898 0.344241
v -0.217686 -0.000898 0.344241
v -0.212928 0.000898 0.333275
v -0.212928 -0.000898 0.333275
v -0.205211 0.000898 0.341978
v -0.205211 -0.000898 0.341978
v -0.200570 0.000898 0.330606
v -0.200570 -0.000898 0.330606
v -0.193027 0.000898 0.339077
v -0.193027 -0.000898 0.339077
v -0.188269 0.000898 0.327937
v -0.188269 -0.000898 0.327937
v -0.180553 0.000898 0.336524
v -0.180553 -0.000898 0.336524
v -0.175911 0.000898 0.325442
v -0.175911 -0.000898 0.325442
v -0.169294 0.000898 0.333022
v -0.169294 -0.000898 0.333022
v -0.148672 0.000898 0.361945
v -0.148672 -0.000898 0.361945
vn -0.7599 -0.0000 0.6500
vn -0.3408 -0.0000 0.9401
vn 0.0526 -0.0000 0.9986
vn 0.4327 -0.0000 0.9015
vn 0.8366 -0.0000 0.5478
vn 0.9980 -0.0000 0.0632
vn 0.9969 -0.0000 -0.0789
vn 0.9892 -0.0000 0.1469
vn 0.9736 -0.0000 0.2282
vn 0.9884 -0.0000 0.1518
vn 0.9886 -0.0000 0.1503
vn 0.9366 -0.0000 0.3504
vn 0.9734 -0.0000 0.2291
vn 0.9981 -0.0000 -0.0624
vn 0.5279 -0.0000 -0.8493
vn 0.4578 -0.0000 -0.8891
vn 0.2969 -0.0000 -0.9549
vn 0.0943 -0.0000 -0.9955
vn -0.2686 -0.0000 -0.9633
vn -0.6485 -0.0000 -0.7612
vn -0.8239 -0.0000 -0.5667
vn -0.9242 -0.0000 -0.3820
vn -0.9939 -0.0000 -0.1104
vn -0.9873 -0.0000 0.1586
vn -0.9303 -0.0000 0.3667
vn 0.5843 -0.0000 -0.8115
vn 0.4418 -0.0000 -0.8971
vn 0.4476 -0.0000 -0.8943
vn 0.1695 -0.0000 -0.9855
vn -0.0262 -0.0000 -0.9997
vn -0.2260 -0.0000 -0.9741
vn -0.3528 -0.0000 -0.9357
vn -0.9589 -0.0000 -0.2839
vn -0.9686 -0.0000 -0.2484
vn -0.9846 -0.0000 -0.1748
vn -0.9991 -0.0000 -0.0435
vn -0.9988 -0.0000 0.0499
vn -0.5145 -0.0000 0.8575
vn -0.3705 -0.0000 0.9288
vn -0.1200 -0.0000 0.9928
vn 0.3176 -0.0000 0.9482
vn 0.6963 -0.0000 0.7178
vn 0.8458 -0.0000 0.5335
vn 0.9760 -0.0000 0.2176
vn 0.9763 -0.0000 0.2165
vn 0.9999 -0.0000 0.0109
vn -0.0004 -1.0000 -0.0000
vn -0.0004 -1.0000 0.0001
vn -0.0003 -1.0000 0.0002
vn -0.0003 -1.0000 0.0001
vn -0.0003 -1.0000 0.0003
vn 0.0001 1.0000 -0.0002
vn -0.0000 1.0000 -0.0003
vn 0.0004 1.0000 -0.0000
vn -0.0079 -0.0000 1.0000
vn -0.1857 -0.0000 0.9826
vn -0.5045 -0.0000 0.8634
vn -0.7839 -0.0000 0.6208
vn -0.9987 -0.0000 0.0514
vn -0.9366 -0.0000 -0.3503
vn 0.7621 -0.0000 -0.6474
vn -0.9291 -0.0000 -0.3699
vn 0.7818 -0.0000 -0.6236
vn -0.9095 -0.0000 -0.4158
vn 0.6894 -0.0000 -0.7243
vn -0.9245 -0.0000 -0.3812
vn 0.7917 -0.0000 -0.6110
vn -0.9216 -0.0000 -0.3881
vn 0.7617 -0.0000 -0.6479
vn -0.9344 -0.0000 -0.3563
vn 0.7342 -0.0000 -0.6789
vn -0.9445 -0.0000 -0.3285
vn 0.7411 -0.0000 -0.6714
vn -0.9285 -0.0000 -0.3714
vn 0.7826 -0.0000 -0.6225
vn -0.9213 -0.0000 -0.3888
vn -0.9156 -0.0000 -0.4022
vn 0.7165 -0.0000 -0.6976
vn -0.9228 -0.0000 -0.3853
vn 0.7328 -0.0000 -0.6805
vn -0.9200 -0.0000 -0.3919
vn 0.7241 -0.0000 -0.6897
vn -0.9415 -0.0000 -0.3369
vn 0.7275 -0.0000 -0.6861
vn -0.9301 -0.0000 -0.3673
vn 0.7766 -0.0000 -0.6299
vn -0.9179 -0.0000 -0.3969
vn 0.7428 -0.0000 -0.6695
vn -0.9279 -0.0000 -0.3728
vn 0.7624 -0.0000 -0.6471
vn -0.9084 -0.0000 -0.4180
vn 0.7866 -0.0000 -0.6174
vn -0.9255 -0.0000 -0.3786
vn 0.7587 -0.0000 -0.6515
vn 0.7774 -0.0000 -0.6289
vn -0.9290 -0.0000 -0.3700
vn 0.7689 -0.0000 -0.6393
vn -0.9296 -0.0000 -0.3686
vn 0.7372 -0.0000 -0.6757
vn -0.9243 -0.0000 -0.3816
vn 0.7647 -0.0000 -0.6444
vn -0.9333 -0.0000 -0.3590
vn 0.7537 -0.0000 -0.6573
vn -0.9171 -0.0000 -0.3987
vn 0.7640 -0.0000 -0.6452
vn -0.9231 -0.0000 -0.3846
vn 0.7424 -0.0000 -0.6700
vn -0.9187 -0.0000 -0.3949
vn 0.7554 -0.0000 -0.6553
vn -0.9010 -0.0000 -0.4338
vn 0.7450 -0.0000 -0.6670
vn -0.9228 -0.0000 -0.3852
vn 0.7800 -0.0000 -0.6257
vn -0.9145 -0.0000 -0.4046
vn 0.7568 -0.0000 -0.6536
vn -0.9336 -0.0000 -0.3584
vn 0.7420 -0.0000 -0.6704
vn -0.9191 -0.0000 -0.3939
vn -0.9263 -0.0000 -0.3768
vn 0.7769 -0.0000 -0.6297
vn -0.9340 -0.0000 -0.3573
vn 0.7611 -0.0000 -0.6486
vn -0.9183 -0.0000 -0.3960
vn -0.9268 -0.0000 -0.3755
vn 0.7611 -0.0000 -0.6487
vn -0.9196 -0.0000 -0.3929
vn -0.0000 1.0000 -0.0000
vn 0.7542 -0.0000 -0.6566
vn -0.9308 -0.0000 -0.3657
vn 0.7437 -0.0000 -0.6685
vn 0.7504 -0.0000 -0.6610
vn 0.7675 -0.0000 -0.6411
vn -0.8961 -0.0000 -0.4439
vn 0.7894 -0.0000 -0.6139
vn -0.9183 -0.0000 -0.3958
vn 0.7783 -0.0000 -0.6279
vn -0.9121 -0.0000 -0.4100
vn 0.7098 -0.0000 -0.7044
vn -0.9211 -0.0000 -0.3893
vn 0.7669 -0.0000 -0.6417
vn -0.9073 -0.0000 -0.4206
vn 0.7719 -0.0000 -0.6357
vn -0.9179 -0.0000 -0.3968
vn 0.7376 -0.0000 -0.6753
vn -0.9174 -0.0000 -0.3980
vn 0.7482 -0.0000 -0.6634
vn -0.9258 -0.0000 -0.3779
vn 0.7468 -0.0000 -0.6650
vn -0.9196 -0.0000 -0.3928
vn 0.7438 -0.0000 -0.6684
vn -0.9224 -0.0000 -0.3863
vn 0.7533 -0.0000 -0.6577
vn 0.7847 -0.0000 -0.6198
vn 0.8142 -0.0000 -0.5805
vn 0.9475 -0.0000 0.3196
vn -0.0000 -1.0000 -0.0000
vt 0.629369 0.938552
vt 0.629369 0.931347
vt 0.649291 0.931347
vt 0.649291 0.938552
vt 0.629369 0.787438
vt 0.649291 0.787438
vt 0.730906 0.904823
vt 0.750829 0.904823
vt 0.750829 0.912513
vt 0.730906 0.912513
vt 0.750829 0.922839
vt 0.730906 0.922839
vt 0.750829 0.932935
vt 0.730906 0.932935
vt 0.746447 0.934683
vt 0.746447 0.954605
vt 0.732439 0.954605
vt 0.732439 0.934683
vt 0.624257 0.999063
vt 0.604335 0.999063
vt 0.604335 0.983145
vt 0.624257 0.983145
vt 0.604335 0.948374
vt 0.624257 0.948374
vt 0.604335 0.916432
vt 0.624257 0.916432
vt 0.604335 0.888686
vt 0.624257 0.888686
vt 0.604335 0.871794
vt 0.624257 0.871794
vt 0.604335 0.845570
vt 0.624257 0.845570
vt 0.652153 0.814800
vt 0.672075 0.814800
vt 0.672075 0.822453
vt 0.652153 0.822453
vt 0.672075 0.835048
vt 0.652153 0.835048
vt 0.672075 0.859741
vt 0.652153 0.859741
vt 0.600586 0.999551
vt 0.580664 0.999551
vt 0.580664 0.977873
vt 0.600586 0.977873
vt 0.580664 0.904680
vt 0.600586 0.904680
vt 0.580664 0.898095
vt 0.600586 0.898095
vt 0.580664 0.772103
vt 0.600586 0.772103
vt 0.580664 0.765098
vt 0.600586 0.765098
vt 0.580664 0.757597
vt 0.600586 0.757597
vt 0.649291 0.998484
vt 0.629369 0.998484
vt 0.629369 0.956744
vt 0.649291 0.956744
vt 0.629369 0.947698
vt 0.649291 0.947698
vt 0.771211 0.904824
vt 0.771661 0.911924
vt 0.751739 0.911924
vt 0.751289 0.904824
vt 0.771661 0.925626
vt 0.751739 0.925626
vt 0.672275 0.861610
vt 0.672275 0.890878
vt 0.652352 0.890878
vt 0.652352 0.861610
vt 0.672275 0.913588
vt 0.652352 0.913588
vt 0.672275 0.924966
vt 0.652352 0.924966
vt 0.672275 0.967630
vt 0.652352 0.967630
vt 0.672275 0.988922
vt 0.652352 0.988922
vt 0.672275 0.997508
vt 0.652352 0.997508
vt 0.926195 0.961888
vt 0.926195 0.956392
vt 0.946118 0.956392
vt 0.946118 0.961888
vt 0.926195 0.947898
vt 0.946118 0.947898
vt 0.926195 0.926955
vt 0.946118 0.926955
vt 0.926195 0.911663
vt 0.946118 0.911663
vt 0.575090 0.855349
vt 0.575120 0.865237
vt 0.555198 0.865299
vt 0.555168 0.855410
vt 0.575391 0.952576
vt 0.555468 0.952638
vt 0.575413 0.959947
vt 0.555491 0.960008
vt 0.575090 0.999724
vt 0.555168 0.999785
vt 0.732008 0.876881
vt 0.721621 0.920387
vt 0.717690 0.944615
vt 0.716656 0.956962
vt 0.683011 0.963233
vt 0.684772 0.950525
vt 0.686033 0.928485
vt 0.689429 0.904500
vt 0.694810 0.879595
vt 0.694455 0.865373
vt 0.691851 0.854729
vt 0.693714 0.847712
vt 0.698738 0.842764
vt 0.705485 0.841226
vt 0.822622 0.842635
vt 0.826688 0.845279
vt 0.830103 0.851135
vt 0.832545 0.858264
vt 0.836771 0.902385
vt 0.835083 0.910311
vt 0.832435 0.915563
vt 0.776136 0.992631
vt 0.772401 0.995069
vt 0.719304 0.998928
vt 0.722328 0.965277
vt 0.737724 0.967844
vt 0.750559 0.967439
vt 0.755686 0.962926
vt 0.791037 0.915965
vt 0.792901 0.911203
vt 0.791421 0.876450
vt 0.787296 0.873804
vt 0.776796 0.871187
vt 0.754909 0.871417
vt 0.739024 0.873797
vt 0.717239 0.962582
vt 0.700840 0.996051
vt 0.683419 0.989863
vt 0.675663 0.985599
vt 0.674910 0.979129
vt 0.924289 0.967293
vt 0.902119 0.994660
vt 0.898413 0.992178
vt 0.919216 0.962719
vt 0.882622 0.910555
vt 0.884430 0.915339
vt 0.843040 0.914442
vt 0.840454 0.909159
vt 0.838861 0.901213
vt 0.843613 0.857146
vt 0.846141 0.850046
vt 0.849625 0.844231
vt 0.853723 0.841636
vt 0.970869 0.841627
vt 0.977596 0.843246
vt 0.982562 0.848254
vt 0.984340 0.855293
vt 0.981609 0.865904
vt 0.981084 0.880121
vt 0.986167 0.905089
vt 0.989276 0.929113
vt 0.990274 0.951166
vt 0.991883 0.963895
vt 0.999793 0.979886
vt 0.998963 0.986347
vt 0.991157 0.990518
vt 0.973663 0.996497
vt 0.955166 0.999153
vt 0.937118 0.967851
vt 0.952544 0.965468
vt 0.957665 0.962835
vt 0.958315 0.957222
vt 0.957429 0.944864
vt 0.953788 0.920590
vt 0.943922 0.876963
vt 0.936942 0.873796
vt 0.921087 0.871225
vt 0.899205 0.870734
vt 0.888673 0.873225
vt 0.884518 0.875822
vt 0.153107 0.443896
vt 0.155281 0.443896
vt 0.155281 0.993754
vt 0.153107 0.993754
vt 0.040979 0.624683
vt 0.043153 0.624683
vt 0.043153 0.636791
vt 0.040979 0.636791
vt 0.043153 0.648224
vt 0.040979 0.648224
vt 0.043153 0.683444
vt 0.040979 0.683444
vt 0.006792 0.970832
vt 0.008966 0.970832
vt 0.008966 0.981889
vt 0.006792 0.981889
vt 0.000376 0.955689
vt 0.002550 0.955689
vt 0.002550 0.970495
vt 0.000376 0.970495
vt 0.018279 0.982476
vt 0.020452 0.982476
vt 0.020452 0.992475
vt 0.018279 0.992475
vt 0.008874 0.835246
vt 0.011047 0.835246
vt 0.011047 0.848269
vt 0.008874 0.848269
vt 0.025404 0.959869
vt 0.027578 0.959869
vt 0.027578 0.970280
vt 0.025404 0.970280
vt 0.007230 0.775042
vt 0.009404 0.775042
vt 0.009404 0.788893
vt 0.007230 0.788893
vt 0.015455 0.941541
vt 0.017629 0.941541
vt 0.017629 0.952275
vt 0.015455 0.952275
vt 0.068276 0.982826
vt 0.070449 0.982826
vt 0.070449 0.996899
vt 0.068276 0.996899
vt 0.045579 0.971548
vt 0.047753 0.971548
vt 0.047753 0.982393
vt 0.045579 0.982393
vt 0.028097 0.780564
vt 0.030271 0.780564
vt 0.030271 0.794423
vt 0.028097 0.794423
vt 0.029341 0.948722
vt 0.031515 0.948722
vt 0.031515 0.959426
vt 0.029341 0.959426
vt 0.038859 0.731105
vt 0.041032 0.731105
vt 0.041032 0.746471
vt 0.038859 0.746471
vt 0.030141 0.971041
vt 0.032315 0.971041
vt 0.032315 0.981044
vt 0.030141 0.981044
vt 0.025462 0.780370
vt 0.027636 0.780370
vt 0.027636 0.794287
vt 0.025462 0.794287
vt 0.002445 0.970832
vt 0.004619 0.970832
vt 0.004619 0.981967
vt 0.002445 0.981967
vt 0.009222 0.862773
vt 0.011396 0.862773
vt 0.011396 0.876401
vt 0.009222 0.876401
vt 0.029751 0.959869
vt 0.031925 0.959869
vt 0.031925 0.970250
vt 0.029751 0.970250
vt 0.013332 0.683606
vt 0.015506 0.683606
vt 0.015506 0.697523
vt 0.013332 0.697523
vt 0.029751 0.970265
vt 0.027578 0.970265
vt 0.032229 0.983102
vt 0.034403 0.983102
vt 0.034403 0.995959
vt 0.032229 0.995959
vt 0.034488 0.971041
vt 0.034488 0.980799
vt 0.032315 0.980799
vt 0.023046 0.780419
vt 0.025220 0.780419
vt 0.025220 0.794325
vt 0.023046 0.794325
vt 0.034098 0.959869
vt 0.034098 0.970202
vt 0.031925 0.970202
vt 0.029734 0.982449
vt 0.031908 0.982449
vt 0.031908 0.996516
vt 0.029734 0.996516
vt 0.036662 0.971041
vt 0.036662 0.980643
vt 0.034488 0.980643
vt 0.000553 0.940439
vt 0.002726 0.940439
vt 0.002726 0.955110
vt 0.000553 0.955110
vt 0.043818 0.960115
vt 0.045992 0.960115
vt 0.045992 0.971090
vt 0.043818 0.971090
vt 0.022961 0.982498
vt 0.025134 0.982498
vt 0.025134 0.996549
vt 0.022961 0.996549
vt 0.003481 0.890784
vt 0.005655 0.890784
vt 0.005655 0.901484
vt 0.003481 0.901484
vt 0.006700 0.835246
vt 0.008874 0.835246
vt 0.008874 0.848477
vt 0.006700 0.848477
vt 0.043405 0.971548
vt 0.045579 0.982427
vt 0.043405 0.982427
vt 0.011594 0.820780
vt 0.013767 0.820780
vt 0.013767 0.834467
vt 0.011594 0.834467
vt 0.000271 0.970832
vt 0.002445 0.970832
vt 0.002445 0.982075
vt 0.000271 0.982075
vt 0.011010 0.683281
vt 0.013184 0.683281
vt 0.013184 0.697606
vt 0.011010 0.697606
vt 0.036272 0.959869
vt 0.036272 0.970187
vt 0.034098 0.970187
vt 0.052107 0.675645
vt 0.054280 0.675645
vt 0.054280 0.690359
vt 0.052107 0.690359
vt 0.011683 0.970909
vt 0.013857 0.970909
vt 0.013857 0.982044
vt 0.011683 0.982044
vt 0.020873 0.780419
vt 0.023046 0.780419
vt 0.023046 0.794299
vt 0.020873 0.794299
vt 0.018883 0.959869
vt 0.021057 0.959869
vt 0.021057 0.970331
vt 0.018883 0.970331
vt 0.025134 0.982498
vt 0.027308 0.982498
vt 0.027308 0.996538
vt 0.025134 0.996538
vt 0.019004 0.971161
vt 0.021177 0.971161
vt 0.021177 0.981880
vt 0.019004 0.981880
vt 0.018492 0.786092
vt 0.020665 0.786092
vt 0.020665 0.799918
vt 0.018492 0.799918
vt 0.021446 0.971041
vt 0.023620 0.971041
vt 0.023620 0.981311
vt 0.021446 0.981311
vt 0.010042 0.636477
vt 0.012216 0.636477
vt 0.012216 0.650598
vt 0.010042 0.650598
vt 0.007012 0.878211
vt 0.009185 0.878211
vt 0.009185 0.888866
vt 0.007012 0.888866
vt 0.020424 0.808481
vt 0.022598 0.808481
vt 0.022598 0.822328
vt 0.020424 0.822328
vt 0.006792 0.970832
vt 0.006792 0.981948
vt 0.004619 0.981948
vt 0.086992 0.985576
vt 0.089166 0.985576
vt 0.089166 0.999868
vt 0.086992 0.999868
vt 0.023620 0.971041
vt 0.025794 0.971041
vt 0.025794 0.981263
vt 0.023620 0.981263
vt 0.011203 0.848917
vt 0.013377 0.848917
vt 0.013377 0.862320
vt 0.011203 0.862320
vt 0.036884 0.971548
vt 0.039058 0.971548
vt 0.039058 0.982505
vt 0.036884 0.982505
vt 0.015550 0.848917
vt 0.015550 0.862251
vt 0.013377 0.862251
vt 0.041133 0.960019
vt 0.043306 0.960019
vt 0.043306 0.971020
vt 0.041133 0.971020
vt 0.007049 0.862772
vt 0.009222 0.862772
vt 0.009222 0.876460
vt 0.007049 0.876460
vt 0.022626 0.982476
vt 0.022626 0.992683
vt 0.020452 0.992683
vt 0.008517 0.669450
vt 0.010691 0.669450
vt 0.010691 0.683458
vt 0.008517 0.683458
vt 0.041232 0.971548
vt 0.043405 0.971548
vt 0.043405 0.982441
vt 0.041232 0.982441
vt 0.012216 0.664740
vt 0.010042 0.664740
vt 0.038959 0.960019
vt 0.041133 0.960019
vt 0.041133 0.971038
vt 0.038959 0.971038
vt 0.010042 0.622368
vt 0.012216 0.622368
vt 0.025794 0.971041
vt 0.027967 0.971041
vt 0.027967 0.981233
vt 0.025794 0.981233
vt 0.006856 0.848917
vt 0.009029 0.848917
vt 0.009029 0.862492
vt 0.006856 0.862492
vt 0.052100 0.971548
vt 0.054273 0.971548
vt 0.054273 0.982297
vt 0.052100 0.982297
vt 0.027561 0.982449
vt 0.029734 0.982449
vt 0.029734 0.996490
vt 0.027561 0.996490
vt 0.016501 0.970998
vt 0.018675 0.970998
vt 0.018675 0.982036
vt 0.016501 0.982036
vt 0.045952 0.705164
vt 0.048071 0.705164
vt 0.048071 0.719619
vt 0.045952 0.719619
vt 0.023230 0.959869
vt 0.025404 0.959869
vt 0.025404 0.970317
vt 0.023230 0.970317
vt 0.011010 0.668868
vt 0.013184 0.668868
vt 0.013184 0.682897
vt 0.011010 0.682897
vt 0.066438 0.971827
vt 0.068611 0.971827
vt 0.068611 0.982319
vt 0.066438 0.982319
vt 0.024772 0.808481
vt 0.024772 0.822306
vt 0.022598 0.822306
vt 0.047753 0.971548
vt 0.049926 0.971548
vt 0.049926 0.982379
vt 0.047753 0.982379
vt 0.012854 0.982580
vt 0.015028 0.982580
vt 0.015028 0.996609
vt 0.012854 0.996609
vt 0.006054 0.890784
vt 0.008227 0.890784
vt 0.008227 0.901325
vt 0.006054 0.901325
vt 0.009404 0.775042
vt 0.011578 0.775042
vt 0.011578 0.788900
vt 0.009404 0.788900
vt 0.010018 0.997501
vt 0.021057 0.959868
vt 0.023230 0.959868
vt 0.023230 0.970331
vt 0.021057 0.970331
vt 0.006735 0.821146
vt 0.008908 0.821146
vt 0.008908 0.834823
vt 0.006735 0.834823
vt 0.036272 0.959869
vt 0.038446 0.959869
vt 0.038446 0.970172
vt 0.036272 0.970172
vt 0.053369 0.983563
vt 0.055543 0.983563
vt 0.055543 0.998084
vt 0.053369 0.998084
vt 0.039058 0.971548
vt 0.041232 0.971548
vt 0.041232 0.982441
vt 0.039058 0.982441
vt 0.009139 0.821147
vt 0.011312 0.821147
vt 0.011312 0.834732
vt 0.009139 0.834732
vt 0.052100 0.971548
vt 0.052100 0.982297
vt 0.049926 0.982297
vt 0.013702 0.835246
vt 0.015876 0.835246
vt 0.015876 0.848681
vt 0.013702 0.848681
vt 0.015456 0.982702
vt 0.017630 0.982702
vt 0.017630 0.993974
vt 0.015456 0.993974
vt 0.025944 0.794583
vt 0.028118 0.794583
vt 0.028118 0.808393
vt 0.025944 0.808393
vt 0.016030 0.970909
vt 0.016030 0.982073
vt 0.013857 0.982073
vt 0.023386 0.794583
vt 0.025559 0.794583
vt 0.025559 0.808291
vt 0.023386 0.808291
vt 0.046295 0.960511
vt 0.048469 0.960511
vt 0.048469 0.971226
vt 0.046295 0.971226
vt 0.011396 0.862772
vt 0.013570 0.862772
vt 0.013570 0.876347
vt 0.011396 0.876347
vt 0.027967 0.971041
vt 0.030141 0.971041
vt 0.030141 0.981118
vt 0.027967 0.981118
vt 0.011529 0.835246
vt 0.013702 0.848183
vt 0.011529 0.848183
vt 0.001307 0.890784
vt 0.003481 0.901484
vt 0.001307 0.901484
vt 0.011203 0.862374
vt 0.009029 0.862374
vt 0.009509 0.970909
vt 0.011683 0.982005
vt 0.009509 0.982005
vt 0.019562 0.823174
vt 0.021736 0.823174
vt 0.021736 0.837086
vt 0.019562 0.837086
vt 0.050642 0.960511
vt 0.050642 0.971220
vt 0.048469 0.971220
vt 0.018050 0.835246
vt 0.018050 0.848763
vt 0.015876 0.848763
vt 0.001270 0.901892
vt 0.003444 0.901892
vt 0.003444 0.912453
vt 0.001270 0.912453
vt 0.089619 0.985738
vt 0.091792 0.985738
vt 0.091792 0.999816
vt 0.089619 0.999816
vt 0.000429 0.913649
vt 0.002602 0.913649
vt 0.002602 0.924277
vt 0.000429 0.924277
vt 0.020986 0.794503
vt 0.023160 0.794503
vt 0.023160 0.808231
vt 0.020986 0.808231
vt 0.003589 0.901780
vt 0.005763 0.901780
vt 0.005763 0.912425
vt 0.003589 0.912425
vt 0.008517 0.683458
vt 0.010691 0.697431
vt 0.008517 0.697431
vt 0.016709 0.959869
vt 0.018883 0.970357
vt 0.016709 0.970357
vt 0.003374 0.671196
vt 0.005547 0.671196
vt 0.005547 0.683374
vt 0.003374 0.683374
vt 0.005547 0.726143
vt 0.003374 0.726143
vt 0.045854 0.683223
vt 0.043681 0.683223
vt 0.043681 0.502639
vt 0.045854 0.502639
vt 0.306440 0.931346
vt 0.190538 0.999572
vt 0.162968 0.987502
vt 0.155532 0.983333
vt 0.163914 0.977557
vt 0.155452 0.972651
vt 0.163862 0.966769
vt 0.155526 0.961987
vt 0.164149 0.956160
vt 0.155590 0.951275
vt 0.163856 0.945423
vt 0.155712 0.940601
vt 0.164112 0.934670
vt 0.155480 0.930152
vt 0.163820 0.923933
vt 0.155506 0.919498
vt 0.164012 0.913595
vt 0.156398 0.908662
vt 0.164343 0.903091
vt 0.156135 0.898302
vt 0.164343 0.892328
vt 0.155789 0.887960
vt 0.164561 0.881780
vt 0.155858 0.877530
vt 0.163979 0.871140
vt 0.155674 0.866719
vt 0.164149 0.860776
vt 0.155875 0.856088
vt 0.164599 0.850092
vt 0.155805 0.844993
vt 0.164349 0.839382
vt 0.155992 0.834712
vt 0.164602 0.829000
vt 0.156079 0.824365
vt 0.164405 0.818540
vt 0.155781 0.813839
vt 0.164606 0.807909
vt 0.156280 0.802972
vt 0.164522 0.797164
vt 0.155898 0.792463
vt 0.164692 0.786799
vt 0.155452 0.782054
vt 0.164425 0.776006
vt 0.155736 0.771406
vt 0.164210 0.765462
vt 0.156002 0.760674
vt 0.164564 0.755146
vt 0.155923 0.750362
vt 0.164446 0.744235
vt 0.155607 0.739752
vt 0.164331 0.733757
vt 0.155839 0.728855
vt 0.164217 0.723279
vt 0.155794 0.718709
vt 0.163867 0.712503
vt 0.155711 0.707964
vt 0.164334 0.701903
vt 0.156227 0.697180
vt 0.164421 0.691556
vt 0.155614 0.686806
vt 0.164303 0.680644
vt 0.155845 0.675908
vt 0.164788 0.670127
vt 0.156081 0.665444
vt 0.164359 0.659802
vt 0.156033 0.654865
vt 0.164875 0.649018
vt 0.156185 0.644418
vt 0.164795 0.638706
vt 0.156141 0.634272
vt 0.165280 0.628189
vt 0.156254 0.623225
vt 0.164615 0.617566
vt 0.155610 0.613118
vt 0.164098 0.606825
vt 0.155676 0.602255
vt 0.164583 0.596308
vt 0.156576 0.591651
vt 0.164968 0.585725
vt 0.156213 0.581225
vt 0.165287 0.575243
vt 0.156524 0.569877
vt 0.164906 0.564734
vt 0.156527 0.559547
vt 0.164704 0.553840
vt 0.156361 0.548820
vt 0.164174 0.543449
vt 0.156566 0.538622
vt 0.164642 0.532849
vt 0.156233 0.527929
vt 0.164493 0.522205
vt 0.155956 0.517919
vt 0.165096 0.511836
vt 0.156687 0.506917
vt 0.165550 0.501586
vt 0.156319 0.496058
vt 0.165345 0.490259
vt 0.156821 0.485624
vt 0.165462 0.479645
vt 0.156576 0.475347
vt 0.165234 0.469451
vt 0.157219 0.463928
vt 0.165112 0.458107
vt 0.156960 0.454001
vt 0.165189 0.448543
vt 0.156080 0.443597
vt 0.165504 0.437628
vt 0.191962 0.444498
vt 0.198226 0.449484
vt 0.203029 0.456935
vt 0.105499 0.456935
vt 0.110302 0.449484
vt 0.116567 0.444498
vt 0.143024 0.437628
vt 0.152448 0.443597
vt 0.143339 0.448543
vt 0.151568 0.454001
vt 0.143416 0.458107
vt 0.151309 0.463928
vt 0.143294 0.469452
vt 0.151952 0.475347
vt 0.143066 0.479645
vt 0.151707 0.485624
vt 0.143183 0.490259
vt 0.152209 0.496058
vt 0.142978 0.501586
vt 0.151842 0.506917
vt 0.143432 0.511836
vt 0.152572 0.517919
vt 0.144035 0.522205
vt 0.152295 0.527929
vt 0.143886 0.532849
vt 0.151963 0.538622
vt 0.144354 0.543449
vt 0.152167 0.548820
vt 0.143824 0.553840
vt 0.152001 0.559547
vt 0.143622 0.564734
vt 0.152005 0.569877
vt 0.143241 0.575243
vt 0.152315 0.581225
vt 0.143560 0.585725
vt 0.151952 0.591651
vt 0.143945 0.596308
vt 0.152852 0.602255
vt 0.144430 0.606825
vt 0.152918 0.613118
vt 0.143913 0.617566
vt 0.152274 0.623225
vt 0.143248 0.628189
vt 0.152388 0.634272
vt 0.143733 0.638706
vt 0.152343 0.644418
vt 0.143653 0.649018
vt 0.152496 0.654865
vt 0.144169 0.659802
vt 0.152447 0.665444
vt 0.143740 0.670127
vt 0.152683 0.675908
vt 0.144225 0.680644
vt 0.152914 0.686806
vt 0.144107 0.691556
vt 0.152301 0.697180
vt 0.144194 0.701903
vt 0.152817 0.707964
vt 0.144661 0.712503
vt 0.152734 0.718709
vt 0.144311 0.723279
vt 0.152689 0.728855
vt 0.144197 0.733757
vt 0.152921 0.739752
vt 0.144082 0.744235
vt 0.152605 0.750362
vt 0.143964 0.755146
vt 0.152526 0.760674
vt 0.144318 0.765462
vt 0.152792 0.771406
vt 0.144103 0.776006
vt 0.153076 0.782054
vt 0.143836 0.786799
vt 0.152630 0.792463
vt 0.144006 0.797164
vt 0.152248 0.802972
vt 0.143922 0.807909
vt 0.152747 0.813839
vt 0.144123 0.818540
vt 0.152449 0.824365
vt 0.143926 0.829000
vt 0.152536 0.834712
vt 0.144179 0.839382
vt 0.152723 0.844993
vt 0.143929 0.850092
vt 0.152653 0.856088
vt 0.144379 0.860776
vt 0.152854 0.866719
vt 0.144549 0.871140
vt 0.152670 0.877530
vt 0.143967 0.881780
vt 0.152739 0.887960
vt 0.144185 0.892328
vt 0.152393 0.898302
vt 0.144185 0.903091
vt 0.152130 0.908662
vt 0.144516 0.913595
vt 0.153022 0.919498
vt 0.144709 0.923933
vt 0.153048 0.930152
vt 0.144416 0.934670
vt 0.152816 0.940601
vt 0.144672 0.945423
vt 0.152938 0.951275
vt 0.144379 0.956160
vt 0.153002 0.961987
vt 0.144666 0.966769
vt 0.153076 0.972651
vt 0.144614 0.977557
vt 0.152996 0.983333
vt 0.145560 0.987502
vt 0.117990 0.999572
vt 0.002088 0.931346
s 1
usemtl instruments
f 1712/3661/849 1709/3662/850 1711/3663/850 1710/3664/849
f 1709/3662/850 1713/3665/851 1714/3666/851 1711/3663/850
f 1714/3667/851 1713/3668/851 1715/3669/852 1716/3670/852
f 1716/3670/852 1715/3669/852 1717/3671/853 1718/3672/853
f 1718/3672/853 1717/3671/853 1719/3673/854 1720/3674/854
f 1720/3675/854 1719/3676/854 1721/3677/855 1722/3678/855
f 1722/3679/855 1721/3680/855 1723/3681/856 1724/3682/856
f 1724/3682/856 1723/3681/856 1725/3683/857 1726/3684/857
f 1726/3684/857 1725/3683/857 1727/3685/858 1728/3686/858
f 1728/3686/858 1727/3685/858 1729/3687/859 1730/3688/859
f 1730/3688/859 1729/3687/859 1731/3689/860 1732/3690/860
f 1732/3690/860 1731/3689/860 1733/3691/861 1734/3692/861
f 1734/3693/861 1733/3694/861 1735/3695/862 1736/3696/862
f 1736/3696/863 1735/3695/863 1737/3697/864 1738/3698/864
f 1738/3698/864 1737/3697/864 1739/3699/865 1740/3700/865
f 1740/3701/865 1739/3702/865 1741/3703/866 1742/3704/866
f 1742/3704/866 1741/3703/866 1743/3705/867 1744/3706/867
f 1744/3706/867 1743/3705/867 1745/3707/868 1746/3708/868
f 1746/3708/868 1745/3707/868 1747/3709/869 1748/3710/869
f 1748/3710/869 1747/3709/869 1749/3711/870 1750/3712/870
f 1750/3712/870 1749/3711/870 1751/3713/871 1752/3714/871
f 1752/3715/871 1751/3716/871 1753/3717/872 1754/3718/872
f 1754/3718/872 1753/3717/872 1755/3719/873 1756/3720/873
f 1710/3664/849 1756/3720/873 1755/3719/873 1712/3661/849
f 1757/3721/874 1759/3722/875 1760/3723/876 1758/3724/874
f 1759/3722/875 1761/3725/877 1762/3726/877 1760/3723/876
f 1761/3727/877 1763/3728/878 1764/3729/878 1762/3730/877
f 1763/3728/878 1765/3731/879 1766/3732/879 1764/3729/878
f 1765/3731/879 1767/3733/880 1768/3734/880 1766/3732/879
f 1767/3733/881 1769/3735/882 1770/3736/882 1768/3734/881
f 1769/3735/882 1771/3737/883 1772/3738/883 1770/3736/882
f 1771/3737/883 1773/3739/884 1774/3740/884 1772/3738/883
f 1773/3741/884 1775/3742/885 1776/3743/885 1774/3744/884
f 1775/3742/886 1777/3745/887 1778/3746/887 1776/3743/886
f 1777/3745/887 1779/3747/888 1780/3748/888 1778/3746/887
f 1779/3747/888 1781/3749/889 1782/3750/889 1780/3748/888
f 1781/3751/889 1783/3752/890 1784/3753/890 1782/3754/889
f 1783/3752/890 1785/3755/891 1786/3756/891 1784/3753/890
f 1785/3755/891 1787/3757/892 1788/3758/893 1786/3756/891
f 1757/3759/894 1758/3760/894 1788/3758/893 1787/3757/892
f 1768/3761/895 1770/3762/895 1772/3763/895 1774/3764/896 1731/3765/897 1729/3766/895 1727/3767/895 1725/3768/895 1723/3769/895 1721/3770/895 1719/3771/895 1717/3772/895 1715/3773/895 1713/3774/895 1709/3775/895 1712/3776/895 1755/3777/895 1753/3778/895 1751/3779/895 1749/3780/895 1747/3781/895 1745/3782/895 1743/3783/895 1741/3784/898 1778/3785/897 1780/3786/895 1782/3787/895 1784/3788/895 1786/3789/895 1788/3790/895 1758/3791/895 1760/3792/895 1762/3793/895 1764/3794/895 1766/3795/895
f 1731/3765/897 1774/3764/896 1776/3796/899 1778/3785/897 1741/3784/898 1739/3797/899 1737/3798/899 1735/3799/899 1733/3800/899
f 1781/3801/900 1744/3802/901 1746/3803/901 1783/3804/900
f 1787/3805/902 1785/3806/902 1783/3804/900 1746/3803/901 1748/3807/902 1750/3808/902 1752/3809/902 1754/3810/902 1756/3811/902 1710/3812/902 1711/3813/902 1714/3814/902 1716/3815/902 1718/3816/902 1720/3817/902 1722/3818/902 1724/3819/902 1726/3820/902 1728/3821/902 1730/3822/902 1732/3823/902 1734/3824/902 1736/3825/902 1738/3826/902 1740/3827/902 1742/3828/902 1744/3802/901 1781/3801/900 1779/3829/902 1777/3830/902 1775/3831/902 1773/3832/902 1771/3833/902 1769/3834/902 1767/3835/902 1765/3836/902 1763/3837/902 1761/3838/902 1759/3839/902 1757/3840/902
f 1792/3841/903 1790/3842/903 1789/3843/904 1791/3844/904
f 1791/3845/904 1789/3846/904 1793/3847/905 1794/3848/905
f 1794/3848/905 1793/3847/905 1795/3849/906 1796/3850/906
f 1796/3850/906 1795/3849/906 1797/3851/907 1798/3852/907
f 1798/3853/907 1797/3854/907 1799/3855/908 1800/3856/908
f 1800/3857/909 1799/3858/909 1801/3859/909 1802/3860/909
f 1802/3861/910 1801/3862/910 1803/3863/910 1804/3864/910
f 1804/3865/911 1803/3866/911 1805/3867/911 1806/3868/911
f 1806/3869/912 1805/3870/912 1807/3871/912 1808/3872/912
f 1808/3873/913 1807/3874/913 1809/3875/913 1810/3876/913
f 1810/3877/914 1809/3878/914 1811/3879/914 1812/3880/914
f 1812/3881/915 1811/3882/915 1813/3883/915 1814/3884/915
f 1814/3885/916 1813/3886/916 1815/3887/916 1816/3888/916
f 1816/3889/917 1815/3890/917 1817/3891/917 1818/3892/917
f 1818/3893/918 1817/3894/918 1819/3895/918 1820/3896/918
f 1820/3897/919 1819/3898/919 1821/3899/919 1822/3900/919
f 1822/3901/920 1821/3902/920 1823/3903/920 1824/3904/920
f 1824/3905/921 1823/3906/921 1825/3907/921 1826/3908/921
f 1826/3909/922 1825/3910/922 1827/3911/922 1828/3912/922
f 1828/3913/923 1827/3914/923 1829/3915/923 1830/3916/923
f 1830/3917/924 1829/3918/924 1831/3919/924 1832/3920/924
f 1832/3921/921 1831/3922/921 1833/3923/921 1834/3924/921
f 1834/3870/925 1833/3917/925 1835/3925/925 1836/3926/925
f 1836/3927/926 1835/3928/926 1837/3929/926 1838/3930/926
f 1838/3902/927 1837/3931/927 1839/3932/927 1840/3933/927
f 1840/3934/928 1839/3935/928 1841/3936/928 1842/3937/928
f 1842/3918/929 1841/3938/929 1843/3939/929 1844/3940/929
f 1844/3941/930 1843/3942/930 1845/3943/930 1846/3944/930
f 1846/3931/931 1845/3945/931 1847/3946/931 1848/3947/931
f 1848/3948/932 1847/3949/932 1849/3950/932 1850/3951/932
f 1850/3952/933 1849/3953/933 1851/3954/933 1852/3955/933
f 1852/3956/934 1851/3957/934 1853/3958/934 1854/3959/934
f 1854/3960/935 1853/3961/935 1855/3962/935 1856/3963/935
f 1856/3964/936 1855/3965/936 1857/3966/936 1858/3967/936
f 1858/3968/937 1857/3885/937 1859/3969/937 1860/3970/937
f 1860/3971/938 1859/3972/938 1861/3973/938 1862/3974/938
f 1862/3975/939 1861/3976/939 1863/3977/939 1864/3978/939
f 1864/3979/940 1863/3980/940 1865/3981/940 1866/3982/940
f 1866/3938/941 1865/3983/941 1867/3984/941 1868/3985/941
f 1868/3986/942 1867/3987/942 1869/3988/942 1870/3989/942
f 1870/3990/922 1869/3991/922 1871/3992/922 1872/3993/922
f 1872/3994/943 1871/3995/943 1873/3996/943 1874/3997/943
f 1874/3998/944 1873/3999/944 1875/4000/944 1876/4001/944
f 1876/4002/945 1875/4003/945 1877/4004/945 1878/4005/945
f 1878/4006/946 1877/4007/946 1879/4008/946 1880/4009/946
f 1880/4010/947 1879/4011/947 1881/4012/947 1882/4013/947
f 1882/4014/948 1881/4015/948 1883/4016/948 1884/4017/948
f 1884/4018/949 1883/4019/949 1885/4020/949 1886/4021/949
f 1886/4022/950 1885/4023/950 1887/4024/950 1888/4025/950
f 1888/4026/951 1887/4027/951 1889/4028/951 1890/4029/951
f 1890/3910/952 1889/4030/952 1891/4031/952 1892/4032/952
f 1892/4033/953 1891/4034/953 1893/4035/953 1894/4036/953
f 1894/4037/954 1893/4038/954 1895/4039/954 1896/4040/954
f 1896/4041/955 1895/4042/955 1897/4043/955 1898/4044/955
f 1898/4045/956 1897/4046/956 1899/4047/956 1900/4048/956
f 1900/4042/957 1899/4049/957 1901/4050/957 1902/4051/957
f 1902/4052/958 1901/4053/958 1903/4054/958 1904/4055/958
f 1904/4056/938 1903/4057/938 1905/4058/938 1906/4059/938
f 1906/3862/922 1905/4060/922 1907/4061/922 1908/4062/922
f 1908/4063/959 1907/4064/959 1909/4065/959 1910/4066/959
f 1910/4067/960 1909/4068/960 1911/4069/960 1912/4070/960
f 1912/4021/961 1911/4020/961 1913/4071/961 1914/4072/961
f 1914/4073/962 1913/4074/962 1915/4075/962 1916/4076/962
f 1916/4077/963 1915/4078/963 1917/4019/963 1918/4018/963
f 1918/4079/964 1917/4080/964 1919/4081/964 1920/4082/964
f 1920/4083/965 1919/4084/965 1921/4085/965 1922/4086/965
f 1922/4087/966 1921/4088/966 1923/4089/966 1924/4090/966
f 1924/4091/945 1923/4092/945 1925/4093/945 1926/4094/945
f 1926/4095/967 1925/4096/967 1927/4097/967 1928/4098/967
f 1928/4099/968 1927/4100/968 1929/4101/968 1930/4102/968
f 1930/4103/969 1929/4104/969 1931/4105/969 1932/4106/969
f 1932/4107/970 1931/4108/970 1933/4109/970 1934/4110/970
f 1934/4111/971 1933/4112/971 1935/4113/971 1936/4114/971
f 1936/4027/947 1935/4115/947 1937/4116/947 1938/4117/947
f 1938/4118/972 1937/4119/972 1939/4120/972 1940/4121/972
f 1940/4122/973 1939/4123/973 1941/4124/973 1942/4125/973
f 1942/4126/974 1941/4127/974 1943/4128/974 1944/4129/974
f 1944/4130/917 1943/4131/917 1945/4132/917 1946/4133/917
f 1946/4134/975 1945/4134/975 1947/4134/975 1948/4134/975
f 1948/4135/944 1947/4136/944 1949/4137/944 1950/4138/944
f 1950/4139/976 1949/4140/976 1951/4141/976 1952/4142/976
f 1952/4143/977 1951/4144/977 1953/4145/977 1954/4146/977
f 1954/4147/978 1953/4148/978 1955/4149/978 1956/4150/978
f 1956/4151/960 1955/4152/960 1957/4153/960 1958/4154/960
f 1958/4155/979 1957/4156/979 1959/4157/979 1960/4158/979
f 1960/4119/966 1959/4159/966 1961/4160/966 1962/4161/966
f 1962/4162/980 1961/4163/980 1963/4164/980 1964/4165/980
f 1964/4166/981 1963/4167/981 1965/4168/981 1966/4169/981
f 1966/4170/982 1965/4171/982 1967/4172/982 1968/4173/982
f 1968/3991/983 1967/4174/983 1969/4175/983 1970/4176/983
f 1970/4177/984 1969/4178/984 1971/4179/984 1972/4180/984
f 1972/4181/985 1971/4182/985 1973/4183/985 1974/4184/985
f 1974/4185/965 1973/4186/965 1975/4187/965 1976/4188/965
f 1976/4189/966 1975/4190/966 1977/4191/966 1978/4192/966
f 1978/4193/986 1977/4162/986 1979/4194/986 1980/4195/986
f 1980/4196/987 1979/3960/987 1981/4197/987 1982/4198/987
f 1982/4084/988 1981/4041/988 1983/4199/988 1984/4200/988
f 1984/4201/989 1983/3990/989 1985/4202/989 1986/4203/989
f 1986/4204/990 1985/4205/990 1987/4206/990 1988/4207/990
f 1988/4182/991 1987/4208/991 1989/4209/991 1990/4210/991
f 1990/4163/992 1989/4211/992 1991/4212/992 1992/4213/992
f 1992/4214/993 1991/4215/993 1993/4216/993 1994/4217/993
f 1994/4218/994 1993/4219/994 1995/4220/994 1996/4221/994
f 1996/4222/995 1995/4223/995 1997/4224/995 1998/4225/995
f 1998/4226/996 1997/4227/996 1999/4228/996 2000/4229/996
f 2000/4230/997 1999/4231/997 2001/4232/997 2002/4233/997
f 2002/4234/998 2001/4065/998 2003/4235/998 2004/4236/998
f 2004/4237/999 2003/3998/999 2005/4238/999 2006/4239/999
f 2006/4240/1000 2005/4241/1000 2007/4242/1001 2008/4243/1001
f 2008/4243/1001 2007/4242/1001 2009/4244/1002 2010/4245/1002
f 1790/4246/1003 1792/4247/1003 2010/4248/1003 2009/4249/1003
f 1790/4250/975 2009/4251/975 2007/4252/975 2005/4253/975 2003/4254/975 2001/4255/975 1999/4256/975 1997/4257/975 1995/4258/975 1993/4259/975 1991/4260/975 1989/4261/975 1987/4262/975 1985/4263/975 1983/4264/975 1981/4265/975 1979/4266/975 1977/4267/975 1975/4268/975 1973/4269/975 1971/4270/975 1969/4271/975 1967/4272/975 1965/4273/975 1963/4274/975 1961/4275/975 1959/4276/975 1957/4277/975 1955/4278/975 1953/4279/975 1951/4280/975 1949/4281/975 1947/4282/975 1945/4282/975 1943/4283/975 1941/4284/975 1939/4285/975 1937/4286/975 1935/4287/975 1933/4288/975 1931/4289/975 1929/4290/975 1927/4291/975 1925/4292/975 1923/4293/975 1921/4294/975 1919/4295/975 1917/4296/975 1915/4297/975 1913/4298/975 1911/4299/975 1909/4300/975 1907/4301/975 1905/4302/975 1903/4303/975 1901/4304/975 1899/4305/975 1897/4306/975 1895/4307/975 1893/4308/975 1891/4309/975 1889/4310/975 1887/4311/975 1885/4312/975 1883/4313/975 1881/4314/975 1879/4315/975 1877/4316/975 1875/4317/975 1873/4318/975 1871/4319/975 1869/4320/975 1867/4321/975 1865/4322/975 1863/4323/975 1861/4324/975 1859/4325/975 1857/4326/975 1855/4327/975 1853/4328/975 1851/4329/975 1849/4330/975 1847/4331/975 1845/4332/975 1843/4333/975 1841/4334/975 1839/4335/975 1837/4336/975 1835/4337/975 1833/4338/975 1831/4339/975 1829/4340/975 1827/4341/975 1825/4342/975 1823/4343/975 1821/4344/975 1819/4345/975 1817/4346/975 1815/4347/975 1813/4348/975 1811/4349/975 1809/4350/975 1807/4351/975 1805/4352/975 1803/4353/975 1801/4354/975 1799/4355/975 1797/4356/975 1795/4357/975 1793/4358/975 1789/4359/975
f 1791/4360/1004 1794/4361/1004 1796/4362/1004 1798/4363/1004 1800/4364/1004 1802/4365/1004 1804/4366/1004 1806/4367/1004 1808/4368/1004 1810/4369/1004 1812/4370/1004 1814/4371/1004 1816/4372/1004 1818/4373/1004 1820/4374/1004 1822/4375/1004 1824/4376/1004 1826/4377/1004 1828/4378/1004 1830/4379/1004 1832/4380/1004 1834/4381/1004 1836/4382/1004 1838/4383/1004 1840/4384/1004 1842/4385/1004 1844/4386/1004 1846/4387/1004 1848/4388/1004 1850/4389/1004 1852/4390/1004 1854/4391/1004 1856/4392/1004 1858/4393/1004 1860/4394/1004 1862/4395/1004 1864/4396/1004 1866/4397/1004 1868/4398/1004 1870/4399/1004 1872/4400/1004 1874/4401/1004 1876/4402/1004 1878/4403/1004 1880/4404/1004 1882/4405/1004 1884/4406/1004 1886/4407/1004 1888/4408/1004 1890/4409/1004 1892/4410/1004 1894/4411/1004 1896/4412/1004 1898/4413/1004 1900/4414/1004 1902/4415/1004 1904/4416/1004 1906/4417/1004 1908/4418/1004 1910/4419/1004 1912/4420/1004 1914/4421/1004 1916/4422/1004 1918/4423/1004 1920/4424/1004 1922/4425/1004 1924/4426/1004 1926/4427/1004 1928/4428/1004 1930/4429/1004 1932/4430/1004 1934/4431/1004 1936/4432/1004 1938/4433/1004 1940/4434/1004 1942/4435/1004 1944/4436/1004 1946/4437/1004 1948/4437/1004 1950/4438/1004 1952/4439/1004 1954/4440/1004 1956/4441/1004 1958/4442/1004 1960/4443/1004 1962/4444/1004 1964/4445/1004 1966/4446/1004 1968/4447/1004 1970/4448/1004 1972/4449/1004 1974/4450/1004 1976/4451/1004 1978/4452/1004 1980/4453/1004 1982/4454/1004 1984/4455/1004 1986/4456/1004 1988/4457/1004 1990/4458/1004 1992/4459/1004 1994/4460/1004 1996/4461/1004 1998/4462/1004 2000/4463/1004 2002/4464/1004 2004/4465/1004 2006/4466/1004 2008/4467/1004 2010/4468/1004 1792/4469/1004
o scissors
v -0.136111 0.000253 0.575060
v -0.156634 0.000253 0.579616
v -0.136111 -0.000253 0.575060
v -0.096471 0.000253 0.585101
v -0.156634 -0.000253 0.579616
v -0.096471 -0.000253 0.585101
v -0.156231 -0.000253 0.578684
v -0.154170 -0.000253 0.577762
v -0.155510 -0.000253 0.578142
v -0.154170 0.000253 0.577762
v -0.156231 0.000253 0.578684
v -0.155510 0.000253 0.578142
v -0.094985 0.000253 0.586227
v -0.094985 -0.000253 0.586227
v -0.074555 0.000253 0.586376
v -0.074555 -0.000253 0.586376
v -0.068894 0.000253 0.586653
v -0.068894 -0.000253 0.586653
v -0.066650 0.000253 0.586998
v -0.066650 -0.000253 0.586998
v -0.064752 0.000253 0.587792
v -0.064752 -0.000253 0.587792
v -0.061080 0.000253 0.590187
v -0.061080 -0.000253 0.590187
v -0.128862 0.000253 0.574356
v -0.128862 -0.000253 0.574356
v -0.117802 0.000253 0.573569
v -0.117802 -0.000253 0.573569
v -0.104712 0.000253 0.573238
v -0.104712 -0.000253 0.573238
v -0.089220 0.000253 0.573279
v -0.089220 -0.000253 0.573279
v -0.081101 0.000253 0.573403
v -0.081101 -0.000253 0.573403
v -0.078947 0.000253 0.573859
v -0.078947 -0.000253 0.573859
v -0.074183 0.000253 0.575930
v -0.074183 -0.000253 0.575930
v -0.066851 0.000253 0.579990
v -0.066851 -0.000253 0.579990
v -0.062709 0.000253 0.581564
v -0.062709 -0.000253 0.581564
v -0.058070 0.000253 0.581937
v -0.058070 -0.000253 0.581937
v -0.044027 0.000253 0.581978
v -0.044027 -0.000253 0.581978
v -0.026795 0.000253 0.582227
v -0.026795 -0.000253 0.582227
v -0.028059 0.000253 0.584032
v -0.028059 -0.000253 0.584032
v -0.062737 0.000892 0.590774
v -0.062737 -0.000892 0.590774
v -0.060010 0.000892 0.593812
v -0.060010 -0.000892 0.593812
v -0.054728 0.000892 0.598575
v -0.054728 -0.000892 0.598575
v -0.046974 0.000892 0.604590
v -0.046974 -0.000892 0.604590
v -0.040363 0.000892 0.608616
v -0.040363 -0.000892 0.608616
v -0.032757 0.000892 0.611052
v -0.032757 -0.000892 0.611052
v -0.026146 0.000892 0.611996
v -0.026146 -0.000892 0.611996
v -0.018392 0.000892 0.611300
v -0.018392 -0.000892 0.611300
v -0.010389 0.000892 0.608914
v -0.010389 -0.000892 0.608914
v -0.005219 0.000892 0.605833
v -0.005219 -0.000892 0.605833
v -0.001392 0.000892 0.601558
v -0.001392 -0.000892 0.601558
v 0.000249 0.000892 0.596140
v 0.000249 -0.000892 0.596140
v -0.000000 0.000892 0.591567
v -0.000000 -0.000892 0.591567
v -0.001789 0.000892 0.587739
v -0.001789 -0.000892 0.587739
v -0.004325 0.000892 0.584806
v -0.004325 -0.000892 0.584806
v -0.008053 0.000892 0.583116
v -0.008053 -0.000892 0.583116
v -0.018305 0.000892 0.582806
v -0.018305 -0.000892 0.582806
v -0.019306 0.000892 0.582115
v -0.019306 -0.000892 0.582115
v -0.028661 0.000892 0.582944
v -0.028661 -0.000892 0.582944
v -0.029800 0.000892 0.583530
v -0.029800 -0.000892 0.583530
v -0.039189 0.000892 0.583530
v -0.039189 -0.000892 0.583530
v -0.047013 0.000892 0.583559
v -0.047013 -0.000892 0.583559
v -0.052853 0.000892 0.584192
v -0.052853 -0.000892 0.584192
v -0.057225 0.000892 0.585515
v -0.057225 -0.000892 0.585515
v -0.060084 0.000892 0.587172
v -0.060084 -0.000892 0.587172
v -0.062030 0.000892 0.589409
v -0.062030 -0.000892 0.589409
v -0.038913 -0.000892 0.603563
v -0.033528 -0.000892 0.606007
v -0.028309 -0.000892 0.607125
v -0.023214 -0.000892 0.607332
v -0.016959 -0.000892 0.606089
v -0.012651 -0.000892 0.604474
v -0.007307 -0.000892 0.600663
v -0.005319 -0.000892 0.597556
v -0.005020 -0.000892 0.594077
v -0.006213 -0.000892 0.591293
v -0.008848 -0.000892 0.589205
v -0.011830 -0.000892 0.588360
v -0.014415 -0.000892 0.588311
v -0.035740 -0.000892 0.589752
v -0.039319 -0.000892 0.590448
v -0.042450 -0.000892 0.592088
v -0.043991 -0.000892 0.594922
v -0.043842 -0.000892 0.598501
v -0.042102 -0.000892 0.600986
v -0.044227 -0.000892 0.596711
v -0.043601 -0.000892 0.593298
v -0.041057 -0.000892 0.591061
v -0.038913 0.000892 0.603563
v -0.033528 0.000892 0.606007
v -0.028309 0.000892 0.607125
v -0.023214 0.000892 0.607332
v -0.016959 0.000892 0.606089
v -0.012651 0.000892 0.604474
v -0.007307 0.000892 0.600663
v -0.005319 0.000892 0.597556
v -0.005020 0.000892 0.594077
v -0.006213 0.000892 0.591293
v -0.008848 0.000892 0.589205
v -0.011830 0.000892 0.588360
v -0.014415 0.000892 0.588311
v -0.035740 0.000892 0.589752
v -0.039319 0.000892 0.590448
v -0.042450 0.000892 0.592088
v -0.043991 0.000892 0.594922
v -0.043842 0.000892 0.598501
v -0.042102 0.000892 0.600986
v -0.044227 0.000892 0.596711
v -0.043601 0.000892 0.593298
v -0.041057 0.000892 0.591061
v -0.062737 0.000892 0.569184
v -0.062737 -0.000892 0.569184
v -0.060010 0.000892 0.566146
v -0.060010 -0.000892 0.566146
v -0.054728 0.000892 0.561382
v -0.054728 -0.000892 0.561382
v -0.046974 0.000892 0.555368
v -0.046974 -0.000892 0.555368
v -0.040363 0.000892 0.551341
v -0.040363 -0.000892 0.551341
v -0.032757 0.000892 0.548906
v -0.032757 -0.000892 0.548906
v -0.026146 0.000892 0.547961
v -0.026146 -0.000892 0.547961
v -0.018392 0.000892 0.548657
v -0.018392 -0.000892 0.548657
v -0.010389 0.000892 0.551043
v -0.010389 -0.000892 0.551043
v -0.005219 0.000892 0.554125
v -0.005219 -0.000892 0.554125
v -0.001392 0.000892 0.558400
v -0.001392 -0.000892 0.558400
v 0.000249 0.000892 0.563818
v 0.000249 -0.000892 0.563818
v 0.000000 0.000892 0.568391
v 0.000000 -0.000892 0.568391
v -0.001789 0.000892 0.572219
v -0.001789 -0.000892 0.572219
v -0.004325 0.000892 0.575151
v -0.004325 -0.000892 0.575151
v -0.008053 0.000892 0.576841
v -0.008053 -0.000892 0.576841
v -0.018305 0.000892 0.577152
v -0.018305 -0.000892 0.577152
v -0.019306 0.000892 0.577843
v -0.019306 -0.000892 0.577843
v -0.028661 0.000892 0.577014
v -0.028661 -0.000892 0.577014
v -0.029800 0.000892 0.576427
v -0.029800 -0.000892 0.576427
v -0.039189 0.000892 0.576427
v -0.039189 -0.000892 0.576427
v -0.047013 0.000892 0.576398
v -0.047013 -0.000892 0.576398
v -0.052853 0.000892 0.575766
v -0.052853 -0.000892 0.575766
v -0.057225 0.000892 0.574442
v -0.057225 -0.000892 0.574442
v -0.060084 0.000892 0.572785
v -0.060084 -0.000892 0.572785
v -0.062030 0.000892 0.570549
v -0.062030 -0.000892 0.570549
v -0.038913 -0.000892 0.556395
v -0.033528 -0.000892 0.553951
v -0.028309 -0.000892 0.552833
v -0.023214 -0.000892 0.552625
v -0.016959 -0.000892 0.553868
v -0.012651 -0.000892 0.555484
v -0.007307 -0.000892 0.559295
v -0.005319 -0.000892 0.562401
v -0.005020 -0.000892 0.565881
v -0.006213 -0.000892 0.568665
v -0.008848 -0.000892 0.570752
v -0.011830 -0.000892 0.571597
v -0.014415 -0.000892 0.571647
v -0.035740 -0.000892 0.570205
v -0.039319 -0.000892 0.569510
v -0.042450 -0.000892 0.567869
v -0.043991 -0.000892 0.565036
v -0.043842 -0.000892 0.561457
v -0.042102 -0.000892 0.558972
v -0.044227 -0.000892 0.563246
v -0.043601 -0.000892 0.566660
v -0.041057 -0.000892 0.568896
v -0.038913 0.000892 0.556395
v -0.033528 0.000892 0.553951
v -0.028309 0.000892 0.552833
v -0.023214 0.000892 0.552625
v -0.016959 0.000892 0.553868
v -0.012651 0.000892 0.555484
v -0.007307 0.000892 0.559295
v -0.005319 0.000892 0.562401
v -0.005020 0.000892 0.565881
v -0.006213 0.000892 0.568665
v -0.008848 0.000892 0.570752
v -0.011830 0.000892 0.571597
v -0.014415 0.000892 0.571647
v -0.035740 0.000892 0.570205
v -0.039319 0.000892 0.569510
v -0.042450 0.000892 0.567869
v -0.043991 0.000892 0.565036
v -0.043842 0.000892 0.561457
v -0.042102 0.000892 0.558972
v -0.044227 0.000892 0.563246
v -0.043601 0.000892 0.566660
v -0.041057 0.000892 0.568896
v -0.136111 0.000253 0.584171
v -0.156634 0.000253 0.579616
v -0.136111 0.000758 0.584171
v -0.096471 0.000253 0.574130
v -0.156634 0.000758 0.579616
v -0.096471 0.000758 0.574130
v -0.156231 0.000758 0.580547
v -0.154170 0.000758 0.581469
v -0.155510 0.000758 0.581089
v -0.154170 0.000253 0.581469
v -0.156231 0.000253 0.580547
v -0.155510 0.000253 0.581089
v -0.094985 0.000253 0.573004
v -0.094985 0.000758 0.573004
v -0.074555 0.000253 0.572855
v -0.074555 0.000758 0.572855
v -0.068894 0.000253 0.572579
v -0.068894 0.000758 0.572579
v -0.066650 0.000253 0.572233
v -0.066650 0.000758 0.572233
v -0.064752 0.000253 0.571439
v -0.064752 0.000758 0.571439
v -0.061080 0.000253 0.569044
v -0.061080 0.000758 0.569044
v -0.128862 0.000253 0.584875
v -0.128862 0.000758 0.584875
v -0.117802 0.000253 0.585662
v -0.117802 0.000758 0.585662
v -0.104712 0.000253 0.585993
v -0.104712 0.000758 0.585993
v -0.089220 0.000253 0.585952
v -0.089220 0.000758 0.585952
v -0.081101 0.000253 0.585828
v -0.081101 0.000758 0.585828
v -0.078947 0.000253 0.585372
v -0.078947 0.000758 0.585372
v -0.074183 0.000253 0.583301
v -0.074183 0.000758 0.583301
v -0.066851 0.000253 0.579241
v -0.066851 0.000758 0.579241
v -0.062709 0.000253 0.577667
v -0.062709 0.000758 0.577667
v -0.058070 0.000253 0.577294
v -0.058070 0.000758 0.577294
v -0.044027 0.000253 0.577253
v -0.044027 0.000758 0.577253
v -0.026795 0.000253 0.577004
v -0.026795 0.000758 0.577004
v -0.028059 0.000253 0.575199
v -0.028059 0.000758 0.575199
v -0.091803 -0.001055 0.579616
v -0.092182 -0.000655 0.579616
v -0.092071 -0.000938 0.579616
v -0.091803 0.001560 0.579616
v -0.092182 0.001160 0.579616
v -0.092071 0.001443 0.579616
v -0.091245 -0.001055 0.580965
v -0.091512 -0.000655 0.581232
v -0.091434 -0.000938 0.581154
v -0.091245 0.001560 0.580965
v -0.091512 0.001160 0.581232
v -0.091434 0.001443 0.581154
v -0.089895 -0.001055 0.581524
v -0.089895 -0.000655 0.581902
v -0.089895 -0.000938 0.581791
v -0.089895 0.001560 0.581524
v -0.089895 0.001160 0.581902
v -0.089895 0.001443 0.581791
v -0.088546 -0.001055 0.580965
v -0.088278 -0.000655 0.581232
v -0.088357 -0.000938 0.581154
v -0.088546 0.001560 0.580965
v -0.088278 0.001160 0.581232
v -0.088357 0.001443 0.581154
v -0.087987 -0.001055 0.579616
v -0.087609 -0.000655 0.579616
v -0.087719 -0.000938 0.579616
v -0.087987 0.001560 0.579616
v -0.087609 0.001160 0.579616
v -0.087719 0.001443 0.579616
v -0.088546 -0.001055 0.578266
v -0.088278 -0.000655 0.577999
v -0.088357 -0.000938 0.578077
v -0.088546 0.001560 0.578266
v -0.088278 0.001160 0.577999
v -0.088357 0.001443 0.578077
v -0.089895 -0.001055 0.577707
v -0.089895 -0.000655 0.577329
v -0.089895 -0.000938 0.577440
v -0.089895 0.001560 0.577707
v -0.089895 0.001160 0.577329
v -0.089895 0.001443 0.577440
v -0.091245 -0.001055 0.578266
v -0.091512 -0.000655 0.577999
v -0.091434 -0.000938 0.578077
v -0.091245 0.001560 0.578266
v -0.091512 0.001160 0.577999
v -0.091434 0.001443 0.578077
v -0.019613 0.000892 0.581625
v -0.021911 0.000892 0.580355
v -0.020213 0.000892 0.580990
v -0.021054 0.000892 0.580525
v -0.025711 0.000892 0.580355
v -0.027944 0.000892 0.581663
v -0.026559 0.000892 0.580530
v -0.027376 0.000892 0.581009
v -0.027944 -0.000892 0.581663
v -0.025711 -0.000892 0.580355
v -0.027376 -0.000892 0.581009
v -0.026559 -0.000892 0.580530
v -0.021911 -0.000892 0.580355
v -0.019613 -0.000892 0.581625
v -0.021054 -0.000892 0.580525
v -0.020213 -0.000892 0.580990
v -0.021911 0.000892 0.579603
v -0.019613 0.000892 0.578332
v -0.021054 0.000892 0.579433
v -0.020213 0.000892 0.578968
v -0.027944 0.000892 0.578294
v -0.025711 0.000892 0.579603
v -0.027376 0.000892 0.578949
v -0.026559 0.000892 0.579428
v -0.025711 -0.000892 0.579603
v -0.027944 -0.000892 0.578294
v -0.026559 -0.000892 0.579428
v -0.027376 -0.000892 0.578949
v -0.019613 -0.000892 0.578332
v -0.021911 -0.000892 0.579603
v -0.020213 -0.000892 0.578968
v -0.021054 -0.000892 0.579433
vn -0.3614 -0.0000 0.9324
vn -0.0908 -0.0000 0.9959
vn -0.7853 -0.0000 -0.6192
vn -0.4441 -0.0000 -0.8960
vn -0.2108 -0.0000 -0.9775
vn -0.9177 -0.0000 -0.3973
vn -0.1224 -0.0000 -0.9925
vn -0.3221 -0.0000 0.9467
vn -0.0280 -0.0000 0.9996
vn -0.1005 -0.0000 0.9949
vn -0.2709 -0.0000 0.9626
vn -0.4680 -0.0000 0.8837
vn -0.5464 -0.0000 0.8375
vn -0.0838 -0.0000 -0.9965
vn -0.0482 -0.0000 -0.9988
vn -0.0113 -0.0000 -0.9999
vn 0.0090 -0.0000 -1.0000
vn 0.1117 -0.0000 -0.9937
vn 0.3044 -0.0000 -0.9525
vn 0.4421 -0.0000 -0.8970
vn 0.4209 -0.0000 -0.9071
vn 0.2199 -0.0000 -0.9755
vn 0.0416 -0.0000 -0.9991
vn 0.0087 -0.0000 -1.0000
vn 0.0144 -0.0000 -0.9999
vn -0.0000 1.0000 -0.0000
vn -0.0000 -1.0000 -0.0000
vn -0.7441 -0.0000 0.6680
vn -0.7079 -0.0000 0.7063
vn -0.6418 -0.0000 0.7669
vn -0.5674 -0.0000 0.8234
vn -0.4155 -0.0000 0.9096
vn -0.2240 -0.0000 0.9746
vn -0.0262 -0.0000 0.9997
vn 0.1885 -0.0000 0.9821
vn 0.4020 -0.0000 0.9157
vn 0.6358 -0.0000 0.7718
vn 0.8717 -0.0000 0.4900
vn 0.9928 -0.0000 0.1196
vn 0.9699 -0.0000 -0.2433
vn 0.8392 -0.0000 -0.5439
vn 0.5986 -0.0000 -0.8010
vn 0.2260 -0.0000 -0.9741
vn 0.3117 -0.0000 -0.9502
vn 0.7223 -0.0000 -0.6916
vn -0.6947 -0.0000 -0.7193
vn -0.2356 -0.0000 -0.9718
vn -0.0018 -0.0000 -1.0000
vn -0.0558 -0.0000 -0.9984
vn -0.1996 -0.0000 -0.9799
vn -0.3983 -0.0000 -0.9173
vn -0.6365 -0.0000 -0.7713
vn -0.8271 -0.0000 -0.5620
vn -0.8881 -0.0000 -0.4596
vn -0.7246 -0.0000 -0.6891
vn -0.9469 -0.0000 -0.3216
vn 0.2624 -0.0000 0.9649
vn 0.4682 -0.0000 0.8836
vn 0.6616 -0.0000 0.7499
vn -0.9873 -0.0000 0.1590
vn 0.1255 -0.0000 -0.9921
vn -0.0777 -0.0000 -0.9970
vn 0.8784 -0.0000 0.4778
vn 0.9832 -0.0000 0.1826
vn -0.7944 -0.0000 0.6074
vn 0.5250 -0.0000 -0.8511
vn 0.3132 -0.0000 -0.9497
vn 0.9992 -0.0000 -0.0404
vn 0.9166 -0.0000 -0.3999
vn -0.4557 -0.0000 0.8902
vn 0.7310 -0.0000 -0.6824
vn -0.1471 -0.0000 0.9891
vn -0.2739 -0.0000 -0.9618
vn 0.0241 -0.0000 0.9997
vn -0.4699 -0.0000 -0.8827
vn 0.1294 -0.0000 0.9916
vn -0.7441 -0.0000 -0.6680
vn -0.7079 -0.0000 -0.7063
vn -0.6418 -0.0000 -0.7669
vn -0.5674 -0.0000 -0.8234
vn -0.4155 -0.0000 -0.9096
vn -0.2240 -0.0000 -0.9746
vn -0.0262 -0.0000 -0.9997
vn 0.1885 -0.0000 -0.9821
vn 0.4020 -0.0000 -0.9157
vn 0.6358 -0.0000 -0.7718
vn 0.8717 -0.0000 -0.4900
vn 0.9928 -0.0000 -0.1196
vn 0.9699 -0.0000 0.2433
vn 0.8392 -0.0000 0.5439
vn 0.5986 -0.0000 0.8010
vn 0.2260 -0.0000 0.9741
vn 0.3117 -0.0000 0.9502
vn 0.7223 -0.0000 0.6916
vn -0.6947 -0.0000 0.7193
vn -0.2356 -0.0000 0.9718
vn -0.0018 -0.0000 1.0000
vn -0.0558 -0.0000 0.9984
vn -0.1996 -0.0000 0.9799
vn -0.3983 -0.0000 0.9173
vn -0.6365 -0.0000 0.7713
vn -0.8271 -0.0000 0.5620
vn -0.8881 -0.0000 0.4596
vn -0.7246 -0.0000 0.6891
vn -0.9469 -0.0000 0.3216
vn 0.2624 -0.0000 -0.9649
vn 0.4682 -0.0000 -0.8836
vn 0.6616 -0.0000 -0.7499
vn -0.9873 -0.0000 -0.1590
vn 0.1255 -0.0000 0.9921
vn -0.0777 -0.0000 0.9970
vn 0.8784 -0.0000 -0.4778
vn 0.9832 -0.0000 -0.1826
vn -0.7944 -0.0000 -0.6074
vn 0.5250 -0.0000 0.8511
vn 0.3132 -0.0000 0.9497
vn 0.9992 -0.0000 0.0404
vn 0.9166 -0.0000 0.3999
vn -0.4557 -0.0000 -0.8902
vn 0.7310 -0.0000 0.6824
vn -0.1471 -0.0000 -0.9891
vn -0.2739 -0.0000 0.9618
vn 0.0241 -0.0000 -0.9997
vn -0.4699 -0.0000 0.8827
vn 0.1294 -0.0000 -0.9916
vn -0.3614 -0.0000 -0.9324
vn -0.0908 -0.0000 -0.9959
vn -0.7853 -0.0000 0.6192
vn -0.4441 -0.0000 0.8960
vn -0.2108 -0.0000 0.9775
vn -0.9177 -0.0000 0.3973
vn -0.1224 -0.0000 0.9925
vn -0.3221 -0.0000 -0.9467
vn -0.0280 -0.0000 -0.9996
vn -0.1005 -0.0000 -0.9949
vn -0.2709 -0.0000 -0.9626
vn -0.4680 -0.0000 -0.8837
vn -0.5464 -0.0000 -0.8375
vn -0.0838 -0.0000 0.9965
vn -0.0482 -0.0000 0.9988
vn -0.0113 -0.0000 0.9999
vn 0.0090 -0.0000 1.0000
vn 0.1117 -0.0000 0.9937
vn 0.3044 -0.0000 0.9525
vn 0.4421 -0.0000 0.8970
vn 0.4209 -0.0000 0.9071
vn 0.2199 -0.0000 0.9755
vn 0.0416 -0.0000 0.9991
vn 0.0087 -0.0000 1.0000
vn 0.0144 -0.0000 0.9999
vn -0.2526 -0.9676 -0.0000
vn -0.1786 -0.9676 0.1786
vn -0.5377 -0.6494 0.5377
vn -0.7604 -0.6494 -0.0000
vn -0.6958 -0.1780 0.6958
vn -0.9840 -0.1780 -0.0000
vn -0.1786 0.9676 0.1786
vn -0.2526 0.9676 -0.0000
vn -0.7604 0.6494 -0.0000
vn -0.5377 0.6494 0.5377
vn -0.9840 0.1780 -0.0000
vn -0.6958 0.1780 0.6958
vn -0.0000 -0.9676 0.2526
vn -0.0000 -0.6494 0.7604
vn -0.0000 -0.1780 0.9840
vn -0.0000 0.9676 0.2526
vn -0.0000 0.6494 0.7604
vn -0.0000 0.1780 0.9840
vn 0.1786 -0.9676 0.1786
vn 0.5377 -0.6494 0.5377
vn 0.6958 -0.1780 0.6958
vn 0.1786 0.9676 0.1786
vn 0.5377 0.6494 0.5377
vn 0.6958 0.1780 0.6958
vn 0.2526 -0.9676 -0.0000
vn 0.7604 -0.6494 -0.0000
vn 0.9840 -0.1780 -0.0000
vn 0.2526 0.9676 -0.0000
vn 0.7604 0.6494 -0.0000
vn 0.9840 0.1780 -0.0000
vn 0.1786 -0.9676 -0.1786
vn 0.5377 -0.6494 -0.5377
vn 0.6958 -0.1780 -0.6958
vn 0.1786 0.9676 -0.1786
vn 0.5377 0.6494 -0.5377
vn 0.6958 0.1780 -0.6958
vn -0.0000 -0.9676 -0.2526
vn -0.0000 -0.6494 -0.7604
vn -0.0000 -0.1780 -0.9840
vn -0.0000 0.9676 -0.2526
vn -0.0000 0.6494 -0.7604
vn -0.0000 0.1780 -0.9840
vn -0.1786 -0.9676 -0.1786
vn -0.5377 -0.6494 -0.5377
vn -0.6958 -0.1780 -0.6958
vn -0.1786 0.9676 -0.1786
vn -0.5377 0.6494 -0.5377
vn -0.6958 0.1780 -0.6958
vn -0.1017 -0.0000 -0.9948
vn -0.3588 -0.0000 -0.9334
vn -0.6391 -0.0000 -0.7691
vn -0.8183 -0.0000 -0.5748
vn 0.7910 -0.0000 -0.6119
vn 0.6129 -0.0000 -0.7901
vn 0.3435 -0.0000 -0.9391
vn 0.0979 -0.0000 -0.9952
vn -0.8183 -0.0000 0.5748
vn -0.6391 -0.0000 0.7691
vn -0.3588 -0.0000 0.9334
vn -0.1017 -0.0000 0.9948
vn 0.0979 -0.0000 0.9952
vn 0.3435 -0.0000 0.9391
vn 0.6129 -0.0000 0.7901
vn 0.7910 -0.0000 0.6119
vt 0.058279 0.595821
vt 0.058891 0.595821
vt 0.058891 0.668538
vt 0.058279 0.668538
vt 0.020729 0.518844
vt 0.021341 0.518844
vt 0.021341 0.519760
vt 0.020729 0.519760
vt 0.021341 0.521409
vt 0.020729 0.521409
vt 0.007857 0.988577
vt 0.008469 0.988577
vt 0.008469 0.989628
vt 0.007857 0.989628
vt 0.021341 0.543442
vt 0.020729 0.543442
vt 0.058279 0.594042
vt 0.058891 0.594042
vt 0.025180 0.703196
vt 0.024569 0.703196
vt 0.024569 0.678473
vt 0.025180 0.678473
vt 0.024569 0.671626
vt 0.025180 0.671626
vt 0.024569 0.668917
vt 0.025180 0.668917
vt 0.024569 0.666633
vt 0.025180 0.666633
vt 0.024569 0.662231
vt 0.025180 0.662231
vt 0.021341 0.552253
vt 0.020729 0.552253
vt 0.021341 0.565674
vt 0.020729 0.565674
vt 0.021341 0.581507
vt 0.020729 0.581507
vt 0.021341 0.600211
vt 0.020729 0.600211
vt 0.021341 0.610004
vt 0.020729 0.610004
vt 0.021341 0.612567
vt 0.020729 0.612567
vt 0.021341 0.618145
vt 0.020729 0.618145
vt 0.021341 0.626659
vt 0.020729 0.626659
vt 0.021341 0.631529
vt 0.020729 0.631529
vt 0.021341 0.637100
vt 0.020729 0.637100
vt 0.021341 0.654053
vt 0.020729 0.654053
vt 0.021341 0.674839
vt 0.020729 0.674839
vt 0.293314 0.704355
vt 0.292157 0.706293
vt 0.294696 0.730891
vt 0.295118 0.737738
vt 0.295001 0.740483
vt 0.294298 0.742873
vt 0.291905 0.747609
vt 0.303705 0.786516
vt 0.306045 0.787795
vt 0.304051 0.767031
vt 0.302232 0.750132
vt 0.302063 0.744501
vt 0.303405 0.739308
vt 0.307313 0.729948
vt 0.309170 0.723941
vt 0.309432 0.721289
vt 0.308501 0.711505
vt 0.306489 0.692862
vt 0.304348 0.677159
vt 0.301929 0.663958
vt 0.300117 0.655331
vt 0.294463 0.633964
vt 0.293828 0.632403
vt 0.293080 0.631608
vt 0.291905 0.631246
vt 0.331299 0.628864
vt 0.330124 0.629226
vt 0.329377 0.630021
vt 0.328741 0.631582
vt 0.323087 0.652949
vt 0.321275 0.661576
vt 0.318857 0.674777
vt 0.316716 0.690480
vt 0.314704 0.709123
vt 0.313772 0.718907
vt 0.314034 0.721559
vt 0.315892 0.727566
vt 0.319799 0.736927
vt 0.321142 0.742119
vt 0.320973 0.747750
vt 0.319154 0.764650
vt 0.317159 0.785413
vt 0.319499 0.784134
vt 0.331299 0.745227
vt 0.328906 0.740491
vt 0.328203 0.738101
vt 0.328087 0.735356
vt 0.328508 0.728508
vt 0.331048 0.703911
vt 0.329890 0.701973
vt 0.113607 0.340901
vt 0.111449 0.340901
vt 0.111449 0.336810
vt 0.113607 0.336810
vt 0.111449 0.330229
vt 0.113607 0.330229
vt 0.122231 0.377152
vt 0.120072 0.377152
vt 0.120072 0.367872
vt 0.122231 0.367872
vt 0.120072 0.359941
vt 0.122231 0.359941
vt 0.120072 0.350779
vt 0.122231 0.350779
vt 0.120072 0.342794
vt 0.122231 0.342794
vt 0.120072 0.333397
vt 0.122231 0.333397
vt 0.120072 0.323670
vt 0.122231 0.323670
vt 0.120072 0.317360
vt 0.122231 0.317360
vt 0.111088 0.303656
vt 0.113247 0.303656
vt 0.113247 0.308546
vt 0.111088 0.308546
vt 0.113247 0.314975
vt 0.111088 0.314975
vt 0.113247 0.320518
vt 0.111088 0.320518
vt 0.113247 0.325271
vt 0.111088 0.325271
vt 0.113247 0.328997
vt 0.111088 0.328997
vt 0.119191 0.378322
vt 0.121349 0.378322
vt 0.121349 0.382683
vt 0.119191 0.382683
vt 0.121349 0.395036
vt 0.119191 0.395036
vt 0.121349 0.396187
vt 0.119191 0.396187
vt 0.038324 0.327388
vt 0.036165 0.327388
vt 0.036165 0.325964
vt 0.038324 0.325964
vt 0.036165 0.314626
vt 0.038324 0.314626
vt 0.036165 0.305176
vt 0.038324 0.305176
vt 0.036165 0.298072
vt 0.038324 0.298072
vt 0.036165 0.292682
vt 0.038324 0.292682
vt 0.036165 0.289092
vt 0.038324 0.289092
vt 0.036165 0.286554
vt 0.038324 0.286554
vt 0.113607 0.342422
vt 0.111449 0.342422
vt 0.122580 0.295665
vt 0.120421 0.295665
vt 0.120421 0.292267
vt 0.122580 0.292267
vt 0.042705 0.328117
vt 0.044863 0.328117
vt 0.044863 0.330232
vt 0.042705 0.330232
vt 0.044863 0.331936
vt 0.042705 0.331936
vt 0.120421 0.288143
vt 0.122580 0.288143
vt 0.039765 0.312439
vt 0.041924 0.312439
vt 0.041924 0.318574
vt 0.039765 0.318574
vt 0.118376 0.307276
vt 0.120534 0.307276
vt 0.120534 0.309209
vt 0.118376 0.309209
vt 0.120421 0.284609
vt 0.122580 0.284609
vt 0.039765 0.299932
vt 0.041924 0.299932
vt 0.041924 0.306230
vt 0.039765 0.306230
vt 0.118376 0.311355
vt 0.120534 0.311355
vt 0.120534 0.313544
vt 0.118376 0.313544
vt 0.113851 0.301536
vt 0.116010 0.301536
vt 0.116010 0.304688
vt 0.113851 0.304688
vt 0.120534 0.316672
vt 0.118376 0.316672
vt 0.116010 0.308282
vt 0.113851 0.308282
vt 0.041924 0.326231
vt 0.039765 0.326231
vt 0.039765 0.296297
vt 0.041924 0.296297
vt 0.116010 0.311410
vt 0.113851 0.311410
vt 0.041924 0.331567
vt 0.039765 0.331567
vt 0.042705 0.297940
vt 0.044863 0.297940
vt 0.044863 0.323774
vt 0.042705 0.323774
vt 0.041924 0.338339
vt 0.039765 0.338339
vt 0.044863 0.333349
vt 0.042705 0.333349
vt 0.049180 0.280987
vt 0.049609 0.288694
vt 0.043607 0.286093
vt 0.044087 0.276682
vt 0.046339 0.268919
vt 0.050547 0.260217
vt 0.056358 0.262811
vt 0.052516 0.268851
vt 0.050291 0.274916
vt 0.113408 0.366848
vt 0.118501 0.362543
vt 0.118981 0.371955
vt 0.112979 0.374555
vt 0.024775 0.329156
vt 0.024775 0.332703
vt 0.022616 0.332703
vt 0.022616 0.329156
vt 0.024775 0.339479
vt 0.022616 0.339479
vt 0.024775 0.349345
vt 0.022616 0.349345
vt 0.024775 0.357665
vt 0.022616 0.357665
vt 0.024775 0.367052
vt 0.022616 0.367052
vt 0.024775 0.375113
vt 0.022616 0.375113
vt 0.024775 0.384419
vt 0.022616 0.384419
vt 0.119183 0.318620
vt 0.119183 0.328084
vt 0.117024 0.328084
vt 0.117024 0.318620
vt 0.119183 0.334068
vt 0.117024 0.334068
vt 0.114134 0.347041
vt 0.114134 0.341601
vt 0.116293 0.341601
vt 0.116293 0.347041
vt 0.114134 0.334936
vt 0.116293 0.334936
vt 0.114134 0.329429
vt 0.116293 0.329429
vt 0.114134 0.324933
vt 0.116293 0.324933
vt 0.114134 0.321571
vt 0.116293 0.321571
vt 0.119575 0.335923
vt 0.119575 0.340464
vt 0.117417 0.340464
vt 0.117417 0.335923
vt 0.119575 0.352877
vt 0.117417 0.352877
vt 0.119575 0.354101
vt 0.117417 0.354101
vt 0.035442 0.277681
vt 0.035442 0.279049
vt 0.033283 0.279049
vt 0.033283 0.277681
vt 0.035442 0.290413
vt 0.033283 0.290413
vt 0.035442 0.299882
vt 0.033283 0.299882
vt 0.035442 0.306938
vt 0.033283 0.306938
vt 0.035442 0.312207
vt 0.033283 0.312207
vt 0.035442 0.315637
vt 0.033283 0.315637
vt 0.041352 0.290828
vt 0.041352 0.293831
vt 0.039193 0.293831
vt 0.039193 0.290828
vt 0.039193 0.295584
vt 0.041352 0.295584
vt 0.035442 0.315986
vt 0.035442 0.320038
vt 0.033283 0.320038
vt 0.033283 0.315986
vt 0.113967 0.316232
vt 0.113967 0.314184
vt 0.116125 0.314184
vt 0.116125 0.316232
vt 0.113967 0.312587
vt 0.116125 0.312587
vt 0.035442 0.324260
vt 0.033283 0.324260
vt 0.025852 0.353870
vt 0.025852 0.347700
vt 0.028011 0.347700
vt 0.028011 0.353870
vt 0.120033 0.286882
vt 0.120033 0.288872
vt 0.117874 0.288872
vt 0.117874 0.286882
vt 0.035442 0.327402
vt 0.033283 0.327402
vt 0.025852 0.366766
vt 0.025852 0.360206
vt 0.028011 0.360206
vt 0.028011 0.366766
vt 0.120033 0.291051
vt 0.120033 0.293186
vt 0.117874 0.293186
vt 0.117874 0.291051
vt 0.039193 0.287473
vt 0.041352 0.287473
vt 0.120033 0.296064
vt 0.117874 0.296064
vt 0.039193 0.283801
vt 0.041352 0.283801
vt 0.025852 0.340152
vt 0.028011 0.340152
vt 0.028011 0.370671
vt 0.025852 0.370671
vt 0.039193 0.280675
vt 0.041352 0.280675
vt 0.025852 0.334966
vt 0.028011 0.334966
vt 0.039193 0.255047
vt 0.041352 0.255047
vt 0.025852 0.328565
vt 0.028011 0.328565
vt 0.120033 0.285338
vt 0.117874 0.285338
vt 0.113967 0.320495
vt 0.116125 0.320495
vt 0.047914 0.352781
vt 0.049026 0.358852
vt 0.051251 0.364918
vt 0.055092 0.370958
vt 0.049281 0.373551
vt 0.045074 0.364850
vt 0.042821 0.357086
vt 0.042342 0.347675
vt 0.048344 0.345075
vt 0.113340 0.276633
vt 0.112911 0.268926
vt 0.118913 0.271526
vt 0.118433 0.280938
vt 0.024227 0.734768
vt 0.023615 0.734768
vt 0.023615 0.661663
vt 0.024227 0.661663
vt 0.000814 0.912188
vt 0.000202 0.912188
vt 0.000202 0.911325
vt 0.000814 0.911325
vt 0.000202 0.909709
vt 0.000814 0.909709
vt 0.007246 0.988577
vt 0.007857 0.988577
vt 0.007857 0.989760
vt 0.007246 0.989760
vt 0.000202 0.887900
vt 0.000814 0.887900
vt 0.024227 0.736657
vt 0.023615 0.736657
vt 0.024227 0.761338
vt 0.023615 0.761338
vt 0.024227 0.768197
vt 0.023615 0.768197
vt 0.024227 0.770935
vt 0.023615 0.770935
vt 0.024227 0.773294
vt 0.023615 0.773294
vt 0.024227 0.777928
vt 0.023615 0.777928
vt 0.000202 0.879140
vt 0.000814 0.879140
vt 0.000202 0.865768
vt 0.000814 0.865768
vt 0.000202 0.849932
vt 0.000814 0.849932
vt 0.000202 0.831182
vt 0.000814 0.831182
vt 0.000202 0.821353
vt 0.000814 0.821353
vt 0.000202 0.818739
vt 0.000814 0.818739
vt 0.000202 0.812937
vt 0.000814 0.812937
vt 0.000202 0.803993
vt 0.000814 0.803993
vt 0.000202 0.798953
vt 0.000814 0.798953
vt 0.000202 0.793331
vt 0.000814 0.793331
vt 0.000202 0.776335
vt 0.000814 0.776335
vt 0.000202 0.755476
vt 0.000814 0.755476
vt 0.288408 0.716035
vt 0.289566 0.714097
vt 0.287026 0.689500
vt 0.286605 0.682652
vt 0.286721 0.679907
vt 0.287424 0.677517
vt 0.289817 0.672781
vt 0.278017 0.633875
vt 0.275677 0.632595
vt 0.277671 0.653359
vt 0.279491 0.670258
vt 0.279659 0.675889
vt 0.278317 0.681082
vt 0.274409 0.690443
vt 0.272552 0.696449
vt 0.272290 0.699101
vt 0.273221 0.708885
vt 0.275233 0.727528
vt 0.277374 0.743232
vt 0.279793 0.756432
vt 0.281605 0.765060
vt 0.287259 0.786426
vt 0.287895 0.787987
vt 0.288642 0.788783
vt 0.289817 0.789144
vt 0.335920 0.790046
vt 0.337094 0.789684
vt 0.337842 0.788889
vt 0.338477 0.787327
vt 0.344131 0.765961
vt 0.345943 0.757334
vt 0.348362 0.744133
vt 0.350503 0.728430
vt 0.352515 0.709787
vt 0.353446 0.700003
vt 0.353185 0.697351
vt 0.351327 0.691344
vt 0.347419 0.681983
vt 0.346077 0.676791
vt 0.346246 0.671160
vt 0.348065 0.654261
vt 0.350060 0.633497
vt 0.347719 0.634776
vt 0.335920 0.673683
vt 0.338313 0.678419
vt 0.339015 0.680809
vt 0.339132 0.683554
vt 0.338711 0.690401
vt 0.336171 0.714999
vt 0.337328 0.716937
vt 0.439448 0.858039
vt 0.438198 0.859289
vt 0.438322 0.859588
vt 0.439747 0.858163
vt 0.387016 0.840436
vt 0.387016 0.842386
vt 0.387358 0.842467
vt 0.387358 0.840418
vt 0.443064 0.859289
vt 0.441297 0.859289
vt 0.441173 0.859588
vt 0.443188 0.859588
vt 0.389897 0.842386
vt 0.389897 0.840436
vt 0.389555 0.840418
vt 0.389555 0.842467
vt 0.436430 0.859289
vt 0.436306 0.859588
vt 0.010087 0.983003
vt 0.010087 0.984854
vt 0.009745 0.984852
vt 0.009745 0.982907
vt 0.444314 0.858039
vt 0.444614 0.858163
vt 0.007206 0.984854
vt 0.007206 0.983003
vt 0.007548 0.982907
vt 0.007548 0.984852
vt 0.435180 0.858039
vt 0.434881 0.858163
vt 0.010087 0.986727
vt 0.009745 0.986821
vt 0.444314 0.856271
vt 0.444614 0.856147
vt 0.007206 0.986727
vt 0.007548 0.986821
vt 0.435180 0.856271
vt 0.434881 0.856147
vt 0.014836 0.784577
vt 0.014836 0.786390
vt 0.014494 0.786382
vt 0.014494 0.784476
vt 0.443064 0.855021
vt 0.443188 0.854722
vt 0.011954 0.786390
vt 0.011954 0.784577
vt 0.012296 0.784476
vt 0.012296 0.786382
vt 0.436430 0.855021
vt 0.436306 0.854722
vt 0.014836 0.788295
vt 0.014494 0.788383
vt 0.441297 0.855021
vt 0.441173 0.854722
vt 0.011954 0.788295
vt 0.012296 0.788383
vt 0.438198 0.855021
vt 0.438322 0.854722
vt 0.015015 0.788283
vt 0.015015 0.786479
vt 0.015357 0.786488
vt 0.015357 0.788385
vt 0.440047 0.856271
vt 0.439747 0.856147
vt 0.017896 0.786479
vt 0.017896 0.788283
vt 0.017554 0.788385
vt 0.017554 0.786488
vt 0.439448 0.856271
vt 0.439747 0.856147
vt 0.015015 0.784568
vt 0.015357 0.784480
vt 0.440047 0.858039
vt 0.439747 0.858163
vt 0.017896 0.784568
vt 0.017554 0.784480
vt 0.387016 0.838696
vt 0.387358 0.838589
vt 0.389897 0.838696
vt 0.389555 0.838589
vt 0.122693 0.310090
vt 0.120534 0.310090
vt 0.120534 0.309052
vt 0.122693 0.309052
vt 0.120534 0.308025
vt 0.122693 0.308025
vt 0.120534 0.307285
vt 0.122693 0.307285
vt 0.120820 0.298927
vt 0.120820 0.301085
vt 0.120009 0.301085
vt 0.120009 0.298927
vt 0.122693 0.316676
vt 0.120534 0.316676
vt 0.120534 0.315700
vt 0.122693 0.315700
vt 0.120534 0.314679
vt 0.122693 0.314679
vt 0.122645 0.296714
vt 0.120486 0.296714
vt 0.120486 0.295836
vt 0.122645 0.295836
vt 0.118376 0.316682
vt 0.116217 0.316682
vt 0.116217 0.315701
vt 0.118376 0.315701
vt 0.116217 0.314677
vt 0.118376 0.314677
vt 0.118376 0.310078
vt 0.116217 0.310078
vt 0.116217 0.309038
vt 0.118376 0.309038
vt 0.116217 0.308012
vt 0.118376 0.308012
vt 0.116217 0.307276
vt 0.112297 0.360777
vt 0.110072 0.354712
vt 0.106230 0.348672
vt 0.102602 0.345286
vt 0.099329 0.343622
vt 0.097119 0.343464
vt 0.095014 0.344050
vt 0.093134 0.344793
vt 0.091880 0.346377
vt 0.090885 0.348220
vt 0.090444 0.350408
vt 0.090217 0.354815
vt 0.092102 0.380616
vt 0.092600 0.383705
vt 0.094118 0.387136
vt 0.097066 0.389940
vt 0.100605 0.390898
vt 0.104724 0.389951
vt 0.108111 0.387042
vt 0.111772 0.379992
vt 0.117478 0.381950
vt 0.114660 0.388668
vt 0.110185 0.393979
vt 0.103970 0.396863
vt 0.098447 0.397340
vt 0.093557 0.395844
vt 0.089612 0.393303
vt 0.086955 0.389121
vt 0.084846 0.376887
vt 0.083849 0.375804
vt 0.083209 0.375519
vt 0.082346 0.374908
vt 0.081647 0.373979
vt 0.081297 0.372981
vt 0.080654 0.368427
vt 0.080720 0.367380
vt 0.081156 0.366320
vt 0.081844 0.365529
vt 0.083256 0.364453
vt 0.083767 0.362988
vt 0.082176 0.351735
vt 0.080885 0.342353
vt 0.080654 0.335248
vt 0.081499 0.329783
vt 0.083000 0.326077
vt 0.085351 0.323365
vt 0.086867 0.322287
vt 0.090970 0.325041
vt 0.097574 0.330563
vt 0.106096 0.338837
vt 0.112041 0.346078
vt 0.116249 0.354780
vt 0.121433 0.301085
vt 0.121433 0.298927
vt 0.122851 0.298927
vt 0.122851 0.301085
vt 0.121434 0.301085
vt 0.121434 0.298927
vt 0.071618 0.239179
vt 0.075721 0.236426
vt 0.077237 0.237504
vt 0.079588 0.240216
vt 0.081090 0.243922
vt 0.081935 0.249386
vt 0.081703 0.256492
vt 0.080412 0.265874
vt 0.078821 0.277127
vt 0.079332 0.278591
vt 0.080744 0.279668
vt 0.081432 0.280459
vt 0.081868 0.281519
vt 0.081935 0.282565
vt 0.081291 0.287120
vt 0.080941 0.288118
vt 0.080242 0.289047
vt 0.079379 0.289658
vt 0.078739 0.289943
vt 0.077742 0.291026
vt 0.075633 0.303260
vt 0.072976 0.307442
vt 0.069031 0.309983
vt 0.064141 0.311479
vt 0.058618 0.311002
vt 0.052403 0.308118
vt 0.047928 0.302807
vt 0.045111 0.296089
vt 0.050816 0.294131
vt 0.054477 0.301181
vt 0.057864 0.304090
vt 0.061983 0.305037
vt 0.065522 0.304079
vt 0.068470 0.301275
vt 0.069988 0.297844
vt 0.070486 0.294755
vt 0.072371 0.268954
vt 0.072144 0.264547
vt 0.071703 0.262359
vt 0.070708 0.260516
vt 0.069454 0.258932
vt 0.067574 0.258189
vt 0.065469 0.257603
vt 0.063259 0.257761
vt 0.059986 0.259425
vt 0.056492 0.252976
vt 0.065015 0.244702
vt 0.112229 0.282704
vt 0.116181 0.288701
vt 0.111973 0.297403
vt 0.106028 0.304644
vt 0.097505 0.312918
vt 0.090902 0.318440
vt 0.086799 0.321194
vt 0.085283 0.320116
vt 0.082932 0.317404
vt 0.081430 0.313698
vt 0.080585 0.308233
vt 0.080817 0.301128
vt 0.082108 0.291746
vt 0.083699 0.280493
vt 0.083188 0.279028
vt 0.081776 0.277952
vt 0.081088 0.277161
vt 0.080652 0.276101
vt 0.080585 0.275055
vt 0.081229 0.270500
vt 0.081579 0.269502
vt 0.082278 0.268573
vt 0.083141 0.267962
vt 0.083781 0.267677
vt 0.084778 0.266594
vt 0.086887 0.254360
vt 0.089544 0.250178
vt 0.093489 0.247637
vt 0.098379 0.246141
vt 0.103902 0.246618
vt 0.110117 0.249502
vt 0.114592 0.254813
vt 0.117409 0.261531
vt 0.111704 0.263489
vt 0.108043 0.256439
vt 0.104656 0.253530
vt 0.100537 0.252583
vt 0.096998 0.253541
vt 0.094050 0.256345
vt 0.092532 0.259776
vt 0.092034 0.262865
vt 0.090149 0.288666
vt 0.090376 0.293073
vt 0.090816 0.295261
vt 0.091812 0.297104
vt 0.093066 0.298688
vt 0.094946 0.299431
vt 0.097051 0.300017
vt 0.099261 0.299859
vt 0.102534 0.298195
vt 0.106162 0.294809
vt 0.110004 0.288769
vt 0.119211 0.284166
vt 0.119211 0.282007
vt 0.119781 0.282007
vt 0.119781 0.284166
vt 0.122645 0.298367
vt 0.120486 0.298367
vt 0.070353 0.394589
vt 0.063749 0.389067
vt 0.055227 0.380792
vt 0.058720 0.374344
vt 0.061994 0.376008
vt 0.064204 0.376166
vt 0.066308 0.375580
vt 0.068188 0.374836
vt 0.069443 0.373253
vt 0.070438 0.371409
vt 0.070878 0.369222
vt 0.071106 0.364815
vt 0.069220 0.339014
vt 0.068723 0.335925
vt 0.067204 0.332493
vt 0.064256 0.329690
vt 0.060718 0.328732
vt 0.056598 0.329679
vt 0.053212 0.332588
vt 0.049550 0.339638
vt 0.043845 0.337680
vt 0.046663 0.330962
vt 0.051137 0.325650
vt 0.057353 0.322767
vt 0.062876 0.322289
vt 0.067766 0.323786
vt 0.071710 0.326327
vt 0.074367 0.330508
vt 0.076477 0.342743
vt 0.077474 0.343825
vt 0.078113 0.344111
vt 0.078976 0.344722
vt 0.079676 0.345651
vt 0.080025 0.346649
vt 0.080669 0.351203
vt 0.080603 0.352249
vt 0.080167 0.353310
vt 0.079479 0.354101
vt 0.078066 0.355177
vt 0.077556 0.356642
vt 0.079147 0.367894
vt 0.080438 0.377276
vt 0.080669 0.384382
vt 0.079824 0.389846
vt 0.078323 0.393553
vt 0.075972 0.396265
vt 0.074455 0.397343
s 1
usemtl instruments
f 2016/4470/1005 2014/4471/1005 2012/4472/1006 2015/4473/1006
f 2017/4474/1007 2021/4475/1007 2022/4476/1008 2019/4477/1008
f 2019/4477/1008 2022/4476/1008 2020/4478/1009 2018/4479/1009
f 2015/4480/1010 2012/4481/1010 2021/4482/1007 2017/4483/1007
f 2018/4479/1009 2020/4478/1009 2011/4484/1011 2013/4485/1011
f 2014/4471/1005 2016/4470/1005 2024/4486/1012 2023/4487/1012
f 2023/4488/1012 2024/4489/1012 2026/4490/1013 2025/4491/1013
f 2025/4491/1013 2026/4490/1013 2028/4492/1014 2027/4493/1014
f 2027/4493/1014 2028/4492/1014 2030/4494/1015 2029/4495/1015
f 2029/4495/1015 2030/4494/1015 2032/4496/1016 2031/4497/1016
f 2031/4497/1016 2032/4496/1016 2034/4498/1017 2033/4499/1017
f 2013/4485/1011 2011/4484/1011 2035/4500/1018 2036/4501/1018
f 2036/4501/1018 2035/4500/1018 2037/4502/1019 2038/4503/1019
f 2038/4503/1019 2037/4502/1019 2039/4504/1020 2040/4505/1020
f 2040/4505/1020 2039/4504/1020 2041/4506/1021 2042/4507/1021
f 2042/4507/1021 2041/4506/1021 2043/4508/1022 2044/4509/1022
f 2044/4509/1022 2043/4508/1022 2045/4510/1023 2046/4511/1023
f 2046/4511/1023 2045/4510/1023 2047/4512/1024 2048/4513/1024
f 2048/4513/1024 2047/4512/1024 2049/4514/1025 2050/4515/1025
f 2050/4515/1025 2049/4514/1025 2051/4516/1026 2052/4517/1026
f 2052/4517/1026 2051/4516/1026 2053/4518/1027 2054/4519/1027
f 2054/4519/1027 2053/4518/1027 2055/4520/1028 2056/4521/1028
f 2056/4521/1028 2055/4520/1028 2057/4522/1029 2058/4523/1029
f 2014/4524/1030 2023/4525/1030 2025/4526/1030 2027/4527/1030 2029/4528/1030 2031/4529/1030 2033/4530/1030 2059/4531/1030 2057/4532/1030 2055/4533/1030 2053/4534/1030 2051/4535/1030 2049/4536/1030 2047/4537/1030 2045/4538/1030 2043/4539/1030 2041/4540/1030 2039/4541/1030 2037/4542/1030 2035/4543/1030 2011/4544/1030 2020/4545/1030 2022/4546/1030 2021/4547/1030 2012/4548/1030
f 2015/4549/1031 2017/4550/1031 2019/4551/1031 2018/4552/1031 2013/4553/1031 2036/4554/1031 2038/4555/1031 2040/4556/1031 2042/4557/1031 2044/4558/1031 2046/4559/1031 2048/4560/1031 2050/4561/1031 2052/4562/1031 2054/4563/1031 2056/4564/1031 2058/4565/1031 2060/4566/1031 2034/4567/1031 2032/4568/1031 2030/4569/1031 2028/4570/1031 2026/4571/1031 2024/4572/1031 2016/4573/1031
f 2061/4574/1032 2062/4575/1032 2064/4576/1033 2063/4577/1033
f 2063/4577/1033 2064/4576/1033 2066/4578/1034 2065/4579/1034
f 2065/4580/1034 2066/4581/1034 2068/4582/1035 2067/4583/1035
f 2067/4583/1035 2068/4582/1035 2070/4584/1036 2069/4585/1036
f 2069/4585/1036 2070/4584/1036 2072/4586/1037 2071/4587/1037
f 2071/4587/1037 2072/4586/1037 2074/4588/1038 2073/4589/1038
f 2073/4589/1038 2074/4588/1038 2076/4590/1039 2075/4591/1039
f 2075/4591/1039 2076/4590/1039 2078/4592/1040 2077/4593/1040
f 2077/4593/1040 2078/4592/1040 2080/4594/1041 2079/4595/1041
f 2079/4596/1041 2080/4597/1041 2082/4598/1042 2081/4599/1042
f 2081/4599/1042 2082/4598/1042 2084/4600/1043 2083/4601/1043
f 2083/4601/1043 2084/4600/1043 2086/4602/1044 2085/4603/1044
f 2085/4603/1044 2086/4602/1044 2088/4604/1045 2087/4605/1045
f 2087/4605/1045 2088/4604/1045 2090/4606/1046 2089/4607/1046
f 2089/4608/1046 2090/4609/1046 2092/4610/1047 2091/4611/1047
f 2091/4611/1047 2092/4610/1047 2094/4612/1048 2093/4613/1048
f 2093/4613/1048 2094/4612/1048 2096/4614/1049 2095/4615/1049
f 2097/4616/1050 2098/4617/1050 2100/4618/1051 2099/4619/1051
f 2099/4619/1051 2100/4618/1051 2102/4620/1052 2101/4621/1052
f 2101/4621/1052 2102/4620/1052 2104/4622/1053 2103/4623/1053
f 2103/4623/1053 2104/4622/1053 2106/4624/1054 2105/4625/1054
f 2105/4625/1054 2106/4624/1054 2108/4626/1055 2107/4627/1055
f 2107/4627/1055 2108/4626/1055 2110/4628/1056 2109/4629/1056
f 2109/4629/1056 2110/4628/1056 2112/4630/1057 2111/4631/1057
f 2062/4575/1058 2061/4574/1058 2111/4632/1057 2112/4633/1057
f 2119/4634/1059 2141/4635/1059 2142/4636/1060 2120/4637/1060
f 2127/4638/1061 2149/4639/1061 2156/4640/1062 2134/4641/1062
f 2134/4641/1062 2156/4640/1062 2150/4642/1063 2128/4643/1063
f 2120/4637/1060 2142/4636/1060 2143/4644/1064 2121/4645/1064
f 2115/4646/1065 2137/4647/1065 2138/4648/1066 2116/4649/1066
f 2133/4650/1067 2155/4651/1067 2151/4652/1068 2129/4653/1068
f 2121/4645/1064 2143/4644/1064 2144/4654/1069 2122/4655/1069
f 2113/4656/1070 2135/4657/1070 2136/4658/1071 2114/4659/1071
f 2132/4660/1072 2154/4661/1072 2152/4662/1073 2130/4663/1073
f 2122/4664/1069 2144/4665/1069 2145/4666/1074 2123/4667/1074
f 2114/4659/1071 2136/4658/1071 2137/4647/1065 2115/4646/1065
f 2130/4663/1073 2152/4662/1073 2153/4668/1075 2131/4669/1075
f 2123/4667/1074 2145/4666/1074 2146/4670/1076 2124/4671/1076
f 2116/4649/1066 2138/4648/1066 2139/4672/1077 2117/4673/1077
f 2113/4656/1070 2131/4674/1075 2153/4675/1075 2135/4657/1070
f 2124/4671/1076 2146/4670/1076 2147/4676/1078 2125/4677/1078
f 2117/4673/1077 2139/4672/1077 2140/4678/1079 2118/4679/1079
f 2129/4653/1068 2151/4652/1068 2154/4661/1072 2132/4660/1072
f 2125/4680/1078 2147/4681/1078 2148/4682/1080 2126/4683/1080
f 2118/4679/1079 2140/4678/1079 2141/4684/1059 2119/4685/1059
f 2128/4643/1063 2150/4642/1063 2155/4686/1067 2133/4687/1067
f 2126/4683/1080 2148/4682/1080 2149/4639/1061 2127/4638/1061
f 2116/4688/1031 2117/4689/1031 2076/4690/1031 2074/4691/1031 2072/4692/1031 2070/4693/1031 2113/4694/1031 2114/4695/1031 2115/4696/1031
f 2138/4697/1030 2073/4698/1030 2075/4699/1030 2139/4700/1030
f 2157/4701/1081 2159/4702/1082 2160/4703/1082 2158/4704/1081
f 2159/4702/1082 2161/4705/1083 2162/4706/1083 2160/4703/1082
f 2161/4705/1083 2163/4707/1084 2164/4708/1084 2162/4706/1083
f 2163/4707/1084 2165/4709/1085 2166/4710/1085 2164/4708/1084
f 2165/4709/1085 2167/4711/1086 2168/4712/1086 2166/4710/1085
f 2167/4711/1086 2169/4713/1087 2170/4714/1087 2168/4712/1086
f 2169/4713/1087 2171/4715/1088 2172/4716/1088 2170/4714/1087
f 2171/4717/1088 2173/4718/1089 2174/4719/1089 2172/4720/1088
f 2173/4718/1089 2175/4721/1090 2176/4722/1090 2174/4719/1089
f 2175/4723/1090 2177/4724/1091 2178/4725/1091 2176/4726/1090
f 2177/4724/1091 2179/4727/1092 2180/4728/1092 2178/4725/1091
f 2179/4727/1092 2181/4729/1093 2182/4730/1093 2180/4728/1092
f 2181/4729/1093 2183/4731/1094 2184/4732/1094 2182/4730/1093
f 2183/4731/1094 2185/4733/1095 2186/4734/1095 2184/4732/1094
f 2185/4735/1095 2187/4736/1096 2188/4737/1096 2186/4738/1095
f 2187/4736/1096 2189/4739/1097 2190/4740/1097 2188/4737/1096
f 2189/4739/1097 2191/4741/1098 2192/4742/1098 2190/4740/1097
f 2193/4743/1099 2195/4744/1100 2196/4745/1100 2194/4746/1099
f 2195/4744/1100 2197/4747/1101 2198/4748/1101 2196/4745/1100
f 2197/4747/1101 2199/4749/1102 2200/4750/1102 2198/4748/1101
f 2199/4749/1102 2201/4751/1103 2202/4752/1103 2200/4750/1102
f 2201/4751/1103 2203/4753/1104 2204/4754/1104 2202/4752/1103
f 2203/4753/1104 2205/4755/1105 2206/4756/1105 2204/4754/1104
f 2205/4757/1105 2207/4758/1106 2208/4759/1106 2206/4760/1105
f 2158/4761/1107 2208/4759/1106 2207/4758/1106 2157/4762/1107
f 2215/4763/1108 2216/4764/1109 2238/4765/1109 2237/4766/1108
f 2223/4767/1110 2230/4768/1111 2252/4769/1111 2245/4770/1110
f 2230/4768/1111 2224/4771/1112 2246/4772/1112 2252/4769/1111
f 2216/4764/1109 2217/4773/1113 2239/4774/1113 2238/4765/1109
f 2211/4775/1114 2212/4776/1115 2234/4777/1115 2233/4778/1114
f 2229/4779/1116 2225/4780/1117 2247/4781/1117 2251/4782/1116
f 2217/4773/1113 2218/4783/1118 2240/4784/1118 2239/4774/1113
f 2209/4785/1119 2210/4786/1120 2232/4787/1120 2231/4788/1119
f 2228/4789/1121 2226/4790/1122 2248/4791/1122 2250/4792/1121
f 2218/4760/1118 2219/4793/1123 2241/4794/1123 2240/4757/1118
f 2210/4786/1120 2211/4775/1114 2233/4778/1114 2232/4787/1120
f 2226/4790/1122 2227/4795/1124 2249/4796/1124 2248/4791/1122
f 2219/4793/1123 2220/4797/1125 2242/4798/1125 2241/4794/1123
f 2212/4776/1115 2213/4799/1126 2235/4800/1126 2234/4777/1115
f 2209/4785/1119 2231/4788/1119 2249/4801/1124 2227/4802/1124
f 2220/4797/1125 2221/4803/1127 2243/4804/1127 2242/4798/1125
f 2213/4799/1126 2214/4805/1128 2236/4806/1128 2235/4800/1126
f 2225/4780/1117 2228/4789/1121 2250/4792/1121 2247/4781/1117
f 2221/4803/1127 2222/4807/1129 2244/4808/1129 2243/4804/1127
f 2214/4805/1128 2215/4809/1108 2237/4810/1108 2236/4806/1128
f 2224/4811/1112 2229/4779/1116 2251/4782/1116 2246/4812/1112
f 2222/4813/1129 2223/4767/1110 2245/4770/1110 2244/4814/1129
f 2212/4815/1031 2211/4816/1031 2210/4817/1031 2209/4818/1031 2166/4819/1031 2168/4820/1031 2170/4821/1031 2172/4822/1031 2213/4823/1031
f 2234/4824/1030 2235/4825/1030 2171/4826/1030 2169/4827/1030
f 2258/4828/1130 2256/4829/1130 2254/4830/1131 2257/4831/1131
f 2259/4832/1132 2263/4833/1132 2264/4834/1133 2261/4835/1133
f 2261/4835/1133 2264/4834/1133 2262/4836/1134 2260/4837/1134
f 2257/4838/1135 2254/4839/1135 2263/4840/1132 2259/4841/1132
f 2260/4837/1134 2262/4836/1134 2253/4842/1136 2255/4843/1136
f 2256/4829/1130 2258/4828/1130 2266/4844/1137 2265/4845/1137
f 2265/4845/1137 2266/4844/1137 2268/4846/1138 2267/4847/1138
f 2267/4847/1138 2268/4846/1138 2270/4848/1139 2269/4849/1139
f 2269/4849/1139 2270/4848/1139 2272/4850/1140 2271/4851/1140
f 2271/4851/1140 2272/4850/1140 2274/4852/1141 2273/4853/1141
f 2273/4853/1141 2274/4852/1141 2276/4854/1142 2275/4855/1142
f 2255/4843/1136 2253/4842/1136 2277/4856/1143 2278/4857/1143
f 2278/4857/1143 2277/4856/1143 2279/4858/1144 2280/4859/1144
f 2280/4859/1144 2279/4858/1144 2281/4860/1145 2282/4861/1145
f 2282/4861/1145 2281/4860/1145 2283/4862/1146 2284/4863/1146
f 2284/4863/1146 2283/4862/1146 2285/4864/1147 2286/4865/1147
f 2286/4865/1147 2285/4864/1147 2287/4866/1148 2288/4867/1148
f 2288/4867/1148 2287/4866/1148 2289/4868/1149 2290/4869/1149
f 2290/4869/1149 2289/4868/1149 2291/4870/1150 2292/4871/1150
f 2292/4871/1150 2291/4870/1150 2293/4872/1151 2294/4873/1151
f 2294/4873/1151 2293/4872/1151 2295/4874/1152 2296/4875/1152
f 2296/4875/1152 2295/4874/1152 2297/4876/1153 2298/4877/1153
f 2298/4877/1153 2297/4876/1153 2299/4878/1154 2300/4879/1154
f 2256/4880/1031 2265/4881/1031 2267/4882/1031 2269/4883/1031 2271/4884/1031 2273/4885/1031 2275/4886/1031 2301/4887/1031 2299/4888/1031 2297/4889/1031 2295/4890/1031 2293/4891/1031 2291/4892/1031 2289/4893/1031 2287/4894/1031 2285/4895/1031 2283/4896/1031 2281/4897/1031 2279/4898/1031 2277/4899/1031 2253/4900/1031 2262/4901/1031 2264/4902/1031 2263/4903/1031 2254/4904/1031
f 2257/4905/1030 2259/4906/1030 2261/4907/1030 2260/4908/1030 2255/4909/1030 2278/4910/1030 2280/4911/1030 2282/4912/1030 2284/4913/1030 2286/4914/1030 2288/4915/1030 2290/4916/1030 2292/4917/1030 2294/4918/1030 2296/4919/1030 2298/4920/1030 2300/4921/1030 2302/4922/1030 2276/4923/1030 2274/4924/1030 2272/4925/1030 2270/4926/1030 2268/4927/1030 2266/4928/1030 2258/4929/1030
f 2303/4930/1155 2309/4931/1156 2311/4932/1157 2305/4933/1158
f 2305/4934/1158 2311/4935/1157 2310/4936/1159 2304/4937/1160
f 2312/4938/1161 2306/4939/1162 2308/4940/1163 2314/4941/1164
f 2314/4942/1164 2308/4943/1163 2307/4944/1165 2313/4945/1166
f 2309/4931/1156 2315/4946/1167 2317/4947/1168 2311/4932/1157
f 2311/4948/1157 2317/4949/1168 2316/4950/1169 2310/4951/1159
f 2318/4952/1170 2312/4938/1161 2314/4941/1164 2320/4953/1171
f 2320/4954/1171 2314/4955/1164 2313/4956/1166 2319/4957/1172
f 2315/4946/1167 2321/4958/1173 2323/4959/1174 2317/4947/1168
f 2317/4949/1168 2323/4960/1174 2322/4961/1175 2316/4950/1169
f 2324/4962/1176 2318/4952/1170 2320/4953/1171 2326/4963/1177
f 2326/4964/1177 2320/4954/1171 2319/4957/1172 2325/4965/1178
f 2321/4958/1173 2327/4966/1179 2329/4967/1180 2323/4959/1174
f 2323/4968/1174 2329/4969/1180 2328/4970/1181 2322/4971/1175
f 2330/4972/1182 2324/4962/1176 2326/4963/1177 2332/4973/1183
f 2332/4974/1183 2326/4975/1177 2325/4976/1178 2331/4977/1184
f 2327/4966/1179 2333/4978/1185 2335/4979/1186 2329/4967/1180
f 2329/4969/1180 2335/4980/1186 2334/4981/1187 2328/4970/1181
f 2336/4982/1188 2330/4972/1182 2332/4973/1183 2338/4983/1189
f 2338/4984/1189 2332/4974/1183 2331/4977/1184 2337/4985/1190
f 2333/4978/1185 2339/4986/1191 2341/4987/1192 2335/4979/1186
f 2335/4988/1186 2341/4989/1192 2340/4990/1193 2334/4991/1187
f 2342/4992/1194 2336/4982/1188 2338/4983/1189 2344/4993/1195
f 2344/4994/1195 2338/4995/1189 2337/4996/1190 2343/4997/1196
f 2339/4986/1191 2345/4998/1197 2347/4999/1198 2341/4987/1192
f 2341/4989/1192 2347/5000/1198 2346/5001/1199 2340/4990/1193
f 2348/5002/1200 2342/4992/1194 2344/4993/1195 2350/5003/1201
f 2350/5004/1201 2344/4994/1195 2343/4997/1196 2349/5005/1202
f 2345/4998/1197 2303/4930/1155 2305/4933/1158 2347/4999/1198
f 2347/5006/1198 2305/4934/1158 2304/4937/1160 2346/5007/1199
f 2306/4939/1162 2348/5002/1200 2350/5003/1201 2308/4940/1163
f 2308/4943/1163 2350/5008/1201 2349/5009/1202 2307/4944/1165
f 2303/4930/1155 2345/4998/1197 2339/4986/1191 2333/4978/1185 2327/4966/1179 2321/4958/1173 2315/4946/1167 2309/4931/1156
f 2304/4937/1160 2310/4936/1159 2313/4945/1166 2307/4944/1165
f 2346/5007/1199 2304/4937/1160 2307/4944/1165 2349/5009/1202
f 2312/4938/1161 2318/4952/1170 2324/4962/1176 2330/4972/1182 2336/4982/1188 2342/4992/1194 2348/5002/1200 2306/4939/1162
f 2310/4951/1159 2316/4950/1169 2319/4957/1172 2313/4956/1166
f 2316/4950/1169 2322/4961/1175 2325/4965/1178 2319/4957/1172
f 2322/4971/1175 2328/4970/1181 2331/4977/1184 2325/4976/1178
f 2328/4970/1181 2334/4981/1187 2337/4985/1190 2331/4977/1184
f 2334/4991/1187 2340/4990/1193 2343/4997/1196 2337/4996/1190
f 2340/4990/1193 2346/5001/1199 2349/5005/1202 2343/4997/1196
f 2355/5010/1203 2360/5011/1203 2362/5012/1204 2357/5013/1204
f 2357/5013/1204 2362/5012/1204 2361/5014/1205 2358/5015/1205
f 2358/5015/1205 2361/5014/1205 2359/5016/1206 2356/5017/1206
f 2351/5018/1207 2364/5019/1207 2366/5020/1208 2353/5021/1208
f 2353/5022/1208 2366/5023/1208 2365/5024/1209 2354/5025/1209
f 2354/5025/1209 2365/5024/1209 2363/5026/1210 2352/5027/1210
f 2371/5028/1211 2376/5029/1211 2378/5030/1212 2373/5031/1212
f 2373/5032/1212 2378/5033/1212 2377/5034/1213 2374/5035/1213
f 2374/5035/1213 2377/5034/1213 2375/5036/1214 2372/5037/1214
f 2367/5038/1215 2380/5039/1215 2382/5040/1216 2369/5041/1216
f 2369/5041/1216 2382/5040/1216 2381/5042/1217 2370/5043/1217
f 2370/5043/1217 2381/5042/1217 2379/5044/1218 2368/4650/1218
f 2137/5045/1030 2136/5046/1030 2135/5047/1030 2153/5048/1030 2152/5049/1030 2154/5050/1030 2151/5051/1030 2155/5052/1030 2150/5053/1030 2156/5054/1030 2149/5055/1030 2148/5056/1030 2147/5057/1030 2146/5058/1030 2145/5059/1030 2144/5060/1030 2143/5061/1030 2142/5062/1030 2141/5063/1030 2140/5064/1030 2139/4700/1030 2075/4699/1030 2077/5065/1030 2079/5066/1030 2081/5067/1030 2083/5068/1030 2085/5069/1030 2087/5070/1030 2089/5071/1030 2091/5072/1030 2093/5073/1030 2095/5074/1030 2351/5075/1030 2353/5076/1030 2354/5077/1030 2352/5078/1030 2355/5079/1030 2357/5080/1030 2358/5081/1030 2356/5082/1030 2097/5083/1030 2099/5084/1030 2101/5085/1030 2103/5086/1030 2105/5087/1030 2107/5088/1030 2109/5089/1030 2111/5090/1030 2061/5091/1030 2063/5092/1030 2065/5093/1030 2067/5094/1030 2069/5095/1030 2071/5096/1030 2073/4698/1030 2138/4697/1030
f 2360/5011/1203 2355/5010/1203 2352/5027/1210 2363/5026/1210
f 2096/5097/1049 2364/5019/1207 2351/5018/1207 2095/5098/1049
f 2356/5099/1206 2359/5100/1206 2098/5101/1050 2097/5102/1050
f 2064/5103/1031 2062/5104/1031 2112/5105/1031 2110/5106/1031 2108/5107/1031 2106/5108/1031 2104/5109/1031 2102/5110/1031 2100/5111/1031 2098/5112/1031 2359/5113/1031 2361/5114/1031 2362/5115/1031 2360/5116/1031 2363/5117/1031 2365/5118/1031 2366/5119/1031 2364/5120/1031 2096/5121/1031 2094/5122/1031 2092/5123/1031 2090/5124/1031 2088/5125/1031 2086/5126/1031 2084/5127/1031 2082/5128/1031 2080/5129/1031 2078/5130/1031 2076/4690/1031 2117/4689/1031 2118/5131/1031 2119/5132/1031 2120/5133/1031 2121/5134/1031 2122/5135/1031 2123/5136/1031 2124/5137/1031 2125/5138/1031 2126/5139/1031 2127/5140/1031 2134/5141/1031 2128/5142/1031 2133/5143/1031 2129/5144/1031 2132/5145/1031 2130/5146/1031 2131/5147/1031 2113/4694/1031 2070/4693/1031 2068/5148/1031 2066/5149/1031
f 2233/5150/1030 2234/4824/1030 2169/4827/1030 2167/5151/1030 2165/5152/1030 2163/5153/1030 2161/5154/1030 2159/5155/1030 2157/5156/1030 2207/5157/1030 2205/5158/1030 2203/5159/1030 2201/5160/1030 2199/5161/1030 2197/5162/1030 2195/5163/1030 2193/5164/1030 2371/5165/1030 2373/5166/1030 2374/5167/1030 2372/5168/1030 2367/5169/1030 2369/5170/1030 2370/5171/1030 2368/5172/1030 2191/5173/1030 2189/5174/1030 2187/5175/1030 2185/5176/1030 2183/5177/1030 2181/5178/1030 2179/5179/1030 2177/5180/1030 2175/5181/1030 2173/5182/1030 2171/4826/1030 2235/4825/1030 2236/5183/1030 2237/5184/1030 2238/5185/1030 2239/5186/1030 2240/5187/1030 2241/5188/1030 2242/5189/1030 2243/5190/1030 2244/5191/1030 2245/5192/1030 2252/5193/1030 2246/5194/1030 2251/5195/1030 2247/5196/1030 2250/5197/1030 2248/5198/1030 2249/5199/1030 2231/5200/1030 2232/5201/1030
f 2375/5036/1214 2380/5039/1215 2367/5038/1215 2372/5037/1214
f 2192/5202/1098 2191/5203/1098 2368/5204/1218 2379/5205/1218
f 2371/5028/1211 2193/5206/1099 2194/5207/1099 2376/5029/1211
f 2160/5208/1031 2162/5209/1031 2164/5210/1031 2166/4819/1031 2209/4818/1031 2227/5211/1031 2226/5212/1031 2228/5213/1031 2225/5214/1031 2229/5215/1031 2224/5216/1031 2230/5217/1031 2223/5218/1031 2222/5219/1031 2221/5220/1031 2220/5221/1031 2219/5222/1031 2218/5223/1031 2217/5224/1031 2216/5225/1031 2215/5226/1031 2214/5227/1031 2213/4823/1031 2172/4822/1031 2174/5228/1031 2176/5229/1031 2178/5230/1031 2180/5231/1031 2182/5232/1031 2184/5233/1031 2186/5234/1031 2188/5235/1031 2190/5236/1031 2192/5237/1031 2379/5238/1031 2381/5239/1031 2382/5240/1031 2380/5241/1031 2375/5242/1031 2377/5243/1031 2378/5244/1031 2376/5245/1031 2194/5246/1031 2196/5247/1031 2198/5248/1031 2200/5249/1031 2202/5250/1031 2204/5251/1031 2206/5252/1031 2208/5253/1031 2158/5254/1031
o nail
v -0.044731 -0.000000 -0.000000
v -0.000269 0.000000 -0.000569
v -0.000269 -0.000402 -0.000402
v -0.000269 -0.000569 -0.000000
v -0.000269 -0.000402 0.000402
v -0.000269 0.000000 0.000569
v -0.000269 0.000402 0.000402
v -0.000269 0.000569 -0.000000
v -0.000269 0.000402 -0.000402
v -0.000269 -0.000884 -0.000884
v -0.000269 0.000000 -0.001250
v -0.000269 -0.001250 0.000000
v -0.000269 -0.000884 0.000884
v -0.000269 0.000000 0.001250
v -0.000269 0.000884 0.000884
v -0.000269 0.001250 0.000000
v -0.000269 0.000884 -0.000884
v 0.000269 -0.000884 -0.000884
v 0.000269 0.000000 -0.001250
v 0.000269 -0.001250 0.000000
v 0.000269 -0.000884 0.000884
v 0.000269 0.000000 0.001250
v 0.000269 0.000884 0.000884
v 0.000269 0.001250 0.000000
v 0.000269 0.000884 -0.000884
v -0.039967 -0.000000 -0.000569
v -0.039967 -0.000402 -0.000402
v -0.039967 -0.000569 -0.000000
v -0.039967 -0.000402 0.000402
v -0.039967 -0.000000 0.000569
v -0.039967 0.000402 0.000402
v -0.039967 0.000569 -0.000000
v -0.039967 0.000402 -0.000402
vn -0.0585 -0.0000 -0.9983
vn -0.0000 -0.0000 -1.0000
vn -0.0000 -0.7071 -0.7071
vn -0.0585 -0.7059 -0.7059
vn -0.0000 -1.0000 -0.0000
vn -0.0585 -0.9983 -0.0000
vn -0.0000 -0.7071 0.7071
vn -0.0585 -0.7059 0.7059
vn -0.0000 -0.0000 1.0000
vn -0.0585 -0.0000 0.9983
vn -0.0000 0.7071 0.7071
vn -0.0585 0.7059 0.7059
vn -0.0000 1.0000 -0.0000
vn -0.0585 0.9983 -0.0000
vn -1.0000 -0.0000 -0.0000
vn -0.0000 0.7071 -0.7071
vn -0.0585 0.7059 -0.7059
vn 1.0000 -0.0000 -0.0000
vt 0.008002 0.726047
vt 0.008002 0.774064
vt 0.007630 0.774078
vt 0.007630 0.726061
vt 0.007103 0.774078
vt 0.007103 0.726061
vt 0.007451 0.670982
vt 0.007451 0.718999
vt 0.007078 0.719013
vt 0.007078 0.670995
vt 0.006551 0.719013
vt 0.006551 0.670995
vt 0.000915 0.722388
vt 0.000915 0.674370
vt 0.001287 0.674357
vt 0.001287 0.722374
vt 0.001814 0.674357
vt 0.001814 0.722374
vt 0.012078 0.998681
vt 0.012078 0.998154
vt 0.012839 0.997838
vt 0.012839 0.998996
vt 0.007451 0.713240
vt 0.007451 0.665223
vt 0.007823 0.665209
vt 0.007823 0.713226
vt 0.008351 0.665209
vt 0.008351 0.713226
vt 0.010555 0.993115
vt 0.010573 0.991958
vt 0.011223 0.991967
vt 0.011205 0.993125
vt 0.010806 0.998681
vt 0.011178 0.999054
vt 0.010863 0.999815
vt 0.010044 0.998996
vt 0.011705 0.997781
vt 0.011178 0.997781
vt 0.010863 0.997019
vt 0.012021 0.997019
vt 0.011705 0.999054
vt 0.012021 0.999815
vt 0.010806 0.998154
vt 0.010044 0.997838
vt 0.008067 0.999815
vt 0.007248 0.998996
vt 0.007248 0.997838
vt 0.008067 0.997019
vt 0.009225 0.997019
vt 0.010044 0.998996
vt 0.009225 0.999815
vt 0.010555 0.991148
vt 0.010538 0.992306
vt 0.009887 0.992296
vt 0.009905 0.991138
vt 0.012274 0.993308
vt 0.012256 0.994466
vt 0.011606 0.994456
vt 0.011623 0.993298
vt 0.011223 0.993115
vt 0.011241 0.991958
vt 0.011891 0.991967
vt 0.011873 0.993125
vt 0.010555 0.991138
vt 0.011205 0.991148
vt 0.010555 0.993125
vt 0.009905 0.993115
vt 0.012274 0.995285
vt 0.011623 0.995275
vt 0.011223 0.991138
vt 0.011873 0.991148
vt 0.008087 0.719012
vt 0.001551 0.728160
vt 0.006815 0.665209
vt 0.007366 0.720275
s 1
usemtl instruments
f 2408/5255/1219 2384/5256/1220 2385/5257/1221 2409/5258/1222
f 2409/5258/1222 2385/5257/1221 2386/5259/1223 2410/5260/1224
f 2410/5261/1224 2386/5262/1223 2387/5263/1225 2411/5264/1226
f 2411/5264/1226 2387/5263/1225 2388/5265/1227 2412/5266/1228
f 2412/5267/1228 2388/5268/1227 2389/5269/1229 2413/5270/1230
f 2413/5270/1230 2389/5269/1229 2390/5271/1231 2414/5272/1232
f 2391/5273/1233 2390/5274/1233 2398/5275/1233 2399/5276/1233
f 2414/5277/1232 2390/5278/1231 2391/5279/1234 2415/5280/1235
f 2415/5280/1235 2391/5279/1234 2384/5281/1220 2408/5282/1219
f 2393/5283/1220 2399/5284/1234 2407/5285/1234 2401/5286/1220
f 2386/5287/1233 2385/5288/1233 2392/5289/1233 2394/5290/1233
f 2389/5291/1233 2388/5292/1233 2396/5293/1233 2397/5294/1233
f 2384/5295/1233 2391/5273/1233 2399/5276/1233 2393/5296/1233
f 2385/5288/1233 2384/5295/1233 2393/5296/1233 2392/5289/1233
f 2387/5297/1233 2386/5287/1233 2394/5290/1233 2395/5298/1233
f 2390/5274/1233 2389/5291/1233 2397/5294/1233 2398/5275/1233
f 2388/5292/1233 2387/5297/1233 2395/5298/1233 2396/5293/1233
f 2400/5299/1236 2401/5300/1236 2407/5301/1236 2406/5302/1236 2405/5303/1236 2404/5298/1236 2403/5304/1236 2402/5305/1236
f 2398/5306/1231 2397/5307/1229 2405/5308/1229 2406/5309/1231
f 2396/5310/1227 2395/5311/1225 2403/5312/1225 2404/5313/1227
f 2394/5314/1223 2392/5315/1221 2400/5316/1221 2402/5317/1223
f 2399/5284/1234 2398/5318/1231 2406/5319/1231 2407/5285/1234
f 2397/5307/1229 2396/5320/1227 2404/5321/1227 2405/5308/1229
f 2395/5311/1225 2394/5322/1223 2402/5323/1223 2403/5312/1225
f 2392/5315/1221 2393/5324/1220 2401/5325/1220 2400/5316/1221
f 2383/5326/1233 2415/5280/1235 2408/5282/1219
f 2383/5326/1233 2414/5277/1232 2415/5280/1235
f 2383/5327/1233 2413/5270/1230 2414/5272/1232
f 2383/5327/1233 2412/5267/1228 2413/5270/1230
f 2383/5328/1233 2411/5264/1226 2412/5266/1228
f 2383/5328/1233 2410/5261/1224 2411/5264/1226
f 2383/5329/1233 2409/5258/1222 2410/5260/1224
f 2383/5329/1233 2408/5255/1219 2409/5258/1222
